conversation_id,tweet_ids,created_at_list,tweet_texts,human_summary,elapsed_time
b065262210783596c1fe79466b8f8985,"[87068, 87069, 87072, 87076]","{87068: Timestamp('2017-11-30 14:29:00+0000', tz='UTC'), 87069: Timestamp('2017-11-30 08:46:32+0000', tz='UTC'), 87072: Timestamp('2017-11-28 22:13:56+0000', tz='UTC'), 87076: Timestamp('2017-11-28 20:45:52+0000', tz='UTC')}","So neither my iPhone nor my Apple Watch are recording my steps/activity, and Health doesn’t recognise either source anymore for some reason. Any ideas? https://t.co/m9DPQbkftD @135060 Thank you. Have you tried restarting both devices since this started happening? @AppleSupport Yes, everything seems fine, it’s just Health and activity. @135060 Let’s move to DM and look into this a bit more. When reaching out in DM, let us know when this first started happening please. For example, did it start after an update or after installing a certain app? https://t.co/GDrqU22YpT","Health and activity functions are not working with the smartwatch and phone. Asks if the customer had restarted the items, offers to take this to DM to help resolve the issue.",1 days 17:43:08
1e1d8fd4f95c984fb78687c9e946dc97,"[607293, 607296, 607297, 607297]","{607293: Timestamp('2017-11-22 12:16:27+0000', tz='UTC'), 607296: Timestamp('2017-11-22 11:29:30+0000', tz='UTC'), 607297: Timestamp('2017-11-22 11:19:41+0000', tz='UTC')}","@115850 hi team! i m planning to get Apple AirPods ! it shows on the website it has 10 days replacement warranty, can u explain me what is it ? @264322 We've a 10days replacement policy if the item you received is damaged or defective. ^SH @264322 Yes, headsets/ earphones are not eligible for remorse returns. In case of any damage/ defect you can reach out to us, we'll check and help you accordingly. ^VN",Customer is eager to know about the replacement policy on the earphones he wishes to buy. Agent stated that it only applies if the received item is defective or damaged.,0 days 00:56:46
b5773077fa55c381260390472deff4c2,"[428555, 428556, 739293, 739295]","{428555: Timestamp('2017-10-10 13:33:05+0000', tz='UTC'), 428556: Timestamp('2017-10-10 12:32:30+0000', tz='UTC'), 739293: Timestamp('2017-10-18 15:22:17+0000', tz='UTC'), 739295: Timestamp('2017-10-18 15:38:19+0000', tz='UTC')}","@AskAmex Where do I write to address a customer service issue to higher management? @216929 Hi Chris. Which U.S. based card is this concerning? Please do not release any personal or card information. ^Clarissa @AskAmex Signed up for new card with Delta to book immediately book tix. Card number didn't come up. Customer svce refused to help. @216929 Good morning, thanks for reaching out. Please call our New Accounts Team at 877-399-3086, for assistance. They're available,",Customer having a query about delta card. Agent inform to contact New accounts Team.,8 days 03:05:49
3574d6b4418cb546a90d1561bacd66a2,"[587935, 587938, 587939, 587942, 587942]","{587935: Timestamp('2017-12-03 15:55:31+0000', tz='UTC'), 587938: Timestamp('2017-12-03 15:34:48+0000', tz='UTC'), 587939: Timestamp('2017-12-03 16:28:00+0000', tz='UTC'), 587942: Timestamp('2017-12-03 15:25:04+0000', tz='UTC')}","@AmazonHelp @115821 Wow, expected 4 packages yesterday, but only 2 showed up. 50% failure rate-not impressed. Glad I paid for fast shipping. @AmazonHelp @115821 Last month driver delivered box, sat in van for 10 min on phone, and drove off. Then got notice that package was ""lost in transit"". @258930 I'm sorry you only received two of the orders. Is this happening with the same carrier each time? We can see what options are available for the lost items, reach us by phone or chat here: https://t.co/hApLpMlfHN ^MG @258930 Okay, thanks for that info, Dave. Have you received any updates via e-mail for the last two packages you were expecting? Let us know. We'd like to help in any way we can! ^SM",The customer have a problem. The agent is very cordial and offers to follow up on the case.,0 days 01:02:56
f30d2bbc15e7ff32244761b38b67d160,"[861405, 861406]","{861405: Timestamp('2017-10-13 14:20:19+0000', tz='UTC'), 861406: Timestamp('2017-10-13 14:38:26+0000', tz='UTC')}",@GWRHelp App. I havent been able to purchase a ticket since your insane revamp. It worked perfectly before and now it's an absolute sh*tshow. @324537 Sorry to see this - I'll report to our Development team. Can you use mobile or desktop site in the meantime? Phil.,Customer cannot purchase a train ticket on the rail providers site since the revamp. Will report the issue to the development team.,0 days 00:18:07
20327b84e8b6c205b7ad7e56b2861c66,"[1044017, 1044026, 1044029]","{1044017: Timestamp('2017-10-23 09:12:29+0000', tz='UTC'), 1044026: Timestamp('2017-10-24 04:30:14+0000', tz='UTC'), 1044029: Timestamp('2017-10-23 09:36:20+0000', tz='UTC')}","@115802 @AirAsiaSupport doesn’t seem like a customer’s time/money is of value to you! just because you are a low-cost carrier!? Nvr again!! @366867 Sorry for the delay, Saim. Flight Change is subject to Change Fee (per person/per flight) at https://t.co/jNMqRBUZdx plus &gt;&gt; @AirAsiaSupport as a basic courtesy and for customer satisfaction u can take so little of efforts... remember a satisfied customer is a best marketing",The client is visibly upset with the service. The agent cannot help the customer.,0 days 19:17:45
78dcc694d8c4a59a870ef61b746994f7,"[1004500, 1004501, 1004502]","{1004500: Timestamp('2017-10-22 11:58:47+0000', tz='UTC'), 1004501: Timestamp('2017-10-21 22:25:34+0000', tz='UTC'), 1004502: Timestamp('2017-10-21 22:14:54+0000', tz='UTC')}","I don't know what @Tesco have done to their website, but it's crawling and crashing on my machine with 16 cores and 24 GB RAM. @Tesco So the problem appears to be that Firefox is running at 100% CPU for the @Tesco website tab. This is suboptimal. @357759 Hi Iain, I would like to log your feedback for our IT team, could you please DM your full name, address and postcode? Thanks - Dani",Tesco's website is badly set up and crashing a person's computer. The agent asks for intrusive personal details to log the problem which the customer refuses to provide  so the agent does not do anything helpful at all.,0 days 13:43:53
6fc68bfd953819cf6ec1329b4e6831ac,"[411383, 411386, 411389, 411390, 411393]","{411383: Timestamp('2017-10-10 13:03:05+0000', tz='UTC'), 411386: Timestamp('2017-10-09 23:40:22+0000', tz='UTC'), 411389: Timestamp('2017-10-09 23:12:15+0000', tz='UTC'), 411390: Timestamp('2017-10-09 23:00:33+0000', tz='UTC'), 411393: Timestamp('2017-10-09 22:41:21+0000', tz='UTC')}","@USCellularCares when is thrtr going to be an android update last one was April? @213129 The current android version for the Galaxy S7 is 7.0.0 and the base band version is G930R4TYU4BQE1. Is that what you have? ^KJ @USCellularCares Yes but why is it still on April when there is a September from samsung @213129 I have contacted Samsung and the current version is the most recent available for this phone at this time. ^KJ @213129 Bob, once Samsung shares the updates with us, we will then share them with customers. ^AW",Customer is enquiry about the latest android version of samsung. Agent inform that they will going to update once samsung updates.,0 days 14:21:44
01a14bf0dff4f25a0ee571acf08d779e,"[228023, 228025, 228026, 228027, 228030]","{228023: Timestamp('2017-10-08 03:40:47+0000', tz='UTC'), 228025: Timestamp('2017-10-08 03:43:45+0000', tz='UTC'), 228026: Timestamp('2017-10-08 01:35:58+0000', tz='UTC'), 228027: Timestamp('2017-10-08 01:34:58+0000', tz='UTC'), 228030: Timestamp('2017-10-08 15:04:47+0000', tz='UTC')}","@XboxSupport I don't know what a game tag is. My question is I want to buy on Amazon a game for Xbox one for some1 without Xbox live. Can I? @XboxSupport Like can I purchase/use a digital Xbox one game off Amazon without Xbox live membership. There person does have internet access @170371 Gotcha. Some game titles do require an active internet connection in order to install updates, however, if they put 1/2 ^JA @XboxSupport That didn't answer my question. If I buy a digital code of Forza horizon 3 from Amazon do I need Xbox live membership to install &amp; keep game @170371 If you purchase a digital game, you would not need an Xbox Live Gold subscription to keep it: https://t.co/7It5WcIV3z  ^EZ",Customer is asking whether he needs to install Xbox live membership if he buy a digital code. Agent updated that there is no need of Xbox live gold subscription if they purchase a digital game.,0 days 13:29:49
d63f8327d930c484d1a1e5b2c919315c,"[281388, 281390, 281395]","{281388: Timestamp('2017-10-06 11:22:26+0000', tz='UTC'), 281390: Timestamp('2017-10-06 11:11:16+0000', tz='UTC'), 281395: Timestamp('2017-10-06 11:55:30+0000', tz='UTC')}","@AmazonHelp ok, I need to change the shipping address on some shipments, I just realized they're going to the wrong place. @183043 If the order hasn't entered the shipping process then you can edit the address
https://t.co/cQ5AQodpK3 ^KM @183043 Please allow the seller a bit longer to respond. ^AT","Customer wants to change address ordered items are shipped to, and it only updated for 2 out of 3 items. The third items is with a seller on the site who will need a bit longer to respond and do the update.",0 days 00:44:14
08faf4ed9a4ba7d62725d72ddd974674,"[1164485, 1208913, 1208915]","{1164485: Timestamp('2017-10-24 17:39:35+0000', tz='UTC'), 1208913: Timestamp('2017-10-27 16:52:57+0000', tz='UTC'), 1208915: Timestamp('2017-10-27 16:52:10+0000', tz='UTC')}","Bought these biscuits a couple of weeks ago, only just opened and looked at the best before date... @49975 @393926 Is there a barcode on the tin anywhere? If there is, could you take a pic and DM it to us please &amp; also  let us know how much they cost? 2/3 @393926 Once we have those, we'll explain what happens next. Cheers, Steve :) 3/3",Customer bought a tin of biscuits and the use by date was old. Wants a photo of the tin and date and how much they cost then they'll explain what happens next.,2 days 23:13:22
e4e792473968e59f462a339f279772c4,"[46157, 46159]","{46157: Timestamp('2017-11-30 18:46:52+0000', tz='UTC'), 46159: Timestamp('2017-11-30 18:36:38+0000', tz='UTC')}",@116245 how do I make a complaint? You lot are shit @126239 Could you please DM us with more information with regards to your complaint. - Zeeshan,The customer has a big problem and is visibly upset about it. The agent tries to handle the situation in the most professional way possible.,0 days 00:10:14
36686816af9b1c053d72b68acc2311a6,"[1429152, 1429365, 1429370, 1429373]","{1429152: Timestamp('2017-11-02 06:26:06+0000', tz='UTC'), 1429365: Timestamp('2017-11-02 06:45:56+0000', tz='UTC'), 1429370: Timestamp('2017-11-02 07:31:36+0000', tz='UTC'), 1429373: Timestamp('2017-11-02 06:31:22+0000', tz='UTC')}","@SW_Help morning - when's the next train at Fulwell? Info board is frozen on 'delayed '..website shows on time! @451959 The delayed 06:23 should be with you at 06:41 and will be running fast from Teddington to Waterloo ^JM @SW_Help ...and the info sign showing no information? @451959 Thanks for the info Rhys, we'll report this fault. ^JH",Wants to know the time of the next train because the info board at the station is just showing delayed. Gives the time of the required train and will report the fault of the display board.,0 days 01:05:30
58e3bd95a270418d9fd823c4771f8641,"[39222, 39224, 39225, 39226]","{39222: Timestamp('2017-11-01 15:33:49+0000', tz='UTC'), 39224: Timestamp('2017-11-01 15:51:00+0000', tz='UTC'), 39225: Timestamp('2017-11-01 19:07:44+0000', tz='UTC'), 39226: Timestamp('2017-11-01 19:09:53+0000', tz='UTC')}",@AskeBay My sisters account has been locked as it has been linked to an account with a negative balance though this is not possible!!! @124579 We’d be happy to look into it further. Have your sister call in or reach out to us here or on Facebook. ^M @AskeBay She don’t have twitter and your call centers have been ABSOLUTELY useless @124579 Calling in will be the fastest way to resolve any issues or if she has a Facebook acct she can reach out to us there. Thanks! M,The customer have a big problem. The agent tried to solve the problem and offers choices to the customer.,0 days 03:36:04
51423ed0d89ade7daac40961d054f3ee,"[1709531, 1709531, 1709534, 1709537]","{1709531: Timestamp('2017-11-07 01:40:16+0000', tz='UTC'), 1709534: Timestamp('2017-11-07 01:51:16+0000', tz='UTC'), 1709537: Timestamp('2017-11-07 00:50:06+0000', tz='UTC')}","@AmericanAir cancelled flight last night and now delayed flight tonight in CLT. Plane is @ gate and still delayed. #keepingtothebadservicerecord @AmericanAir So as I learned the original crew got into a fight with the cleaning crew.  The flight required a police report. This, ur crew delayed a whole flight over an issue that likely wasn’t an issue. #bad @158161 We see that you're now boarding with an estimated departure of 9:10p. Our apologies for the disruptions to your travels this evening.","Flight delayed due to crew fighting, the company not keeping customers updated with expected departure time. Provides an estimated departure time but only as the customer is boarding so would have that information already.",0 days 01:01:10
3485760e07a49771e073f91242ca17ea,"[779245, 779247]","{779245: Timestamp('2017-10-12 05:14:32+0000', tz='UTC'), 779247: Timestamp('2017-10-12 04:56:28+0000', tz='UTC')}","Hey! @115850 Amazon pantry order was late by 7 days so i cancelled it, but i m still being asked 2 wait 4 refund. Can u help? @AmazonHelp @306104 Apologies for the unpleasant experience. Kindly share your details here: https://t.co/GIJyeYqKE0 and I'll contact you. ^GS",Amazon pantry order was delayed by 7 days but refund is being held up. Looking into the problem.,0 days 00:18:04
7d4115d8a17e573a03addd3903a4467d,"[1306422, 1306423, 1306423, 1306423, 1306426]","{1306422: Timestamp('2017-10-27 09:50:12+0000', tz='UTC'), 1306423: Timestamp('2017-10-27 02:28:01+0000', tz='UTC'), 1306426: Timestamp('2017-10-27 10:30:28+0000', tz='UTC')}",@115850 purchased prime membership by adding gift card to pay balance . Will i eligible for rs. 250 cashback. Contact 9899955881 @AmazonHelp 24th Oct . You can check this in my account details 24th oct 2017 . Please tell me whether I am eligible for Rs. 250 cashback. @425293 Kindly share your details here: https://t.co/GIJyeYqKE0 and I'll look into this. ^SG,Customer bought prime membership with a gift card and wants to know if he is eligible for the cashback offer. Offers a link to a secure place to look into this issue.,0 days 08:02:27
b50df8ee981a32af08b95b935a85e7b1,"[2613577, 2613581, 2613584]","{2613577: Timestamp('2017-11-17 11:57:43+0000', tz='UTC'), 2613581: Timestamp('2017-11-17 15:21:28+0000', tz='UTC'), 2613584: Timestamp('2017-11-17 15:33:44+0000', tz='UTC')}","@Tesco absolutely appalled by the fact that Tesco don’t believe that 90% girls shoes and 10% boys is not sexism! Are boys not entitled to dry warm feet same as girls? If not why not?! @738870 Hi Lucinda. I'm sorry you feel this way, I appreciate your frustration. We flex our space, and range, to support customer needs and perennial trends. We manage stock to each store to ensure we are giving a balanced offer. 1/2 @Tesco So you’re saying girls needed a choice of over 10 boots &amp; 8 trainers and 10 shoes boys only need one pair of boots and no shoes or trainers? Because that’s what your advertising. It is sexism &amp; appalling of you to do this! Boys require clothes &amp; choice just as much as girls!",Customer is visibly frustrated at not getting enough variety. The agent tries to deal with the client in the best way.,0 days 03:36:01
e7246842b6e3b27eaf5a3e9675a3d8f4,"[552332, 552334, 552335]","{552332: Timestamp('2017-12-02 19:30:09+0000', tz='UTC'), 552334: Timestamp('2017-12-02 19:44:53+0000', tz='UTC'), 552335: Timestamp('2017-12-02 19:14:26+0000', tz='UTC')}","Dear @115714, your website is very jacked at the moment. Just thought you might want to know. @248786 Hey, thank you for bringing this up to our attention. What seems to be the issue? Are you experiencing any error on https://t.co/0qT1rLBLtN? -MP @sprintcare Logged into my account and trying to change plans. Keep getting error messages and the site keeps asking me to log back in/pages crashing.",The customer has a problem with the website. The agent tries to solve the problem but in the end must escalate it to a higher level.,0 days 00:30:27
3f775aa4af209aeb2dd831581df6085f,"[2904108, 2904108, 2904110, 2904111]","{2904108: Timestamp('2017-11-28 19:00:34+0000', tz='UTC'), 2904110: Timestamp('2017-11-28 17:18:15+0000', tz='UTC'), 2904111: Timestamp('2017-11-28 23:56:20+0000', tz='UTC')}","@British_Airways how long is it before you contact someone who's  taken my bag by mistake. I've got a lost luggage ref number. Got told today that a similar bag got left so that's who probably has mine. I've got the majority of my clothes in it and want them back asap. @804290 We're sorry, Dan. If we delivered your bag to the carousel and someone else picked it up we're not responsible for contacting them on your behalf. However, if there's been a bag left behind we'll do all we can to get in touch with that customer for them to retrieve it. ^Julie @804290 Hi Dan, I can appreciate your frustration. Unfortunately, we're unable to do anything until your bag has been returned, as you already know. You could contact the police and report your bag as stolen, or file a lost bag claim with your travel insurance company. ^Linds","Someone else has taken their bag after a flight and left their own similar case and wants to know when BA will contact the customer, also asks when they can make an insurance claim. Says that BA will not take any steps to contact the person to return the mistaken bag and that the customer could contact the police and report their bag stolen.",0 days 06:38:05
85a21f70bdfbab50e06bbb7c9382a5f0,"[863882, 863886]","{863882: Timestamp('2017-10-20 17:36:17+0000', tz='UTC'), 863886: Timestamp('2017-10-20 18:05:01+0000', tz='UTC')}",@AmazonHelp Money was taken from my debit card for services I’ve never even used or received and now my money was put on another card? Yea ok @325154 I'm so sorry for the poor experience. We'd like another chance to look into it with you via phone: https://t.co/hApLpMlfHN ^WJ,Customer is complaining about the money deducted from his/her card. Agent stated that they will connect through phone and resolve the issue.,0 days 00:28:44
18fde5ce603781032fbb6321c244492b,"[1208994, 1208995]","{1208994: Timestamp('2017-10-25 11:16:33+0000', tz='UTC'), 1208995: Timestamp('2017-10-25 11:42:34+0000', tz='UTC')}","@AzureSupport https://t.co/2jHsaePBcF Is this the right link? Can you see my question with the title ""How to configure VPN Gateway in my virtual net of"" ? @283906 Got it, thanks. We have flagged these details with our team and someone will be in touch through the forum. ^FC",Needs instructions on how to configure the vpn gateway. Someone will respond through the forum.,0 days 00:26:01
ceb319ebaf53237f3c62e2ddc394a1f6,"[1352550, 1352552]","{1352550: Timestamp('2017-10-16 14:00:16+0000', tz='UTC'), 1352552: Timestamp('2017-10-16 10:06:50+0000', tz='UTC')}","Really wish @marksandspencer had more vegetarian options in their meal deals. Getting tired of only having one choice or none at all. @435421 We're limited by stock availability as to what we include in our promotions, but our team are looking into this. Thanks.",The client has many questions. The agent answers all questions even if they are not problems to solve.,0 days 03:53:26
1afb2f6d4668d5b1c70e531840c1633d,"[1464367, 1464370, 1464371, 1464372]","{1464367: Timestamp('2017-11-03 05:12:34+0000', tz='UTC'), 1464370: Timestamp('2017-11-02 17:05:11+0000', tz='UTC'), 1464371: Timestamp('2017-11-03 14:08:31+0000', tz='UTC'), 1464372: Timestamp('2017-11-02 17:03:40+0000', tz='UTC')}","@AppleSupport @115858 You’re gonna make everybody hard reset their phone because of your flawed update? It’s the worst yet. @AppleSupport @115858 Not being able to reply to a text without closing messages and reopening it.... @AppleSupport Please see my pictures in the original tweet. Also. My phone keeps freezing. @459691 Thanks for keeping us updated. Are you running iOS 11.1? Meet us over in DM with more details, and we’ll work there. https://t.co/GDrqU22YpT",Update to the phone means customer cannot reply to messages without first closing them and the apple store he went to couldn't solve it and recommended a hard reset. Offers to take the issue into DM to work with the customer to solve the problem.,0 days 21:04:51
ffd29b593b54262ff9638919b972feff,"[1441700, 1441703, 1441706, 1441710]","{1441700: Timestamp('2017-11-02 12:21:48+0000', tz='UTC'), 1441703: Timestamp('2017-11-02 12:30:11+0000', tz='UTC'), 1441706: Timestamp('2017-11-02 12:37:32+0000', tz='UTC'), 1441710: Timestamp('2017-11-02 10:51:39+0000', tz='UTC')}","@sainsburys bought a celcus tv from your Finchley store last year in December and it stopped working yesterday - can you repair it or change @454496 Can you confirm did you pay cash or card for the telvision? We accept credit/debit card statements as a proof of purchase. Steven @sainsburys Actually, I just checked my bank statements and I bought the tv in January 2017 and not dec 2016 and paid for it by card - £175 @454496 We would use the bank statements transaction ID to match our till receipts. If you return the television with your credit/debit card...1/2",Customer is asking to repair or change the television which is not working. Agent updated to return the television with their credit/debit card.,0 days 01:45:53
3bf3833589c6ca5790255a483c2b2a14,"[1453646, 1453647, 1453649]","{1453646: Timestamp('2017-11-04 14:52:56+0000', tz='UTC'), 1453647: Timestamp('2017-11-02 13:53:58+0000', tz='UTC'), 1453649: Timestamp('2017-10-31 01:45:49+0000', tz='UTC')}","@DellCares any idea why this happened to my laptop https://t.co/T053bbUOZl @DellCares I turned the pc off when it had the flickering issue, then turned it on again and now I no longer have the issue. @123518 Since the issue is not reoccurring, we will archive this case for now. Please reach out to us at your convenience and (1)","Customer is asking about the PC flickering and turned off issue. Agent stated that due to reoccuring of issue, they will archive the case.",4 days 13:07:07
c545b20ca76e7a441f36b9481a2216bd,"[1519523, 1519524, 1519530]","{1519523: Timestamp('2017-11-03 16:37:51+0000', tz='UTC'), 1519524: Timestamp('2017-11-03 16:53:11+0000', tz='UTC'), 1519530: Timestamp('2017-11-07 10:28:57+0000', tz='UTC')}","@O2 advertising you have the iPhone x, yet you have none to supply your customers, shambles and time to move to a new supplier @472429 Wait times can vary depending on the time you ordered &amp; the colour and size chosen. We'll get it out to you as soon as we can 👍 @472429 Your expected delivery date is the 20th Dec but if we can get it to you sooner we will. We'll drop you a text when it's ready.",Pre ordered the iPhone x but there are none available. Explains availability depends on exact model chosen and advises for this customer delivery date is 20th Dec.,3 days 17:51:06
b7fe5aeaa21cb8ba4620572560303e8a,"[428153, 428162, 428164]","{428153: Timestamp('2017-10-10 13:16:57+0000', tz='UTC'), 428162: Timestamp('2017-10-11 20:23:29+0000', tz='UTC'), 428164: Timestamp('2017-10-08 16:23:43+0000', tz='UTC')}",.@116035 if an ATM doesn't work because of suspicious activity out of your normal withdrawl zone why does it take $ out ur act???? @216832 Please use link below to send your full name/ZIP/phone/account type and we’ll follow up with you. ^mm @216832 I called back and left a message. Please let us know when is good time to call you. ^kc,Customer is asking about the denied transaction at the ATM he faced. Agent is requesting to know the right time to call the customer.,3 days 03:59:46
0678620dd8e83e596a4abadafaa0d287,"[644545, 644547, 644548, 644551]","{644545: Timestamp('2017-11-16 21:19:06+0000', tz='UTC'), 644547: Timestamp('2017-11-17 00:49:00+0000', tz='UTC'), 644548: Timestamp('2017-11-16 12:10:26+0000', tz='UTC'), 644551: Timestamp('2017-11-15 21:25:41+0000', tz='UTC')}","My touchpad stopped working after #FallCreatorsUpdate, and it is so persistent despite everything I tried including downloading vendor drivers, Synaptics drivers, all kinds of drivers. Still yellow exclamation mark. @MicrosoftHelps @272980 Let’s sort the touchpad issue by performing a clean boot, here’s how: https://t.co/hHv0WeY0ay. Let us know if you need further help. @MicrosoftHelps I performed a clean boot, tried installing vendor provided drivers, drivers downloaded from Synaptic website, Windows drivers (""I have a diskette"") None worked. Any other suggestions? I am using an HP notebook. @272980 Got it. For in-depth troubleshooting in resolving this issue, let's seek the help of our Answer Desk team. Contact them here: https://t.co/Wx596vGgdU. Kindly secure a service request number for reference.",Customer enquired that Touch pad is not working after Fall creator update. Agent updated to contact Answer Desk Team for resolving the issue.,1 days 03:23:19
3c0b23aa8c845ef968f765933f607227,"[468088, 468096]","{468088: Timestamp('2017-11-29 09:57:27+0000', tz='UTC'), 468096: Timestamp('2017-11-28 23:03:47+0000', tz='UTC')}",@MicrosoftHelps For the love of GOD what has your last update done to Word?? My fellow editors all notice the problems: lagging and freezing being the biggest ones. @226461 Let's get that resolved. You may check this article that may help you repair an Office application:https://t.co/FSPkrw0XpO. Let us know if it helps.,Word freezing after a Microsoft update. A link to repairing an office application.,0 days 10:53:40
d370b1e57be01797211b2f13751c2238,"[696292, 696295]","{696292: Timestamp('2017-11-23 18:57:09+0000', tz='UTC'), 696295: Timestamp('2017-11-23 12:58:11+0000', tz='UTC')}",@marksandspencer when you get an email to say your order is ready and waiting 😁 then get told to go away because it is 11.45am and you can’t have it until 12pm 😡 said I could wait but was told it still may not be ready..... 😳 @286137 Which store were you collecting from and did you manage to get your order before you let? 2/2,Customer arrived fifteen minutes early to pick up a package and was told it was unknown when the package would be ready for pick up. Agent asked which store gave the poor service and did the customer ever receive his package.,0 days 05:58:58
60fe8ec2badf091295ea5354954cb86a,"[147454, 147456, 147457, 147458]","{147454: Timestamp('2017-11-16 05:52:05+0000', tz='UTC'), 147456: Timestamp('2017-10-25 22:12:57+0000', tz='UTC'), 147457: Timestamp('2017-10-25 22:50:17+0000', tz='UTC'), 147458: Timestamp('2017-10-25 00:37:00+0000', tz='UTC')}","Hey @hulu_support, why are there episodes of @15710 season 7 missing? @149515 Episode 2 is unavailable at this time, but we've reached out to see if it may be possible to re-add it! @hulu_support Thank you for the response. Any idea on when it might be added?? @149515 Sorry--still no updates quite yet, but we'll continue sharing the interest in seeing it re-added for the future!",Customer enquired about the episodes of season 7 missing. Agent updated that episode 7 will try to checkout to re-add for the future.,22 days 05:15:05
11d64ad14007d0f26b628b3a2033d6ab,"[529100, 529101]","{529100: Timestamp('2017-11-29 18:48:31+0000', tz='UTC'), 529101: Timestamp('2017-11-29 18:28:20+0000', tz='UTC')}","@AmazonHelp No update weather product get cancelled or it will get deliver.its always taking time to get in touch with customer care.its to frustrating.@115850 @242510 As informed earlier, we cannot access your account/order details from social media. Also, I'm sorry to know you aren't able to connect to our support team. Please try arranging a call from us here: https://t.co/TK4yevTaND. ^NR",An item was attempted to be delivered but Amazon said refused delivery and customer wants to know if it will be redelivred. No order details can be accessed on social media.,0 days 00:20:11
3dbb4ef85f10c40f9cbbae3e4394ea83,"[423650, 423652, 423653, 423657]","{423650: Timestamp('2017-10-09 21:14:00+0000', tz='UTC'), 423652: Timestamp('2017-10-10 13:25:46+0000', tz='UTC'), 423653: Timestamp('2017-10-10 13:34:40+0000', tz='UTC'), 423657: Timestamp('2017-10-10 13:53:52+0000', tz='UTC')}","@GloCare Eleweran area of Abeokuta, Ogun State isn't enjoying this Gr8 network, especially Ogun State Police headquarters. What can be done? @GloCare The browsing and downloading speed in Eleweran area is very slow compared to Ibara area, Ibadan, Ijebu-ode and Lagos. @215859 Kindly select 3G only network; not Auto, on your device setting for better connection. Revert if issue persist.  TT @215859 Please select WCDMA only on it and revert with your experience.  TT",Downloading speed is very slow in the Eleweran area. Tells customer to select £G (which customer doesn't see in list) same with WCDMA setting.,0 days 16:39:52
69960fc2878b6ef8328ca87e2a2e80ef,"[877268, 877271]","{877268: Timestamp('2017-10-20 16:35:18+0000', tz='UTC'), 877271: Timestamp('2017-10-21 00:28:49+0000', tz='UTC')}","Getting a #BSOD when installing the latest win10 update on my @128786 Laptop https://t.co/R4O2qT3KYS @299162 Got it. To resolve a blue screen error, check this link: https://t.co/kvolOMZR1g. Keep us posted.",Win10 updated caused a BSOD error on laptop. Provided a link to resolve the blue screen error - and it worked!,0 days 07:53:31
ea76ce5bc441a52e98141dc4eda6f691,"[1609579, 1609580, 1609587]","{1609579: Timestamp('2017-11-05 10:40:24+0000', tz='UTC'), 1609580: Timestamp('2017-11-05 10:20:29+0000', tz='UTC'), 1609587: Timestamp('2017-11-05 11:38:57+0000', tz='UTC')}","@115830 @AmazonHelp are you ever gonna deliver my COD WW2 only pre ordered it in June!!! @AmazonHelp Friday which was the release date @494154 Orders can ship the day of delivery and still arrive on time. Please keep us posted, we want to help any way we can, Andrew! ^KN","COD WWII was pre-ordered to arrive on day of release but had not arrived. Items can be sent same day (but it didn't arrive, useless help so hard to put a good response in here).",0 days 01:18:28
373afaea00a355858b81cce36b3d21ba,"[2274496, 2274500]","{2274496: Timestamp('2017-11-10 12:01:44+0000', tz='UTC'), 2274500: Timestamp('2017-11-17 01:07:16+0000', tz='UTC')}","@AirAsiaSupport
I accidentaly put a wrong title for my niece name. Instead of MS. i put MR. Is it gonna be a problem because our booking is already confirmed @661578 We’ve amend accordingly. Please check your mailbox for the revised itinerary. Thanks-Sha",Customer identified niece as a male in error. Agent has corrected nieces title to female.,6 days 13:05:32
31afa12fd8fcd993ceff258af2ce5a36,"[851508, 851509, 851510, 851511]","{851508: Timestamp('2017-11-03 17:25:38+0000', tz='UTC'), 851509: Timestamp('2017-11-03 17:24:45+0000', tz='UTC'), 851510: Timestamp('2017-11-03 17:15:38+0000', tz='UTC'), 851511: Timestamp('2017-11-03 17:13:45+0000', tz='UTC')}","@AzureSupport Is there a similar console available for v7 Image Search API? (2) @322271 We recommend filing a free billing support case here: https://t.co/heO4tfFVts. Feel free to keep us updated.  2 ^PB @AzureSupport Thanks! I created a support request.Is Image Search v5 API still supported?My v5 image service that I had added to Dashboard is missing @322271 Honestly, I can't find a definitive answer to this other than there is still a pricing page for it. May be able to roll back. ^PB",V5 had an image service which is missing from the dashboard on V7. Can't find an answer but billing dept may be able to help.,0 days 00:11:53
ed9979736776815039160045d7ef37dd,"[498048, 498049, 498051]","{498048: Timestamp('2017-12-01 19:02:34+0000', tz='UTC'), 498049: Timestamp('2017-12-01 19:02:46+0000', tz='UTC'), 498051: Timestamp('2017-12-01 19:09:39+0000', tz='UTC')}",@AskPlayStation it didnt go away so i just had to delete some games but i really didnt wat to do it but thanks anyway @AskPlayStation even though i had 25gb free @233877  Do you see any kind of error message or error code?,He have a problem. Ask for erro to solve the problem.,0 days 00:07:05
cec77e056997f19e2f04a97644a40039,"[21704, 21705, 21708, 21709]","{21704: Timestamp('2017-11-01 07:49:00+0000', tz='UTC'), 21705: Timestamp('2017-10-31 22:50:13+0000', tz='UTC'), 21708: Timestamp('2017-10-31 22:45:33+0000', tz='UTC'), 21709: Timestamp('2017-10-31 22:44:18+0000', tz='UTC')}","@GWRHelp  are trains from London Paddington to Hereford tomorrow delayed or cancelled? Need to get home then @120729 There are expected to be signalling issues between Paddington and Hayes and Harlington, but no cancellations expected. What time?
 Phil. @120729 Trains may be delayed but no cancellations expected. Updates will show at https://t.co/kSQp5pCyxo. You can check with us in the AM too. P @GWRHelp Good morning, what is the delay on the 8.20 paddington to Hereford train this morning? Thanks",The customer have a question. The agent solve the question and offer alternative solution.,0 days 09:04:42
c9fe94d467c0bcea0d42d804773e4880,"[1751861, 1751862, 1751864, 1751864, 1751870, 1751870]","{1751861: Timestamp('2017-11-07 18:28:27+0000', tz='UTC'), 1751862: Timestamp('2017-11-07 18:38:57+0000', tz='UTC'), 1751864: Timestamp('2017-11-07 18:24:36+0000', tz='UTC'), 1751870: Timestamp('2017-11-07 19:14:19+0000', tz='UTC')}",Never flying @116450 or @AmericanAir ever again! A normal 5 hour trip turned into 15 hours and having to spend an extra $400. Unbelievable! @527814 We do our best to always get you to your destination on time and apologize for the extended travel time. @AmericanAir @AmericanAir your delayed flight &amp; plane issues w/ jet bridge caused me to miss my connecting flight. I had no choice but to pay $400... @527814 We'd like to take a closer look into this for you. Give us a follow and then slide on over to DMs with your record locator.,Customer complaining about 5 hours trip turned into 15 hours and also having  to spend extra $400. Agent  telling that we had to take a closer look for u give us a follow and dm with your record locator.,0 days 00:49:43
9c1381029efd342efef89cee22782d1a,"[1729474, 1729475]","{1729474: Timestamp('2017-11-07 10:17:31+0000', tz='UTC'), 1729475: Timestamp('2017-11-07 13:17:00+0000', tz='UTC')}","@O2 
Simple question: I upgraded yesterday by phone. 
You have - so far - sent me 11 emails and 5 texts confirming various bits of this.Why? @522712 Are they the same? Please DM us screen shots of the messages you're receiving so we can help further: https://t.co/X6jjaZO883",The customer is asking why did they 11 mails and 5 texts after updating. The agent asked to share the screenshots of the messages they are receiving so that they can help further.,0 days 02:59:29
ec445debaad2089bbbf646907a8e2590,"[321613, 321614, 321615, 321617, 321618, 321619, 321620, 321622, 321623]","{321613: Timestamp('2017-09-27 12:21:29+0000', tz='UTC'), 321614: Timestamp('2017-09-27 14:13:21+0000', tz='UTC'), 321615: Timestamp('2017-09-27 11:20:53+0000', tz='UTC'), 321617: Timestamp('2017-10-07 12:51:07+0000', tz='UTC'), 321618: Timestamp('2017-10-07 15:27:27+0000', tz='UTC'), 321619: Timestamp('2017-09-27 11:00:01+0000', tz='UTC'), 321620: Timestamp('2017-09-27 10:05:29+0000', tz='UTC'), 321622: Timestamp('2017-09-27 09:59:05+0000', tz='UTC'), 321623: Timestamp('2017-09-27 09:57:55+0000', tz='UTC')}","@123127 @MicrosoftHelps please help, my new surface device has been in replacement in first 7 days and now onceagain up for replacement 1/3 @123127 @MicrosoftHelps And I have been waiting for About 20 days to receive the replacement, and so far it's not going anywhere, helppppp (2/3) @123127 @MicrosoftHelps @123127 @MicrosoftHelps please help a man get a quality product that I have already paid $1200 for. @192623 That's not what we want to hear. Meet us in DM using the link below. We'd like some additional details to assist. https://t.co/3qcAsLFkaY @MicrosoftHelps Hello Team, have sent you all the details @192623 Hi. We have responded to your Direct Message. Thank you. @MicrosoftHelps Thanks team for another case number, hopefully this 8th case would sort the situation. @MicrosoftHelps @123127 10 days of ownership and 45 days with support... quite an experience with Surface Pro 4 #qualitycontrol #surfacepro4 #surface @192623 Please communicate this directly with our Tier 3 team as they need to be aware of the condition of the item you recieved.",Here customer is asking for the help as he has replaced his new device  few days before and still waiting  to get it replaced and still no response from the service company and also he wants best quality product for which he already paid 1200 . Here agent note downs the issues and tells him to DM for better solution and stay connected  and also they responded to the issues.,10 days 05:29:32
eb4557f3a648e33a762e5b4cac5447a6,"[490954, 490954, 490956, 490957, 490958, 490959, 490960]","{490954: Timestamp('2017-12-01 16:48:14+0000', tz='UTC'), 490956: Timestamp('2017-12-01 17:15:23+0000', tz='UTC'), 490957: Timestamp('2017-12-01 17:34:28+0000', tz='UTC'), 490958: Timestamp('2017-12-01 18:10:45+0000', tz='UTC'), 490959: Timestamp('2017-12-01 18:57:52+0000', tz='UTC'), 490960: Timestamp('2017-12-01 19:09:42+0000', tz='UTC')}","@GWRHelp Ok, so due into London 40 mins later than planned (assuming we aren’t delayed further...🙃), as the 16:33 takes 10 mins longer than the 16:03. At what point does this journey qualify for a refund (partial or otherwise)? So stressed. @148014 If delayed by an hour on that journey you can claim compensation. Lewis @GWRHelp Beginning to look likely. Any idea when the signal problems will be fixed - currently stuck at didcot parkway with no departure est. Signal issues are so common in this area I’ve lost track of how often I’ve been delayed here. @148014 That service is currently expected to reach Paddington at 18:37. Apologies again for the delay. Lewis @GWRHelp Finally arrived nearly 1hr 30mins late due to delays. Assume I can’t claim as the delays were split on 2 trains? Going to miss the first half of the show I’m due to see. Overall a great Friday 🙁 @148014 Hi Natasha. Really sorry for this. Including train times what full journey did you make please?  - Josh",Customer is complaining about the delayed journey by 1hr 30mins. Agent states that the compensation can be claimed if the delay is over an hour.,0 days 02:21:28
1eea5450d515524de5b169cf30f0687c,"[1838798, 1838800, 1838801, 1838802, 1838803, 1838804, 1838805, 1838806, 2437191]","{1838798: Timestamp('2017-10-29 18:30:31+0000', tz='UTC'), 1838800: Timestamp('2017-10-29 18:27:32+0000', tz='UTC'), 1838801: Timestamp('2017-10-29 18:24:51+0000', tz='UTC'), 1838802: Timestamp('2017-10-29 14:50:02+0000', tz='UTC'), 1838803: Timestamp('2017-10-29 14:50:53+0000', tz='UTC'), 1838804: Timestamp('2017-10-29 14:35:14+0000', tz='UTC'), 1838805: Timestamp('2017-09-16 20:57:50+0000', tz='UTC'), 1838806: Timestamp('2017-09-16 20:50:56+0000', tz='UTC'), 2437191: Timestamp('2017-10-29 15:12:30+0000', tz='UTC')}","@166599 @161404 @Postmates_Help @33926 @65566 @166600 Stacking orders from the same place used to be fun. Now it's straight up depressing. @166599 @161404 @Postmates_Help @33926 @65566 @166600 What's up with this batched orders nonsense? Are you making us do twice the work by paying us a quarter of the effort? @166599 @161404 @Postmates_Help @33926 @65566 @166600 Why can't I tip my courier after two days? I'm deeply upset about this. @444776 We'd be happy to help! Please DM us the email address for your account. @Postmates_Help No thanks. I'd just like the option to tip whenever I want. Bring that back because this is infuriating. @Postmates_Help So why did you cut the time to tip? @Postmates_Help Seems like you aren't happy at all to help. I want the option to tip my courier whenever I want and I want everybody else to as well. @444776 You can add a tip anytime. The tweet you are referring to is from an issue months ago that is now resolved. @444776 No. If the tipping screen is closed out for whatever reason, we can manually add the tip on our end.","Customer is complaining about the stacking orders and batched orders and demanding to have an option to tip the courier whenever he need it. Agent requests to DM the email address and states that tip can be add anytime  and for some reason if tipping screen is closed, they will add the tip manually.",42 days 21:39:35
0caba9df88bbc2e5f347937a6aa1fed9,"[1843787, 1843790, 1843791, 1843794]","{1843787: Timestamp('2017-10-18 10:20:58+0000', tz='UTC'), 1843790: Timestamp('2017-10-18 10:10:13+0000', tz='UTC'), 1843791: Timestamp('2017-10-18 11:16:32+0000', tz='UTC'), 1843794: Timestamp('2017-10-18 09:51:12+0000', tz='UTC')}","@GWRHelp Missed 3 trains due to no parking spaces because of changes! What are you going to do? #didcotstation @GWRHelp No - there are spaces in that one.  I always get in somewhere, roadworks in big car park have reduced spaces @552435 The work is for a new £20 million multi-storey car-park, information here: https://t.co/3QQosrljUo . Do you travel regularly? - Jordan @552435 Apologies again for the issues you've had Jo. We'll feed this back. I trust that you'll start seeing the improvements very soon. Natalie",Customer is complaining that 3 trains got missed due to no parking space. Agent asked to reduce the parking so that there will be improvement and issue can be done with.,0 days 01:25:20
a434f21d0a39b245366344753e3977a7,"[1169175, 1169176, 1169177, 1169184]","{1169175: Timestamp('2017-10-15 20:06:25+0000', tz='UTC'), 1169176: Timestamp('2017-10-15 20:15:55+0000', tz='UTC'), 1169177: Timestamp('2017-10-15 19:59:18+0000', tz='UTC'), 1169184: Timestamp('2017-10-15 22:00:31+0000', tz='UTC')}","NO SERVICE - AGAIN!!! EMERGENCY CALLS ONLY?!?! *FIX IT! PERMANENT FIX WOULD BE APPRECIATED. @115714 @sprintcare #sprint #infuriating @395020 Hi, please send us a DM so that we can further assist you. -RA @sprintcare I've talked to countless people through DM with you. Just fix the problem - I'm done explaining my case to different reps every time. Fix it @395020 In order for us to better assist you today, can you please send us DM so we can get further information from you. -DD",Customer is complains about No service and still the issue is not resolved. Agent updated the customer to send the DM for further assist.,0 days 02:01:13
e1eb38383b879964b5d7726054627abb,"[2091005, 2091007, 2091010]","{2091005: Timestamp('2017-11-07 18:02:17+0000', tz='UTC'), 2091007: Timestamp('2017-11-07 17:56:30+0000', tz='UTC'), 2091010: Timestamp('2017-11-07 17:40:33+0000', tz='UTC')}","@AlaskaAir There's a $258 flight from PDX-DFW on 12/22 but when I try &amp; book with my discount, the flight doesnt appear flights are 250+? @617979 is this for flight #652? I just searched using the Discount Code and it does display. ~Angel @617979 Do you have other search features selected that might restrict it? When entering search only enter cities, date,code &amp; # of guest ~Angel",Customer is unable to search flight by using discount code. Agent informs customer to check with search features which may restrict.,0 days 00:21:44
440e951b7ebf31b2d4858dbcd1938a11,"[1870038, 1870039, 1870040, 1870052, 1870053]","{1870038: Timestamp('2017-10-18 08:47:35+0000', tz='UTC'), 1870039: Timestamp('2017-10-18 08:44:56+0000', tz='UTC'), 1870040: Timestamp('2017-10-18 08:47:09+0000', tz='UTC'), 1870052: Timestamp('2017-10-18 08:51:03+0000', tz='UTC'), 1870053: Timestamp('2017-10-18 08:48:06+0000', tz='UTC')}","Hi @Safaricom_Care. Kindly let me know how you can help me replace my line. Phone lost but still on. Thank you. @558516 Hi, kindly get a new replacement card and contact us for further assistance. You will need to confirm your full name, ID ..cont @558516 ...number, last airtime top up and three frequently dialed numbers. ^RO @Safaricom_Care Am at a replacement center but lost the original card with pin n puk. Had changed pin too. @558516 Share a reachable contact number and the number to be replaced for assistance. ^JN","Customer is requesting for assistance in replacing the line. Agent requests for the name, ID number, last airtime top up and 3 frequently dialed numbers.",0 days 00:06:07
a5b857b198f785f8482587bc445c6fc7,"[2894991, 2894993, 2894995, 2894997]","{2894991: Timestamp('2017-11-28 16:13:00+0000', tz='UTC'), 2894993: Timestamp('2017-11-28 16:10:44+0000', tz='UTC'), 2894995: Timestamp('2017-11-29 20:19:32+0000', tz='UTC'), 2894997: Timestamp('2017-11-29 20:57:00+0000', tz='UTC')}","@VerizonSupport I need help. I do not have your service (6+ hours to setup and cancel an install!)  but the previous homeowner did. There is an ONT in the basement that sends out a loud, very annoying beep every 15 minutes? This is ridiculous. How do I stop it? @633638 Press and hold the alarm silence button/ONT reboot button on the unit for 30 seconds.  That will silence it.
^ACM @633638 Try unplugging the power and removing the battery. After 3mins, put the battery back in and power on. This should help with the beeping. Let us know. ^DDG @633638 Yes, you can do that since you do not have service with us. When the battery is dead the beeping will stop. 
^HSB","Customer is complaining that there is an ONT in the basement that send a loud beep evry 15 mins and they do not have any service. Agent updates that they can unplug it and remove the battery forever since they do not have service wth them, when battery is dead, the beeping will automatically stops.",1 days 04:46:16
feee444f3f4b2263082dc0c6624c0353,"[1368670, 1368675, 1368676, 1368678]","{1368670: Timestamp('2017-10-18 23:44:27+0000', tz='UTC'), 1368675: Timestamp('2017-10-19 01:08:27+0000', tz='UTC'), 1368676: Timestamp('2017-10-19 00:36:32+0000', tz='UTC'), 1368678: Timestamp('2017-10-19 00:40:16+0000', tz='UTC')}","@AirAsiaSupport Miza, this issue still not resolved, please assist asap, departure next week, thanks https://t.co/dYekiomrbJ @336549 Hi Lee Chia Shiun, we regret on this to happen but kindly provide us bit more time on your  request - Anwar @336549 Yes and we understand, we do our best on it and will keep you updated by email once done- Anwar @AirAsiaSupport I still waiting the email, if still can't done,  I will continue haunting at tweet....",Customer is complaining about unresolved issue as the date of departure is nearing. Agent requests for more time and assures to keep the customer updated once it is done.,0 days 01:24:00
86dc0b1f9417e9b539c8a47f49ece095,"[1392863, 1392865, 1392867]","{1392863: Timestamp('2017-10-28 22:25:27+0000', tz='UTC'), 1392865: Timestamp('2017-10-27 16:05:00+0000', tz='UTC'), 1392867: Timestamp('2017-10-27 15:47:04+0000', tz='UTC')}","@116331   i want to PORT-IN...
can u plzz help me..,, @256146 Thank you for choosing Idea Cellular. Please DM us your contact number and pincode number for further assistance. https://t.co/LBfZgLCSfr @256146 Our team will surely contact you for further assistance. Request you to wait for some time. Regards, Mahindra",Customer is asking help to Port in. Agent updates to DM  their contact number and pincode and tells that their team  will surely contact them for further assistance and requests to wait for some time.,1 days 06:38:23
29dcd1e9d90d5814ffe4178e04abd24b,"[1972349, 1972351, 1972352, 1972353, 1972354, 1972357, 1972359, 1972359]","{1972349: Timestamp('2017-10-18 17:44:36+0000', tz='UTC'), 1972351: Timestamp('2017-10-18 17:46:40+0000', tz='UTC'), 1972352: Timestamp('2017-10-18 17:40:36+0000', tz='UTC'), 1972353: Timestamp('2017-10-18 17:50:33+0000', tz='UTC'), 1972354: Timestamp('2017-10-18 17:51:53+0000', tz='UTC'), 1972357: Timestamp('2017-10-18 17:57:46+0000', tz='UTC'), 1972359: Timestamp('2017-10-18 17:39:51+0000', tz='UTC')}","@SW_Help - paid for two season tickets (weekly) that start tomorrow.. picked Staines as pickup location... guess what? Can’t load the ticket @SW_Help £82 out of pocket and no tickets on my smart card... how do I get my money back?? @312668 Hi Andrew, have you tried all Smart Card readers at this station? ^JM @SW_Help Gate, platform (couldn’t try ticket machine as out of service). The ticket is a weekly that starts tomorrow.. Richmond to Staines.. @312668 Sorry to hear that, please contact our dedicated Smart Card team on 0345 810 1010. They may be able to assist ^JM @SW_Help What time are the team available until? @312668 They are open until 22:00 this evening ^JM",Customer complains that though he had paid for tickets he is unable to receive it because of out of service and asking for refund. Agent suggested to contact dedicated smart card team for further assistance.,0 days 00:17:55
c4ff9d3657eae46bb710a23bcddc690c,"[1671270, 1671271, 1671275, 1671276]","{1671270: Timestamp('2017-10-29 01:28:08+0000', tz='UTC'), 1671271: Timestamp('2017-10-28 22:44:10+0000', tz='UTC'), 1671275: Timestamp('2017-10-29 01:33:58+0000', tz='UTC'), 1671276: Timestamp('2017-10-29 01:36:39+0000', tz='UTC')}","@AmericanAir - Thank you... Flight canceled due to crew being illegal and I have surgery @AmericanAir I got rebooked - payed for internet, paid for an upgraded seat and paid extra for this more direct route to Seoul... All for nothing... @AmericanAir I am showing up in Seoul on the day of my surgery... compensation? 146 for the seat, 20 for internet and close to 200 for the more direct.. @508716 Once you arrive you can DM us here and we'd be happy to review the entire situation.","Customer is complaining about the service, that after the cancellation of the flight due to crew being illegal, they have rebooked, paid extra and paid interest still got no service. Agent updates to DM them once they arrive and they will be happy to review the entire situation.",0 days 02:52:29
d760e7ff1a49831423d40fc9545537ba,"[1073867, 1073867, 1073868, 1073873, 1073875]","{1073867: Timestamp('2017-10-14 23:46:12+0000', tz='UTC'), 1073868: Timestamp('2017-10-15 01:33:33+0000', tz='UTC'), 1073873: Timestamp('2017-10-15 20:25:03+0000', tz='UTC'), 1073875: Timestamp('2017-10-15 21:38:09+0000', tz='UTC')}","@XboxSupport For some odd reason. The vibration on my controller doesn't work when i play Destiny 2. I went through every setting but nothin @364434 Would you mind sending us a picture of what you have the settings set to exactly?  ^RR @364434 Okay, that is odd. Was the controller vibrating with the game before or has it never vibrated? ^RM @364434 the console: https://t.co/QENEhDawC3 and check again if the vibration is still disabled.  2 ^BL",Customer is facing issue with his controller as vibarator not working while playing Destiny 2. Agent provides with an URL  to check with settings still being disabled.,0 days 21:51:57
b94a375ed62b95c379329a560294670b,"[129125, 129126, 129127, 129128, 129129, 129130, 129132, 129133, 129133]","{129125: Timestamp('2017-11-24 04:03:23+0000', tz='UTC'), 129126: Timestamp('2017-11-24 05:07:15+0000', tz='UTC'), 129127: Timestamp('2017-11-24 03:54:52+0000', tz='UTC'), 129128: Timestamp('2017-11-24 05:40:49+0000', tz='UTC'), 129129: Timestamp('2017-11-24 13:05:42+0000', tz='UTC'), 129130: Timestamp('2017-11-24 13:35:39+0000', tz='UTC'), 129132: Timestamp('2017-11-24 03:51:14+0000', tz='UTC'), 129133: Timestamp('2017-11-24 01:36:10+0000', tz='UTC')}","@sizehelpteam hello Size! I would like to cancel order #83975908 because I picked the wrong size. Or if you could change the size from UK10 (UK 10.5) to UK 9.5 (US10) , it will be a huge help. Please let me know, the order is made 35mins ago. Thank you in advance! @145069 Hello, 

I have looked into this for you and can confirm your order is still under review, once this passes security we will be able to cancel this for you. 

Thanks, George @sizehelpteam Hey thanks man! So the displayed size is on UK size right? Im gonna order it 9.5UK then.. thanks Size! @145069 Hello, 

All sizes on the UK website are in UK sizes :) 

Thanks, George @sizehelpteam Hi George, how long does it usually take to cancel an order #83975908 ? Will I be notified via email? I want to re-order with different size (10 UK to 9.5 UK). Thank you in advance! @145069 Hello, 

Once this does get cancelled you should receive an email stating so along with details of your refund. 

- George @sizehelpteam Hi George! Please check order #83975908 . I have requestes cancellation but why now it is dispatched? Thank you in advance @145069 Please can you follow us and advise us when you have so we can DM you and assist further? Thanks.",Customer is asking to cancel the order because he picked the wrong size. Agent suggests that all the sizes on the UK website are in UK sizes.,0 days 11:59:29
d40ba61d507583c65ef8fb33d0b56582,"[208185, 208185, 208187, 208188, 208189]","{208185: Timestamp('2017-10-06 02:41:00+0000', tz='UTC'), 208187: Timestamp('2017-10-04 14:36:26+0000', tz='UTC'), 208188: Timestamp('2017-10-04 14:34:26+0000', tz='UTC'), 208189: Timestamp('2017-10-04 12:33:21+0000', tz='UTC')}","@AppleSupport ios 11.0.1 can’t connect bluetooth to my car’s head unit. Will wait for your reply. @165247 We want to help. What happens when you try to connect your car and iPhone? Does your iPhone work with other Bluetooth devices? @AppleSupport It connects successfully but when i try to play a song from my iphone, the car’s head unit freezes and restarts. @165247 
We'd like to gather some more information for better troubleshooting. Can you DM us the country you are located in? https://t.co/GDrqU22YpT","Customer is unable to connect Bluetooth to his car. Agent asked what happens when connected and informed to DM them with  location,So that they can gather more information for better troubleshoot.",1 days 14:07:39
871bf39ae27bd7ac237739268cc46020,"[768103, 768106, 768107, 768109]","{768103: Timestamp('2017-10-20 13:48:46+0000', tz='UTC'), 768106: Timestamp('2017-10-20 13:39:18+0000', tz='UTC'), 768107: Timestamp('2017-10-20 12:12:57+0000', tz='UTC'), 768109: Timestamp('2017-10-20 10:30:29+0000', tz='UTC')}","@O2 remind me to cancel my contract on 30th November please @O2 Removing the TU app and still charging me the same price even after the 2 year contract is finished, I should be paying a SIM only rate now @303453 There are some alternatives like WiFi Calling &gt; https://t.co/Y8R3nwSDhB What handset make and model are you using? @303453 We'll extend our 4G/Wifi calling compatible handsets. Third party calling/messaging apps may offer similar functionality.",Customer wants to quit the contract for charging higher bill even after removing TU app. Agent requests to try other alternatives like WiFi calling and other 3rd party apps.,0 days 03:18:17
ee38567fa52f8c8cd41261a489c47114,"[435245, 435246, 435249, 435255]","{435245: Timestamp('2017-10-10 16:31:53+0000', tz='UTC'), 435246: Timestamp('2017-10-10 16:34:08+0000', tz='UTC'), 435249: Timestamp('2017-10-10 16:54:09+0000', tz='UTC'), 435255: Timestamp('2017-10-10 15:53:04+0000', tz='UTC')}","@Delta Your staff at the gate can’t board us because the seat map won’t match. Surely this has happened before? Get it together. @208658 I can offer you a refund on the flight. Shall I cancel your reservation and process a refund for both passengers?   *TCC @Delta Are you joking? We’re waiting to board for the second time, we do not want to cancel, we want a refund. @208658 We cannot offer a refund on a flight that you will fly. As a gesture of apology, I can offer both passengers a $100 voucher. It is... 1/2",Customer having an issue that the staff at the gate can't board us because the seat map won't match and also customer wants the amount to be refund. Agent asked the customer shall i cancel the reservation and process a refund for both passengers and inform the customer that hey cannot offer a refund on a flight that they will fly.,0 days 01:01:05
7bfb632c3ab5359b4ad023e86c60c8bf,"[1025307, 1025309, 1025311, 1025314]","{1025307: Timestamp('2017-10-22 23:36:56+0000', tz='UTC'), 1025309: Timestamp('2017-10-23 05:41:51+0000', tz='UTC'), 1025311: Timestamp('2017-10-22 16:32:15+0000', tz='UTC'), 1025314: Timestamp('2017-10-23 15:29:31+0000', tz='UTC')}","@AskeBay any chance of getting the complaints procedure today??? @336454 Your complaint has been escalated. Please refer to our User Agreement https://t.co/KWLC111xCc for further info. ^VM @AskeBay The user agreement doesn't specifically mention a complaints procedure. Send me the details of your complaints procedure @336454 While we do not have escalation options on Twitter, you are welcome to contact customer support and ask for a supervisor. ^B","Customer is asking is there any chance of getting the complaints procedure today. Agent updates since they do not have escalation  options on Twitter, they are welcome to contact customer support ask for a supervisor.",0 days 22:57:16
f2962639decc0048380881f4702821a0,"[1071828, 1071833, 1071836, 1071839, 1071842]","{1071828: Timestamp('2017-10-23 16:10:38+0000', tz='UTC'), 1071833: Timestamp('2017-10-24 13:37:38+0000', tz='UTC'), 1071836: Timestamp('2017-10-24 15:16:59+0000', tz='UTC'), 1071839: Timestamp('2017-10-24 15:40:56+0000', tz='UTC'), 1071842: Timestamp('2017-10-23 14:31:37+0000', tz='UTC')}",@AskPlayStation hi I have had a problem with FIFA points and I was told by @127852 to contact you @372931 Sorry to hear that. Restore Licenses to refresh your privileges and try again: https://t.co/WATnmgS37Z @372931 If your game is a physical copy make sure it's from the same region as your PSN account. @AskPlayStation It is aisian and so is my account. ( my account is Omani and oman is in Asia) @372931 We have sent you a Direct Message via Twitter with further instructions.,Customer is complaining about the FIFA points which they never got them. Agent replied that they have Direct Message them via twitter with further instructions.,1 days 01:09:19
8365ff1f7108c8547c83a97daecacb2d,"[1131159, 1131159, 1131165, 1131167, 1131169]","{1131159: Timestamp('2017-07-16 15:15:53+0000', tz='UTC'), 1131165: Timestamp('2017-07-16 11:19:00+0000', tz='UTC'), 1131167: Timestamp('2017-07-16 11:05:02+0000', tz='UTC'), 1131169: Timestamp('2017-07-14 11:00:20+0000', tz='UTC')}","@31270 shaeb idea company chya phone varun call tar te Gujarati , Hindi, English made snagtat ki tumcha call lago shakat nahi. @idea_cares 9594406936 y der is Gujarati in place of Marathi when I hear  that phone is switched off or out off coverage area @386581 We would like to inform you that the number is belongs to mumbai and mumbai comes in Maharashtra.Regards,Pritam https://t.co/LBfZgLCSfr @386581 Numbers are circle specific. Request you to dial 12345 or 198 regarding your concern. Regards,Sneha.",Customer having issue with his idea mobile no to change the language. Agent is provided the troll free  no to customer to get it resolved by calling to them.,2 days 04:15:33
e4eddd79b75335a93fc7561580c08d76,"[95583, 95584, 95585, 95585, 95588, 95588, 95589, 95590, 95591]","{95583: Timestamp('2017-11-30 15:48:32+0000', tz='UTC'), 95584: Timestamp('2017-11-30 16:27:20+0000', tz='UTC'), 95585: Timestamp('2017-11-30 14:30:39+0000', tz='UTC'), 95588: Timestamp('2017-12-03 10:05:27+0000', tz='UTC'), 95589: Timestamp('2017-12-03 10:09:08+0000', tz='UTC'), 95590: Timestamp('2017-12-03 10:38:30+0000', tz='UTC'), 95591: Timestamp('2017-12-03 10:49:04+0000', tz='UTC')}","@MicrosoftHelps Please may you help me recover my email account. Somehow my recovery has been denied twice. I receive emails on this account daily but very rarely send. I have already submitted a number change as the used number is old but it's blocked me out again. @136790 Hi, Luke. We know how important this is to you. Just to verify, when was the last time you've successfully accessed your account? @MicrosoftHelps This morning after I received the email. I accessed the account via my phone and I started to number change process as I realised it was using my old number. When I attempted to access the account via my PC it was blocked again. @MicrosoftHelps I attempted to recover my account for the third time, this time on my home PC. Despite giving more accurate information my attempt was declined and I was suggested to make a new account instead of trying again. My number change is already in motion and will be done by 30/12/17. @MicrosoftHelps I really can’t afford to wait 30 days, being December and how important the account is. I’m going to miss out on a lot of very important emails. Can you help me get my account back in any way to prevent the waiting period? @136790 Hmm, let’s try another approach. To get your account access back, please follow the steps on this link: https://t.co/qHDeV5b4nS. Let us know if you need further assistance. @MicrosoftHelps Those are no help to me unfortunately. I have been through the recovery process 3 times and have been given my 'final update'. Unless you can unlock my account for me, I have no other choice but to wait. I use the account to sign into windows 10.",Customer is complaining about email were messeges are rearly send and they have blocked the email. Agent says to go to the URL and follow the steps to unblock.,2 days 20:18:25
7f6f2953ae910482d9617d19b1680451,"[2918008, 2918009, 2918015, 2918018, 2918021]","{2918008: Timestamp('2017-11-28 23:56:22+0000', tz='UTC'), 2918009: Timestamp('2017-11-28 23:30:45+0000', tz='UTC'), 2918015: Timestamp('2017-11-29 11:03:51+0000', tz='UTC'), 2918018: Timestamp('2017-11-29 11:16:45+0000', tz='UTC'), 2918021: Timestamp('2017-11-29 21:38:18+0000', tz='UTC')}","@GWRHelp hi, will there be any problems on the trains in a couple of days time?? @GWRHelp I'm just wondering from Bristol P to Weston-S-M on 30th @GWRHelp Ok thanks - why couldn't i be advised of this last night?? @134104 The overnight cover is between midnight and 0600 on weekdays and between 2300 and 0700 on weekends. Natalie @134104 Hi. We're not expecting problems tomorrow but if anything changes our website will be updated. Lewis",Customer is enquiring about the trains which does not have any problem for couple of days. Agent says that they are not expecting any problem tomorrow but anything changes our website will be updated.,0 days 22:07:33
ab00710033bff9395fe5525393a90f96,"[39545, 39545, 39550, 39552]","{39545: Timestamp('2017-07-01 07:23:00+0000', tz='UTC'), 39550: Timestamp('2017-06-30 18:00:21+0000', tz='UTC'), 39552: Timestamp('2017-06-30 16:34:03+0000', tz='UTC')}","@O2 logic: new legislation means can use allowance abroad, something my contract charges me £5 a month for as part of contract 1/2 @O2 My question is why I'm still paying it when it's now free by law? Seems unfair to others that also on same tariff as myself. @124645 Your tariff charge is for UK minutes, UK texts &amp; UK data. Can you send a screenshot or link to show us where you've seen this?",Customer is complaining about paying fee for free service. Agent is requesting for more details about the issue.,0 days 14:48:57
f6a2043179e7224c579caa68f72c7159,"[113835, 113840, 113842]","{113835: Timestamp('2017-11-23 20:44:59+0000', tz='UTC'), 113840: Timestamp('2017-11-30 21:27:15+0000', tz='UTC'), 113842: Timestamp('2017-12-01 08:54:08+0000', tz='UTC')}","@SpotifyCares also, how do I import my iTunes smart playlist songs to Spotify? @141285 We understand where you're coming from. Currently, it won't be possible to do this. Rest assured, we'll let our devs know this is something you'd like to see /DV @141285 No problem. Canceling the subscription can be done anytime. Can you also let us know your account's username or email address? We'll see what we can suggest /DN",The customer is asking that how to  import my tunes smart playlists to spotify. The agent updated that they will let their devs know that something they would like to see and asked to dm accounts username and email address.,7 days 12:09:09
d7524b389beab80bc0ef786dc9143b20,"[1756075, 1756077, 1756079, 1756080]","{1756075: Timestamp('2017-11-07 21:33:31+0000', tz='UTC'), 1756077: Timestamp('2017-11-06 22:05:58+0000', tz='UTC'), 1756079: Timestamp('2017-11-07 21:35:46+0000', tz='UTC'), 1756080: Timestamp('2017-11-07 21:50:38+0000', tz='UTC')}","Hey @117339 , my book export to pdf fails with ""indesign cannot finish export"", but doesn't tell me what is the root of the pb @AdobeCare the first one asks to update InDesign CS4... 13 versions older than current one ;) And solution 2 cannot be applied since export fails ! @AdobeCare Here is a fun one. InDesigns says font is missing and ask to sync with typekit, whereas typekit says its synched already ;) https://t.co/m4zamaL5Ea @490308 That is strange! Here's a Typekit troubleshooting article: https://t.co/j9z7qM9F3U ^Wren",Customer is asking about  the routes of the pdf files. Agent says typekit troubleshooting article:URL.,0 days 23:44:40
19b9d8dee062006c887fb81d6f46f026,"[2685499, 2687003, 2687004, 2687006]","{2685499: Timestamp('2017-10-31 17:08:44+0000', tz='UTC'), 2687003: Timestamp('2017-10-31 17:43:30+0000', tz='UTC'), 2687004: Timestamp('2017-10-31 18:39:09+0000', tz='UTC'), 2687006: Timestamp('2017-10-31 18:41:31+0000', tz='UTC')}","@VerizonSupport - Trying to solve a network extender issue.  Extender will replicate existing SSIDs for a few days, then revert to random default SSIDs.  Tried power down and hard reset.  No luck.  Any ideas? @755251 Have you tried factory resetting both the extender and router at the same time?
^ACM @VerizonSupport I haven't.  Should I factory reset the router first, or try to reset both at exactly the same time?  I assume this wipes the SSID names/passwords. @755251 Both at the same time please and yes, unfortunately, it does wipe them. ^RMD",Customer is complaining about the network extender issue where extender will replicate existing SSIDs for some days then again it will changed to random default SSIDs. Agent asks to factory reset both extender and router at a time and states both SSID names/passwords will be deleted.,0 days 01:32:47
36be347a2ddbf8df8091b90823d891c1,"[723517, 723518, 723520, 723522]","{723517: Timestamp('2017-10-11 03:08:21+0000', tz='UTC'), 723518: Timestamp('2017-10-11 03:28:00+0000', tz='UTC'), 723520: Timestamp('2017-10-11 03:06:24+0000', tz='UTC'), 723522: Timestamp('2017-10-11 02:58:14+0000', tz='UTC')}","@ChipotleTweets 
Normally one would also get chips with the queso.....??? https://t.co/TtreD7oTOs @278115 You got an empty bag? -Zach @ChipotleTweets I got a bag with queso in it then had to go buy Tostitos to eat the queso with @278115 You could definitely order it on its own...just checking. Let a manager know or contact us here: https://t.co/0f6pFdYU9j. -Zach",The customer is asking normally on would also get chips with queso and says he got a bag with queso in it then he had to go to buy tostitos to eat the queso with. The agent asks whether he has got an empty bag and suggests to contact them via link provided by them.,0 days 00:29:46
ef82a5fa7c9db355918303e250e82fdd,"[541752, 541752, 541755, 541755, 541755]","{541752: Timestamp('2017-12-02 15:48:47+0000', tz='UTC'), 541755: Timestamp('2017-12-02 15:13:00+0000', tz='UTC')}",@AmericanAir in Miami Airport...where do I start..I’ll never fly you guys again. Your supervisor is not customer focus. Your check in/Drop kiosk only has 2 people  with a line  of people while people in back relaxing. Then made me miss my flight. Not enough staff. I need answers! @245717 We care about your experience and are here for you. Our apologies for the extra wait this morning. Did you need assistance with rebooking?,Customer complaining about supervisor he is not customer focus. Agent replying that he care for his experience  and asking is he  need  any assistance with rebooking.,0 days 00:35:47
2a1ace56f17af2d78548fd5d51705fad,"[854775, 854777, 854778, 854779, 854781]","{854775: Timestamp('2017-11-04 18:27:01+0000', tz='UTC'), 854777: Timestamp('2017-11-04 18:25:19+0000', tz='UTC'), 854778: Timestamp('2017-11-04 18:40:20+0000', tz='UTC'), 854779: Timestamp('2017-11-04 18:41:39+0000', tz='UTC'), 854781: Timestamp('2017-11-04 19:20:57+0000', tz='UTC')}","@AskPlayStation I have being trying to purchase Call Of Duty WW2 since yesterday, my credit card and PayPal keeps coming up invalid @323008 That's odd. Try making the purchase via PC: https://t.co/qiQQSTNCQc Keep us posted! @323008 Have you tried deleting the card from the account just to make the purchase? https://t.co/U9RjogtIgi @AskPlayStation Removed it and put in back in card and PayPal still got invalid message @AskPlayStation Just followed you still trying it’s not working though",Customer is complaining that they have being trying to purchase call of duty WW2 as his credit card and paypal keeps showing invalid. Agent suggest them to DM for further instructions.,0 days 00:55:38
005dd83f4c0950025500b5e43e97ca2c,"[2911961, 2911966, 2911968, 2911969]","{2911961: Timestamp('2017-11-28 22:10:31+0000', tz='UTC'), 2911966: Timestamp('2017-11-28 21:48:00+0000', tz='UTC'), 2911968: Timestamp('2017-11-28 21:37:26+0000', tz='UTC'), 2911969: Timestamp('2017-11-28 21:33:33+0000', tz='UTC')}","@VerizonSupport Tell me - can you get a manager from the billing department and services to just call me back directly?  So I don't have to cry again on the phone? @806084 Are you having trouble with your residential or cellular service bill?
^HSB @806084 We are unable to assist you if you are on the phone with another agent, please let us know if you need additional assistance after the call.
^ACM @806084 As stated, we are a small group that does not call. We work in the social space. Please follow and DM us.  ^RMD",The customer asks the billing manager to call as he was facing issue with service. The agent replies that the issue cannot be resolved since the customer was already interacting with another and asks to DM and follow.,0 days 00:36:58
27ed75b47de4b57bda92ae154644129c,"[794104, 794104, 794105, 794106]","{794104: Timestamp('2017-10-12 14:11:41+0000', tz='UTC'), 794105: Timestamp('2017-10-12 14:24:42+0000', tz='UTC'), 794106: Timestamp('2017-10-12 14:24:32+0000', tz='UTC')}","@TMobileHelp No. Again, customers need to know that you are violating contracts. Nothing to discuss. Your practices should be reviewed by the @136958 @309350 If you would like to review our privacy practices, you can check this link out for me https://t.co/0nvfpMbBYj 2/3 *SamanthaCassidy @309350 If you have any further questions, feel free to DM me anytime at https://t.co/qqiiYhZxdI 3/3 *SamanthaCassidy",Customer is accusing of violating the privacy contracts and suggests to review it. Agent sates to check a link if want to review the privacy practices.,0 days 00:13:01
ea6c9526af5b3dc679d3ca6c83a60573,"[581099, 581101, 581102, 581102, 581105]","{581099: Timestamp('2017-12-03 12:23:30+0000', tz='UTC'), 581101: Timestamp('2017-12-03 12:21:55+0000', tz='UTC'), 581102: Timestamp('2017-11-28 09:36:58+0000', tz='UTC'), 581105: Timestamp('2017-11-27 14:49:43+0000', tz='UTC')}","@airtel_care i loaded N1500 today to subscribe for data and it dissappeared. No Data, no Airtime Kindly explain what is going on....really upset as this hampered my work flow today. @256931 Hello, please be informed that your #1500 was used for bb unlimited bundle for 3G as seen on check. Kindly dial *140# to confirm your balance. Thank you for choosing Airtel. ^osho @256931 Hello@monteeclairs, apologies for the delayed response. Please be informed that your #1500 was used for bb unlimited bundle for 3G as seen on check. Kindly dial *140# to confirm your balance. Thank you for choosing Airtel. ^PAPU. @256931 Hello@monteeclairs, apologies for the delayed response. Please be informed that your #1500 was used for bb unlimited bundle . Kindly dial *140# to confirm your balance. Thank you for choosing Airtel. ^PAPU.",The customer is complaining that the n1500 todat to subscribe to data has disappeared. The agent updated that as that #1500 was used for bb unlimited bundle for 3g as seen on check and asked to dail *140# to confirm their balance.,5 days 21:33:47
f2e402724e8750584a70ac535ae821f2,"[2069885, 2069887, 2069887, 2069891]","{2069885: Timestamp('2017-10-19 01:59:00+0000', tz='UTC'), 2069887: Timestamp('2017-10-19 01:50:35+0000', tz='UTC'), 2069891: Timestamp('2017-10-19 12:57:00+0000', tz='UTC')}","What am I suppose to do about about @697 failure to update the app? @118936 @AppleSupport how do I turn off these alerts? 😡 https://t.co/B6qEbVN3pF @241960 We'd love to help. You can turn off the automatic updates option in Settings &gt; iTunes and App Stores. @241960 If you're still receiving those alerts, let's move to DM so we can check a few more settings. https://t.co/GDrqU22YpT",Customer is complaining about the failure to update the app and asks how to turn off the alerts. Agent updates that if they are still receiving those alerts then let's move to DM so that they can check with few more settings.,0 days 11:06:25
0803de4e0a97d464c98116efa21a38db,"[572540, 572542, 572543, 572547, 572548]","{572540: Timestamp('2017-12-03 04:53:12+0000', tz='UTC'), 572542: Timestamp('2017-12-03 04:20:27+0000', tz='UTC'), 572543: Timestamp('2017-12-03 05:35:45+0000', tz='UTC'), 572547: Timestamp('2017-12-03 13:12:17+0000', tz='UTC'), 572548: Timestamp('2017-12-03 13:56:51+0000', tz='UTC')}",@XboxSupport just got home with my brand new X and hooked it up to a Samsung 8 Series. No picture. Triple checked all the connections. Reset the console. Still nothing. Any ideas? @254534 Hello! Let's try going through the steps here: https://t.co/6sZTwNPUmo to see if that helps with the blank screen.  ^RR @254534 Are you using the HDMI cable that was included int he box with your console?  ^RR @XboxSupport I was able to connect to a non 4K non hdr tv and get a picture. It’s doing its updates now. Then I’ll try connecting it to the living room tv again. Could it be an issue with the tv already being set to 4K hdr and the Xbox not? @XboxSupport Was able to dumb down the settings on the old tv and get it going on the 4K. Thanks for all your help. You were very informative,Customer is stating an issue that it is unable to connect hdmi cable to the tv. Agent has provided the URL as asked to follow the steps given in the link  for black screen.,0 days 09:36:24
a05c3fec80806a69ee10980ad6902c03,"[2510617, 2510618, 2510619, 2510621, 2510623]","{2510617: Timestamp('2017-10-30 04:36:23+0000', tz='UTC'), 2510618: Timestamp('2017-10-30 05:18:02+0000', tz='UTC'), 2510619: Timestamp('2017-10-30 05:17:06+0000', tz='UTC'), 2510621: Timestamp('2017-10-30 03:39:35+0000', tz='UTC'), 2510623: Timestamp('2017-10-30 05:35:34+0000', tz='UTC')}","@AirAsiaSupport my flight retimed in taiwan today. Will miss the connecting flight in kl today. Pls check the pm. Urgent! @715640 Hi, please confirmed on flight move to 31 OCT 07;00. We will forward it to the relevant team accordingly. Thanks- Ed @AirAsiaSupport confirm to move to 31st Oct. 7.00am flight. @AirAsiaSupport any accommodation provided due to the delay of ur flight from Taiwan? @AirAsiaSupport thanks, kindly send the changes to my email.",Customer is complaining that his flight set a different time in talwan today and can't connect the flight in KL today. Agent updated that they have forwarded it to the relevant team for flight move accordingly.,0 days 01:55:59
0ea1182c5b60be37a2e6b4088eb3681d,"[1340059, 1340060, 1340063, 1340068]","{1340059: Timestamp('2017-10-27 17:11:55+0000', tz='UTC'), 1340060: Timestamp('2017-10-27 15:19:24+0000', tz='UTC'), 1340063: Timestamp('2017-10-27 17:39:16+0000', tz='UTC'), 1340068: Timestamp('2017-10-27 20:59:24+0000', tz='UTC')}","@VirginTrains do you think the delays will be resolved by 20:07 EUS to LIV? @VirginTrains Hi @virgintrains is it still chaos?
What's the likelihood of the 2007 EUS to LIV departing on time? Reservations still valid? Or go tomo? @429670 Yes Mark, you tickets are valid for travel tomorrow.^BTA @VirginTrains I hadn't actually picked up my ticket from the machine at EUS.
Will the staff be able to help me tomorrow?",The customer asks whether the delays be resolved and asks whether the reservation is still valid. The agent replies the tickets are still valid and the customer can travel with that.,0 days 05:40:00
becdfaade83d4df33973f03b2ed90a7a,"[65833, 65833, 65835, 65841, 65843]","{65833: Timestamp('2017-11-30 08:52:36+0000', tz='UTC'), 65835: Timestamp('2017-11-30 08:56:09+0000', tz='UTC'), 65841: Timestamp('2017-11-30 09:23:30+0000', tz='UTC'), 65843: Timestamp('2017-11-30 09:34:31+0000', tz='UTC')}","@AmazonHelp Hi PJ. I ordered a laptop from a 3rd party seller. They sent the right kind of laptop but it's lacking features that was in the description: suppose to be a 2 n 1 laptop meaning it's suppose have a touchscreen and fold into a tablet. The laptop they sent (cont) @AmazonHelp (Cont) lacked those features. I tried contacting the seller, they didn't reply. I submitted a claim, they finally replied saying they would give me a refund after they sent this laptop back, which is no bueno. I'm currently a student taking online classes and I need (cont) @131059 We allow seller's 2 business days to reply. Keep us posted!^CN @131059 Not a problem at all! We completely understand the frustration when problems occur! Let us know if you are able to get a resolution with the seller. 

- Jenna C.",Customer ordered a laptop from 3rd party seller and they sent the laptop but its lack of features disappointed him. Agent updated that we will allow seller's 2 business days to reply and informed the customer to update once he get resolution with the seller.,0 days 00:41:55
ecc9c0719a66a52a8013746716a61395,"[2767649, 2767650, 2767650, 2767652, 2767652, 2767653, 2767657]","{2767649: Timestamp('2017-11-21 11:22:37+0000', tz='UTC'), 2767650: Timestamp('2017-11-21 11:30:22+0000', tz='UTC'), 2767652: Timestamp('2017-11-21 08:59:54+0000', tz='UTC'), 2767653: Timestamp('2017-11-21 12:10:01+0000', tz='UTC'), 2767657: Timestamp('2017-11-21 11:22:27+0000', tz='UTC')}","Anyone else having problems this morning booking a delivery slot with @Tesco? 

I can’t sign in! Book a slot! Or shop online! 

#FirstWorldProblem @773914 Hi Kyle, thanks for getting in touch. Sorry for the troubles experienced trying to place your order online. I understand how frustrating that must be. Has this sorted itself since? If not is there an error message appearing at all? 1/2 @773914 Have you tried clearing the cache and cookies or an alternative browser or device? Kind regards - Ross 2/2 @Tesco Hi Ross,

Thanks for getting back to me, in the scheme of things it’s only shopping online, I just thought there might be a problem at your end, as I tried to order on my via my mobile too. 

Don’t worry about it, I’m not, I’ll just try again later. 

Have a good day Ross,
Kyle @773914 Hello Kyle, thanks for coming back to us. I would like to report this issue to our technical team. Can you please DM us your full name, email address, full home address details as well as which device and browser you are using?  TY - Ross",Customer is enquiring that is their any problems in this morning booking a delivery slot. Agent suggests to clear cache and cookies and he would like to report  issue with  his technical team.,0 days 03:10:07
265b7a378ddf2634bbe61147ba911b58,"[239592, 239599]","{239592: Timestamp('2017-11-23 05:40:45+0000', tz='UTC'), 239599: Timestamp('2017-11-22 02:31:20+0000', tz='UTC')}","@ATVIAssist @115766 @XboxSupport @129141 After every TDM match, I am getting back to the lobby and can't see any players, orders, weapon attachments and can't access the headquarters. Any ideas what could be going on? @172925 Definitely odd. Can you share your Nat type and your gamertag? Also, let's uninstall the game: https://t.co/3oioL0JuK8 then power cycle: https://t.co/QENEhDs7tB and reinstall the game. Keep us in the loop on how that goes along with that info we asked for. ^IS","The customer is complaining that after every tdm match, tthey getting back to the lobby. The agent asked to share nat type and their gamertag.",1 days 03:09:25
26f0c74ed17816b41385710186d396dc,"[1721404, 1721407, 1721408]","{1721404: Timestamp('2017-11-07 08:46:17+0000', tz='UTC'), 1721407: Timestamp('2017-11-06 19:53:42+0000', tz='UTC'), 1721408: Timestamp('2017-11-06 19:51:30+0000', tz='UTC')}","@sainsburys good evening. This evening I have found a snail shell in my garden peas @520948 Hi there, sorry about this Marcella. We'd definitely expect more from our products. Can you send me a pic of the barcode please? Robbie @520948 Thank you, if you DM me your Nectar card number via this link I can get a refund added plus extra and make sure this is fed back. Robbie https://t.co/MdMtnTlX6H",The customer is complaining that they found a snail shell in garden peas. The agent asked to send a pic of the barcode and to dm nectar card number via this link and get a refund added.,0 days 12:54:47
76aca5ec890cb18152140663e2c50c7a,"[167672, 167673, 167674]","{167672: Timestamp('2017-11-24 21:17:13+0000', tz='UTC'), 167673: Timestamp('2017-11-24 20:47:09+0000', tz='UTC'), 167674: Timestamp('2017-11-24 20:37:51+0000', tz='UTC')}",@115955  @Ask_Spectrum  SO I Can't castfrom my app to my TV?Really? @155002 As long as both devices are connected to your home network you should be able to cast content. If either device is not connected to your home network then casting is blocked due to our network agreements. ^RT @155002 I would be happy to get this issue escalated for you. Can you please DM the service address and phone number? ^RT,The customer is complaining that he can't able cast his app and tv. The agent responded that the devices need to connect to the home network and asked them dm.,0 days 00:39:22
b40163baf4326d46ca65d8da27793b9c,"[2975100, 2975103, 2975103, 2975106]","{2975100: Timestamp('2017-11-30 02:57:48+0000', tz='UTC'), 2975103: Timestamp('2017-11-30 02:54:26+0000', tz='UTC'), 2975106: Timestamp('2017-11-30 03:17:08+0000', tz='UTC')}","@Delta I want to elevate my status but the link on the website doesn’t work. The FAQ’s say you can buy miles for 2018 but the link given is expired. Help! @Delta Correct. But the link to the elevate your status page that is given doesn’t work. @820510 Meredith, the portal to Elevate Your Status will be able available starting December 1st  through 11:59 PM CST February 15, 2018.  *AOS",Customer is asking how to elevate his status when the link is not working. Agent replies that the portal to elevate their status which will be  available on December 1st through 11:59 pm.,0 days 00:22:42
d5461d66edb7aebb745e96dd39cf0091,"[69556, 69556, 69560]","{69556: Timestamp('2017-11-29 10:28:41+0000', tz='UTC'), 69560: Timestamp('2017-11-27 18:06:19+0000', tz='UTC')}",@sainsburys I’m puzzled that you say this is suitable for vegans - it contains milk! https://t.co/2SlpiG23O6 @131763 We can confirm that the Taste the Difference three nut and mushroom roast is suitable for vegans. The milk allergen warning was a mistake. Mariya,Customer is complaining about the allergen warning which they have mentioned as it is suitable for vegans where it contains milk. Agent replied that the mistake was from their end.,1 days 16:22:22
b1f08d9e94999f9772c0de3d57738010,"[2671980, 2671983, 2671985, 2671986]","{2671980: Timestamp('2017-10-31 11:07:36+0000', tz='UTC'), 2671983: Timestamp('2017-10-31 10:27:23+0000', tz='UTC'), 2671985: Timestamp('2017-10-31 10:01:32+0000', tz='UTC'), 2671986: Timestamp('2017-10-31 10:14:26+0000', tz='UTC')}","@121349 Hello, I want to ask which is the easiest way to arrive from Orly airport to Intercontinental Paris - Le Grand? I will appreciate your answer, greetings! @752353 1/2 Hi, the Orly Airport is 25 kms from the Intercontinental Paris - Le Grand. You may take the Roissy Bus from the airport @IHGService Thank you! It definitely helps :). Can I also take de Roissy bus from the hotel area to the airport? @752353 For more information, you may contact the hotel directly at 33 1 40073232 or email them at __email__. ^cd",Customer is asking which is the easiest way to arrive from Orly airport to intercontinental Paris Le Grand. Agent replies for more information customer can directly contact hotel with the given Contact details or can email at given email address.,0 days 01:06:04
d6727678be6e8a163d092d7050c77116,"[1710655, 1710657, 1710658, 1710659, 1726308]","{1710655: Timestamp('2017-11-07 01:21:16+0000', tz='UTC'), 1710657: Timestamp('2017-11-07 02:07:00+0000', tz='UTC'), 1710658: Timestamp('2017-11-06 16:01:12+0000', tz='UTC'), 1710659: Timestamp('2017-11-06 16:38:20+0000', tz='UTC'), 1726308: Timestamp('2017-11-07 05:15:52+0000', tz='UTC')}","It’s been long time since my last tweet let’s start our even with the new #UPDATE  of #Apple IOS 11.1 @518226 Chatted with over 5 advisors to solve my issue among them experts which couldn’t protect my personal data to be preserved@Apple @AppleSupport the issue resolved by only restoring my iPhone which resulted in loss of data and memories. Really appreciated @518226 DM us using the link below, so that we can look further into this with you. https://t.co/GDrqU22YpT @518226 Let us take a closer look at this for you. Join us in DM: https://t.co/GDrqU22YpT","Customer complains that after updating, the iPhone is not working. Agent provided the link to DM to have a further help.",0 days 13:14:40
91f2b7b8c90cf3a3d018e23b793b2b17,"[893563, 893564, 893565, 893566, 893569]","{893563: Timestamp('2017-10-13 23:15:17+0000', tz='UTC'), 893564: Timestamp('2017-10-13 13:23:06+0000', tz='UTC'), 893565: Timestamp('2017-10-14 11:38:55+0000', tz='UTC'), 893566: Timestamp('2017-10-14 15:35:53+0000', tz='UTC'), 893569: Timestamp('2017-10-14 20:00:54+0000', tz='UTC')}","@sainsburys cutting menus in restaurant by at least 2/3 no ham,egg,chips etc,  big mistake! @sainsburys I was in Northfleet. I had to walkout as there was no gluten free option, no baked potatoes left. @149063 Thanks Kate. Could you confirm when you visited the cafe? I'd like to ensure this is logged accurately for the Cafe Manager to review. Sam. @sainsburys It was 1pm Friday. I spoke to the girl on the till &amp; ordered but she said there were no baked pots so walked out. @149063 Really sorry Kate, I'll get this logged with the store manager for internal review. If you DM your Nectar card number using the below...1/2 https://t.co/MdMtnTlX6H",Customer complains on cafe for unavailability of particular ordered food. Agent assures and has been escalated to manager to internal review.,1 days 06:37:48
82d431ff50cb6c9fae76deca4cf766c7,"[819674, 819675, 819678, 819680, 819681, 819682, 819683]","{819674: Timestamp('2017-10-12 21:49:06+0000', tz='UTC'), 819675: Timestamp('2017-10-12 21:43:37+0000', tz='UTC'), 819678: Timestamp('2017-10-12 21:42:04+0000', tz='UTC'), 819680: Timestamp('2017-10-12 21:38:28+0000', tz='UTC'), 819681: Timestamp('2017-10-12 21:37:07+0000', tz='UTC'), 819682: Timestamp('2017-10-12 21:40:03+0000', tz='UTC'), 819683: Timestamp('2017-10-12 12:38:21+0000', tz='UTC')}","Actually still totally missing the point. Loyal customers deserve more than a meaningless gift card when you have let them down @Tesco https://t.co/EJOebTfqXS @Tesco Something with some thought put into it, that acknowledges the annoyance &amp; inconvenience of your failure and shows that you value the custom @Tesco Not necessarily the same for each customer, you KNOW what each customer buys often, you have the power to choose something personal to them @Tesco A bunch of flowers, a bottle of wine, that milk or box of cereals your customer really needed for the kids breakfast/lunchbox whatever @Tesco Just sthing that shows you realise what a total &amp; utter pain in the a**e it is when a v busy person is let down by a service provider @Tesco Eg when they’ve had to change out of their pjs at 10.30pm to go &amp; do the grocery shopping after a long day working &amp; looking after family @304665 We do feel however the resolution provided is a fair one given the circumstances. Kind regards - James 2/2",Customer complains about the gift cards which is not suitable for the loyal customers. Agent replied that not receiving the delivery will be inconvenient and said the resolution which is provided is a fair one.,0 days 09:10:45
cdab1669f3fe248ef1b10ed53bab6f0b,"[2689094, 2689096, 2689101]","{2689094: Timestamp('2017-11-19 15:37:45+0000', tz='UTC'), 2689096: Timestamp('2017-11-19 15:29:39+0000', tz='UTC'), 2689101: Timestamp('2017-11-19 15:19:13+0000', tz='UTC')}","@VirginTrains I’m having problems finding the WiFi start page and the usual bbc news way of doing it no longer works. Do you have a link? @151527 Oh no! Could you please try forgetting the network in your settings, reconnect &amp; then follow the link again? This should do it @151527 Apologies about that, Darren, glad you've managed to connect now. Have a good journey :) ^HP","Customer is complaining about the WiFi start page and the usual bbc news way of doing it no longer works. Agent says to try forgetting the network in settings, reconnect &amp then follow the link again and will managed to connect.",0 days 00:18:32
768e390991610e8fbfdae7abde8c4998,"[83937, 83939, 83942, 83943]","{83937: Timestamp('2017-12-03 13:21:54+0000', tz='UTC'), 83939: Timestamp('2017-11-22 08:40:26+0000', tz='UTC'), 83942: Timestamp('2017-11-21 02:43:15+0000', tz='UTC'), 83943: Timestamp('2017-11-21 03:03:00+0000', tz='UTC')}","@idea_cares 9025288580is my number. I cannot open my bill. My  plan is 349.bt billed amount is 499. Clarify that @134445 We regret the inconvenience caused. Your contact details are with us and we will get back to you soon.
Reuest you to delete your number from here for security reason.

Regards,
Neha L @134445 As checked your concern has been discussed &amp; addressed by our team. Rgds, Amit @134445 We are working on this to get it resolved at the earliest. Please bear with us for some time.

Regards,
Pradnya",Customer is not able to open the bill. Agent updated that they are working on it and they will resolved at earliest.,12 days 10:38:39
1f889b03bad6b2445f57d143b2527743,"[2325566, 2325568, 2325574, 2325578]","{2325566: Timestamp('2017-11-13 14:46:03+0000', tz='UTC'), 2325568: Timestamp('2017-11-13 14:35:10+0000', tz='UTC'), 2325574: Timestamp('2017-11-13 14:24:05+0000', tz='UTC'), 2325578: Timestamp('2017-11-13 13:09:47+0000', tz='UTC')}","@VirginTrains selling online super off peak tickets for time tickets are not valid. You rip off customers with misleading fare availability @VirginTrains Bought tickets a month ago for Jan-March at 7.43 h. you were selling super off peak. Now discovered that Website is selling option not valid @673629 Not sure why these are showing as Super Off-Peak. If you've booked these already please contact our Aftersales team through LiveChat so that they can look in to this further: https://t.co/PAMNyrwzCC ^CB @673629 I can't recreate this issue when booking here, so the team will look in to this further and get back to you if you've requested a call back ^CB",Customer is complaining about the online selling super off peak tickets where the tickets are not valid and tells that misleading customers with fare availability. Agent updates that they can recreate this issue when booking there and the team will look into this issue and will get back to them if they have requested a call back.,0 days 01:36:16
e4c07e473077bd46e85bdfe2b782846e,"[567650, 567653]","{567650: Timestamp('2017-12-03 18:59:30+0000', tz='UTC'), 567653: Timestamp('2017-12-03 01:40:45+0000', tz='UTC')}",@AppleSupport just brought a new charger and threw away the packaging because i never had a problem with them fresh out the box. Why won’t my charger work? And nothing is wrong with my phone port because my car charger works fine. https://t.co/dH3i5IOM2i @253142 We understand wanting to get your Apple Charger working again. Was it purchased directly from Apple? Let us know in DM and we would love to look at some service options together. https://t.co/GDrqU22YpT,The customer is complaining that his iphone was not at all charging. The agent asked to dm to look at the service options together.,0 days 17:18:45
cc06aed92d989afa96c62f6ae78c85a1,"[2836239, 2836240]","{2836239: Timestamp('2017-11-27 16:26:02+0000', tz='UTC'), 2836240: Timestamp('2017-11-27 16:19:41+0000', tz='UTC')}","@VirginTrains hello.  My wife and I are travelling back from London to Liverpool tonight from celebrating our 20th wedding anniversary.  Any chance of an upgrade to first class?  I am staff?  Please :-) @789438 Hi Robbie, happy anniversary to you and your wife :) I'm afraid we can't promise anything on upgrades but we can do our best to contact the Train Manager to see if there's anything they can do. Which service are you travelling on? ^HP",The customer is asking that can they upgrade their seats. The agent updated that they were afraid to promise but can able to best to contact the train manager to see something they can do.,0 days 00:06:21
abe8394cdc05834bb62186ca96d0c19a,"[1097428, 1097431, 1097432, 1097433]","{1097428: Timestamp('2017-10-13 21:51:20+0000', tz='UTC'), 1097431: Timestamp('2017-10-13 23:58:32+0000', tz='UTC'), 1097432: Timestamp('2017-10-13 21:49:09+0000', tz='UTC'), 1097433: Timestamp('2017-10-13 18:59:43+0000', tz='UTC')}","@115888 why can't i listen to all songs, in a playlist folder, on mobile anymore? @378966 Hey there! Does logging out, restarting your device, and logging back in help? Let us know /TF @SpotifyCares No it doesn't unfortunately, happened sometime after a recent update on Android @378966 No worries! Can you DM us your account's username and email address? We'll take a look backstage /TF https://t.co/ldFdZRiNAt","The customer asks why can't he listen to all songs, in a playlist folder on mobile and adds that it happened sometime after a recent update on Android. The agent asks does logging out, restarting the device, and logging back in help to resolve the issue and asks to DM customer's account's username and email address to assist further on the issue.",0 days 04:58:49
8ecb6cbae489e89d6d56e15608f95c8a,"[451040, 451041, 451051, 451052, 451053]","{451040: Timestamp('2017-11-30 21:56:18+0000', tz='UTC'), 451041: Timestamp('2017-11-30 21:38:22+0000', tz='UTC'), 451051: Timestamp('2017-11-30 21:49:00+0000', tz='UTC'), 451052: Timestamp('2017-11-30 21:48:57+0000', tz='UTC'), 451053: Timestamp('2017-11-30 21:31:13+0000', tz='UTC')}","@SW_Help the 2120 Salisbury train from Waterloo. Not really getting much info guys.... @SW_Help So it was incorrectly coupled?? Really???? Your driver decoupled and recoupled it and the doors ""magically worked"". Serious breach in protocol there guys. Playing with safety because previous driver wanted to clock out. @182172 On occasion the electrical contacts that the trains use to pass communications for door controls, power and brake, information systems, etc will not make contact properly. In these cases, detaching and reattaching is the approved process taken in line with our fleet 1/3 @182172 team's fault-finding instructions, and done under the instruction of maintenance staff and the fleet control manager. The train's fail-safe systems would not allow it to move in this situation, and if we could not resolve the problem, the train would be taken out of service. 2/3 @SW_Help So wait a second. Once a driver couples the train it's not protocol to test immediately, but to wait until the carriages are full of passengers to then couple? That's your statement?","Customer is asking that salisbury train from waterloo. Agent updated that he was giving information more detailed, running a railway often gas a lot more to it than it appears.",0 days 00:25:05
5462c3ace2d126debdb27dd029c265d9,"[476559, 476562, 476563, 476569]","{476559: Timestamp('2017-12-01 11:13:14+0000', tz='UTC'), 476562: Timestamp('2017-12-01 09:44:14+0000', tz='UTC'), 476563: Timestamp('2017-12-01 12:15:38+0000', tz='UTC'), 476569: Timestamp('2017-12-01 16:52:26+0000', tz='UTC')}",".@Tesco used to do a box of chocolate orange segments that I'd use for baking! Much cheaper than Terrys. Have you discontinued them? I can't find them at my local Extra anymore?? 😣 @228258 Hi Amy, is there any chance that this is the product you're looking for:
https://t.co/dI8Z9o80gO

Thanks, Calum @228258 Hi Amy, I've checked &amp; it's been discontinued from our range. I'm sincerely sorry for any inconvenience caused - Laura @228258 Oh...well in that case I have some bad news for you. We've stopped selling them in the Andover store however if you DM me your name and address I'll log your interest in bringing this item back :). Regards - Peter https://t.co/py5Z991Bme","Customer is complaining that they can't find a box of chocolate orange segments that was use for baking and asks whether they have discontinued them. Agent updates that they have stopped selling them and however if they DM their name and address, it will help them to bring this item back.",0 days 07:08:12
6f14cc70042eef85911f65c921577eee,"[2244177, 2244178, 2244180]","{2244177: Timestamp('2017-11-10 21:39:10+0000', tz='UTC'), 2244178: Timestamp('2017-11-11 02:03:55+0000', tz='UTC'), 2244180: Timestamp('2017-11-11 06:51:09+0000', tz='UTC')}","@Delta no response for me regarding my lost baggage in Rome? Way to add to the already ill feelings #delta @654205 I'm glad to hear that your luggage arrived! As a gesture of apology, I'd like to offer you 8K bonus SkyMiles for the inconvenience we caused. *HEC @654205 Your miles should be posted within 48 hours. Please, let us know if you need any further assistance. *AMV",Customer is complaining that his luggage has been delayed. Agent says that the miles should be posted within 48 hours.,0 days 09:11:59
90bdfa5a14f467675bb5b954073dcd67,"[412004, 412005, 412008, 412016]","{412004: Timestamp('2017-10-10 00:41:34+0000', tz='UTC'), 412005: Timestamp('2017-10-10 01:05:18+0000', tz='UTC'), 412008: Timestamp('2017-10-10 01:20:23+0000', tz='UTC'), 412016: Timestamp('2017-10-10 06:22:55+0000', tz='UTC')}","@117153 I've downloaded the latest app (deleted and reinstalled) and the log in screen does not even appear in the app once loaded @213284 Could you send a screenshot of how exactly it appears from your end? /JL @213284 Hmm. Could you try removing the app again, restarting your device, then reinstalling? Also, does this happen on other devices? /JL @213284 We understand. Let's continue troubleshooting on your phone. Can you DM us your account's username and email address? /JL https://t.co/ldFdZRiNAt",Customer has some issue with logging into the Spotify app after installing the latest version. Agent requests for screenshots for more details and requests for the personal details. Also suggests to reinstall after restarting the device.,0 days 05:41:21
2ee19b094a7da602ac403dfba054933c,"[1669750, 1669752, 1669753, 1669754]","{1669750: Timestamp('2017-11-19 11:23:25+0000', tz='UTC'), 1669752: Timestamp('2017-11-19 14:05:20+0000', tz='UTC'), 1669753: Timestamp('2017-11-19 01:31:10+0000', tz='UTC'), 1669754: Timestamp('2017-11-18 21:50:36+0000', tz='UTC')}","@Tesco hi. Me again lol. Ur ch/out on ur app &amp; Web aren't loading at all. Just says ""oops something went wrong"" on both. Even tried another handset n still nope. Xx @138268 If so, can you remove this from the order to see if this helps? you can then re-add this to your order. Kindest regards- Hannah. 2/2 @138268 Have you tried to delete and re-install the app? An in-private browsing tab can sometimes work also. Thanks - Murray @138268 I am sorry, these are all the fixes we have. Can you DM your name, address, device and version of the app so I can log this? Charlotte https://t.co/py5Z991Bme","Customer is complaining that they have issue with the grocery app where its not loading and says ""oops something went wrong"" and have tried using another handset but still facing same issue. Agent apologies because these were the fixes they had and requests to DM their name, address, device and version of the app so that they can look into this.",0 days 16:14:44
57bcdb54cb12d6c7e5000402e6103840,"[2621520, 2621522, 2621523, 2621525, 2621526]","{2621520: Timestamp('2017-11-17 15:51:37+0000', tz='UTC'), 2621522: Timestamp('2017-11-17 13:00:00+0000', tz='UTC'), 2621523: Timestamp('2017-11-17 15:48:46+0000', tz='UTC'), 2621525: Timestamp('2017-11-17 15:48:17+0000', tz='UTC'), 2621526: Timestamp('2017-11-17 12:58:32+0000', tz='UTC')}","@115714’s reception and customer service lack but they do offer some pretty cool benefits. They don’t make up for the terrible customer service I receive 90% of the time when I call nor the fact that I rarely have reception.... but they’re pretty cool! @115714 And let’s not forget that I can’t talk on the phone and browse the web or use any apps unless I’m on WiFi but I could in 2012..... #stilldisappointed I don’t understand the regression @740710 Hey Tamisha! We do understand how you feel! Simultaneous Voice and Data on a phone is available when connected to Wi-Fi, and at times on Sprint's data network with devices that have Calling Plus capability (also called LTE Calling which allows calls -CO @740710 the LTE network while on a voice call. A single radio better supports the new Sprint LTE Plus network, and preserves device battery life. When connected to Wi-Fi, customers can make calls and access data. -CO @sprintcare I love how you completely ignored the statement about your terrible customer service and reception.",Customer is complaining that reception and customer service lack. Agent updated that when connected to wifi customers will make calls and access data.,0 days 02:53:05
2306e7d51a304c03b86571769e43f379,"[304452, 304452, 304453, 304455]","{304452: Timestamp('2017-10-06 20:15:01+0000', tz='UTC'), 304453: Timestamp('2017-10-07 13:50:02+0000', tz='UTC'), 304455: Timestamp('2017-10-07 18:44:00+0000', tz='UTC')}","@AppleSupport thnx to the update, I haven’t had service the last 2 days. Nothing on the support page helps. Great update🙄 @188705 Let's make sure the settings for your carrier are up to date. https://t.co/bfoi2mhtX3 @188705 Thanks for those details. Check out this article and let us know if the issue perists: https://t.co/5KootZbxj1",Customer is complaining about the issue with the service after the previous update and states that didn't get any help visiting the support page. Agent suggests to update the carrier settings and requests to check out the article he shared to resolve the issue.,0 days 22:28:59
360cda8a93a0daf0c967eb8892e29061,"[143253, 143254, 143264, 143267, 143267]","{143253: Timestamp('2017-11-24 12:31:58+0000', tz='UTC'), 143254: Timestamp('2017-11-25 02:57:00+0000', tz='UTC'), 143264: Timestamp('2017-11-25 13:16:46+0000', tz='UTC'), 143267: Timestamp('2017-11-25 14:42:00+0000', tz='UTC')}","@idea_cares Now I want to disconnect my number please provide my outstanding details and give me details to disconnect my idea number 9868210681 @148354 Sorry for trouble caused to you. As there is some outstanding amount remaining dur to which you are getting the remainder calls. Please pay that amount to stop the calls.
Regards,
Neha L @idea_cares Even after your special waiver I am going to disconnect my connection tomorrow @148354 We are sorry about the problem you had with our services. We are working continuously in improving our services. Please bear us for sometime.
Regards,
Darshan.",Customer is complaining about the reminder calls on paying the bills and wants to disconnect the service. Agent states that they are offering special waiver and requests to continue the service.,1 days 02:10:02
c8543fbec62f390747fca91f6c1c5cca,"[1280032, 1280036, 1280037, 1920690]","{1280032: Timestamp('2017-10-26 16:59:48+0000', tz='UTC'), 1280036: Timestamp('2017-10-26 16:46:31+0000', tz='UTC'), 1280037: Timestamp('2017-10-26 16:54:43+0000', tz='UTC'), 1920690: Timestamp('2017-10-30 07:58:30+0000', tz='UTC')}",@Delta How do I go about filling a claim for my luggage that was damaged during the flight home that I paid an extra $100 for. https://t.co/1xmHuMRhx6 @419503 ...flight for a Domestic flight and within 7 days if it was an International flight. *TRR 2/2 @419503 Just bring the bag and your boarding pass for the arrival to the baggage service office.  *TMS @Delta I had to go to work is there anyway I can bring my luggage to the airport today.,Customer wants to know how he can fill the claim for luggage that was damaged in the flight. Agent asked the customer to bring the damage luggage to the baggage service office.,3 days 15:11:59
654176114856f4052b2377c7983574f4,"[1730023, 1730026, 1730028, 1730028]","{1730023: Timestamp('2017-11-07 11:43:46+0000', tz='UTC'), 1730026: Timestamp('2017-11-07 11:52:42+0000', tz='UTC'), 1730028: Timestamp('2017-11-07 10:31:44+0000', tz='UTC')}","@O2 I'm still waiting for my Iphone X. The case is here in front of me looking lonely and sad... Where is my phone https://t.co/PqlhVNnEHG @522835 The handset is hugely popular and is in massive demand, we'll get it out to you as soon as possible 👍 @522835 It depends on the stock we receive, Jack. We'll get all orders sent out as quickly as we possibly can.",Customer is complaining  about the iPhone  which has not yet delivered. Agent says all orders sent out as quickly as  possibly can.,0 days 01:20:58
3b1f7645475c1dba20405cddd2db6a28,"[333716, 333718, 333720, 333721]","{333716: Timestamp('2017-10-07 19:52:53+0000', tz='UTC'), 333718: Timestamp('2017-10-07 19:51:10+0000', tz='UTC'), 333720: Timestamp('2017-10-07 21:38:31+0000', tz='UTC'), 333721: Timestamp('2017-10-07 22:19:55+0000', tz='UTC')}",Dear @AmericanAir need a direct flight from #BDL to #PITT #SteelerNation @195513 We may not have a direct flight but we can get you there. Check out our website: https://t.co/iJWiiS4WLg @AmericanAir My please feel free to add a few points to my account ! 😊 @195513 You totally deserve the upgrade so please sit back and enjoy the flight back home!,The customer says that he need a direct flight from #BDL to #PITT #SteelerNation and asks to add a few points to his account. The agent says that they may not have a direct flight but they can get him there and adds that he totally deserve the upgrade and requests to enjoy the flight back to home.,0 days 02:28:45
20e959f2d4d4fa5c4657be623b3d314d,"[2875772, 2875773, 2875775, 2875778]","{2875772: Timestamp('2017-11-28 05:47:30+0000', tz='UTC'), 2875773: Timestamp('2017-11-28 05:07:06+0000', tz='UTC'), 2875775: Timestamp('2017-11-28 08:05:57+0000', tz='UTC'), 2875778: Timestamp('2017-11-28 09:11:00+0000', tz='UTC')}","@idea_cares my number 9870347384 has been deactivated..After number of attempts by visiting idea gallery no efforts have been done by ur side to activate again..I m ready to pay outstanding dues but want to activate the number @idea_cares I went to idea gallery yesterday. They replied that even if the payment is made, the number 9870347384 will not be activated..First give me assurance that my number will be activated then I will surely make payment @idea_cares Then who will give assurance @228344 Sorry for the trouble caused.We request you to dial 198/12345 for futher assistance.
Regards,
Shweta",Customer is complaining that the even after the payment is done the number is not activated and customer needs assurance before making a payment. Agent updated that the number is inactive due to not making a payment.,0 days 04:03:54
494bfb25b7d07b4c92bdf84d295719b5,"[328945, 328948]","{328945: Timestamp('2017-11-01 15:55:45+0000', tz='UTC'), 328948: Timestamp('2017-11-03 06:51:00+0000', tz='UTC')}","@GloCare pls I buy 1000 data on renewable, but still didn't receive my 100% bonus. @194426 Morning Mohammed, the 100% bonus data has been added to the data plan. Dial *127*0# to checks.  TT",The customer is complaining that they haven't receive 100% bonus. The agent updated that 100% bonus data has been added to the data plan.,1 days 14:55:15
b67d4c96b95db8bc29cd1ccdde1e7fa7,"[1003479, 1003482, 1003482, 1003483, 1003486]","{1003479: Timestamp('2017-10-22 15:13:34+0000', tz='UTC'), 1003482: Timestamp('2017-10-22 14:29:50+0000', tz='UTC'), 1003483: Timestamp('2017-10-24 09:51:31+0000', tz='UTC'), 1003486: Timestamp('2017-10-24 10:19:23+0000', tz='UTC')}","@Morrisons what is your policy on swipe and sign cards. As I have been refused twice! Even tho was told via your fb page I could. https://t.co/fvLRZ8hjdl @357529 Hi Sallyann - we do accept both Visa/Mastercard gift cards - Raj @357529 hey Sally, please confirm the Store you visit so I can look into this - Taz @357529 Hey Sallyann, I've just been speaking to our Duty manager Donna who's now aware we accept these. Be sure to ask 1/2",The customer is asking for the policy of the swipe and sign cards as its been refused twice for him from the store. Agent is asking for store details the customer visits and added that that they do accept the Visa/Mastercard gift cards.,1 days 19:49:33
6fd6f04d7d7eed52683aad3e66f6039b,"[1301298, 1301300, 1301301, 1301302, 1301305]","{1301298: Timestamp('2017-10-27 00:13:27+0000', tz='UTC'), 1301300: Timestamp('2017-10-27 02:31:54+0000', tz='UTC'), 1301301: Timestamp('2017-10-26 23:53:34+0000', tz='UTC'), 1301302: Timestamp('2017-10-27 00:29:33+0000', tz='UTC'), 1301305: Timestamp('2017-10-27 02:36:31+0000', tz='UTC')}","@115858 your new iOS SUCKS. Battery drain is absurd on my 7, now, and Messages doesn’t display names half the time, just a number. Fix it!! @424128 We'd like to see what we can do to help get this sorted out. Are you able to see your full contacts in the Contacts app? @424128 Can you let us know the exact version of iOS 11 that you’re using? To check, go to Settings &gt; General &gt; About. @AppleSupport About half a day. Prior to upgrade I didn’t need a charge till end of day. I haven’t changed my useage. @424128 We understand what you mean. DM us next and let us know about when you installed the 11.0.3 update exactly. https://t.co/GDrqU22YpT","Customer is complaining the issue of battery drain. Agent updated the customer to install the new version of iOS i.e, 11.0.3.",0 days 02:42:57
152421bb19989e13d88a98c977b6299b,"[1293965, 1293966, 1735379]","{1293965: Timestamp('2017-11-07 13:30:35+0000', tz='UTC'), 1293966: Timestamp('2017-11-07 13:34:01+0000', tz='UTC'), 1735379: Timestamp('2017-11-07 13:51:20+0000', tz='UTC')}","@Delta @824 I’m on flight 2433 to MSY from ATL seat 1A looks like your window needs fixin’! Shade obviously doesn’t work either! https://t.co/rZpEuoHNkn @173201 @824 Harley. I'm very sorry to hear this. What is your seat number I will report it to maintenance? Unless, you've already  *HTP @Delta @824 You’re welcome. I’m unhappy I won’t be able to close the shade to get some rest I planned on getting this flight.",Customer is complaining that the window need to be fixed in seat 1A on flight 2433 to MYS from ATL. Agent updates that this complaint has been reported to the flight attendant.,0 days 00:20:45
c13dd1bb2ac4c87809637988abed5a84,"[572534, 572536, 572538, 572539]","{572534: Timestamp('2017-12-03 04:32:47+0000', tz='UTC'), 572536: Timestamp('2017-12-03 06:00:08+0000', tz='UTC'), 572538: Timestamp('2017-12-03 12:36:00+0000', tz='UTC'), 572539: Timestamp('2017-12-03 13:46:54+0000', tz='UTC')}","@XboxSupport Hello, I was playing saint's row the third 'the complete package' via BC. I was able to installed all the DLC however the DLC doesn't popped up on my game. I'm not sure if I need to reach a certain point in the game to unlock them. Please assist. @254533 Thanks for that! Let's try uninstalling the game, power cycling, and reinstalling  1 ^RR @XboxSupport Hi, I tried reinstalling it with the 2nd disk, however when I tried to install the 1st disk after that. The 1st disk just launch the game and it didn't download the DLC @XboxSupport Hi, the issue has been solved. It seems that I have to play with the 1st disk in order to access the DLC. No matter what I tired, the 2nd disk will not activate the DLC.. However the 1st disk will crash if I press continue. the only way to resolve it is to restart the console.","Customer is requesting to assist about the game where they were able to install all the DLC but DLC is not popping up on their game and not sure that they need to reach a certain point in th game to unlock them. Agent updates to try uninstalling the game, power cycling and reinstalling.",0 days 09:14:07
e232df5b9f3d6aca0fe9cf0822108825,"[2921139, 2921141, 2921144, 2921145, 2921146]","{2921139: Timestamp('2017-11-29 01:11:59+0000', tz='UTC'), 2921141: Timestamp('2017-11-29 01:09:03+0000', tz='UTC'), 2921144: Timestamp('2017-11-29 01:03:43+0000', tz='UTC'), 2921145: Timestamp('2017-11-29 00:58:09+0000', tz='UTC'), 2921146: Timestamp('2017-11-27 19:55:03+0000', tz='UTC')}",Can't trust @TacoBellTeam I go to your establishment and not ONCE have I been given my full order.. I expect at the very least an apology @808467 That's unacceptable. Which location does this keep happening at? @TacoBellTeam Henrietta and Brockport many times @808467 Thanks for that. We'll speak with management. @808467 Let's talk. DM us. https://t.co/FUsmRWStIs,Customer is complaining about not receiving the food ordered. Agent updated that they will speak with management and inform the customer to DM.,1 days 05:16:56
d91d32a38bca29f8cc71b3e4b1283923,"[1120742, 1120743, 1120744]","{1120742: Timestamp('2017-10-15 13:00:58+0000', tz='UTC'), 1120743: Timestamp('2017-10-15 12:52:34+0000', tz='UTC'), 1120744: Timestamp('2017-10-15 12:55:20+0000', tz='UTC')}",@Delta why is my seat missing an armrest..paying a full ticket fare I would at least like to have two armrests.... https://t.co/jM0B8IBzWG @384391 Hi Allen. Thank you for bringing this to our attention. I'll definitely pass this along to our Cabin Maintenance Crew.           *TDH @384391 My apology for the missing armrest. I can offer you 4000 bonus miles to your SkyMiles account.  *TDH,Customer complains about missing armrest in his seat. Agents compensate by offering 4000 bonus miles getting credited to customers SkyMiles account.,0 days 00:08:24
8fbd3f23191a21c92ebb5c19cbcc9226,"[2762488, 2762491, 2762495]","{2762488: Timestamp('2017-11-21 07:29:55+0000', tz='UTC'), 2762491: Timestamp('2017-11-21 07:19:48+0000', tz='UTC'), 2762495: Timestamp('2017-11-21 07:01:54+0000', tz='UTC')}",".@VerizonSupport no  #PowerfulAnswers from you today. Thankful family member is #Teamiphone @115858  allowing me to use hotspot so I can work while on call. Let's see what happens at 8am, #PowerfulAnswers then? Hope technician is competent. https://t.co/6cagkict5d @766172 Thank you for the information. Follow and DM for further assistance. 
^BAB @VerizonSupport Wasted all of yesterday with you @VerizonSupport. Just informing that #PowerfulAnswers were not received and more importantly  patient care not compromised thanks to @115858 #iPhone #hotspot of my family member. ✌🏽 https://t.co/Nrwed5BIQ0",The customer informs that #PowerfulAnswers were not received and adds that the patient care not compromised. The agent asks to DM to assist further to get the issue resolved.,0 days 00:28:01
0d2116ef5bf6ffef241a8ecace87e633,"[2493429, 2493430, 2493431, 2493432]","{2493429: Timestamp('2017-11-15 18:24:39+0000', tz='UTC'), 2493430: Timestamp('2017-11-15 19:00:00+0000', tz='UTC'), 2493431: Timestamp('2017-11-15 18:01:20+0000', tz='UTC'), 2493432: Timestamp('2017-11-15 19:02:03+0000', tz='UTC')}","@GloCare your network has started again in my area oooo... Seems it's time to get rid of your sim card.. I didn't have service since yesterday morning @634314 Sincere apologies. kindly provide your number, device type, exact location with landmark, error message, signal you can see and alternate number. AP @GloCare 07051250777, Infinix Hot3, Alagbado AIT side, no signal at all, 08093955968 @634314 We apologize for the inconvenience, our engineers are working on the issue.Kindly bear with us. Thank you.AP",Customer is complaining about the issue with the network connection. Agent states that their engineers are working on resolving the issue.,0 days 01:00:43
17a981f02ad216cf55c609694e743beb,"[1688628, 1688629, 1688631, 1688633]","{1688628: Timestamp('2017-11-06 20:14:56+0000', tz='UTC'), 1688629: Timestamp('2017-11-06 20:21:24+0000', tz='UTC'), 1688631: Timestamp('2017-11-06 20:21:26+0000', tz='UTC'), 1688633: Timestamp('2017-11-06 20:32:32+0000', tz='UTC')}","@AmazonHelp Hi. 2 issues. 1st - Dot says can't connect - to check power and network. Both are fine. @AmazonHelp 2nd. Using voice remote to access video. Ask for Homeland it takes me to Netflix, which I have. Ask for Blue Bloods, takes me to Hulu. @171992 I'm sorry for the difficulty you're having. Have you tried resetting the router/modem? ^MH @171992 Let's do some troubleshooting with you in real time here: https://t.co/hApLpMlfHN ^JZ",Customer is facing problem in connecting dot and voice remote to access video. Agent request to troubleshoot with reference to URL.,0 days 00:17:36
df58ea3677fc7f9f059402ea8db736d6,"[848802, 848803, 848804, 848807, 848808]","{848802: Timestamp('2017-10-13 12:58:27+0000', tz='UTC'), 848803: Timestamp('2017-10-13 13:01:50+0000', tz='UTC'), 848804: Timestamp('2017-10-13 12:56:32+0000', tz='UTC'), 848807: Timestamp('2017-10-12 16:06:02+0000', tz='UTC'), 848808: Timestamp('2017-10-12 16:04:17+0000', tz='UTC')}","@115913 I am 8 days without cell service because my Phone is locked to T-Mobile, although I fully own the phone. End this crap concept! @321698 @115913 We'll check this out right away, DM me so we can dig in https://t.co/Nr93OTtXRx *TaylorBest @TMobileHelp @115913 Note: i got a local phone for ~$200 that lasted one day before it broke! And data won't work. @TMobileHelp @115913 I got offered an option to unlock my phone in black market for ~$100. I would have done it instead of this situation if i could trust them. @321698 @115913 We'd love to offer our support and help in any way that we can. Please send a DM with more details https://t.co/PUCbqyZK4U *RachaelTansey","Customer is complaining that from 8 days without cell service because his phone is locked to t-mobile, although it fully own the phone. Agent updated that they had DM an damp they will work with there to get more info on this matter.",0 days 20:57:33
9937ec86978fa183df2a9129b2d57b52,"[634016, 634017, 634020, 634020, 634021, 634022]","{634016: Timestamp('2017-11-29 11:01:52+0000', tz='UTC'), 634017: Timestamp('2017-10-30 15:10:32+0000', tz='UTC'), 634020: Timestamp('2017-09-22 14:56:40+0000', tz='UTC'), 634021: Timestamp('2017-09-22 14:45:26+0000', tz='UTC'), 634022: Timestamp('2017-09-22 12:56:50+0000', tz='UTC')}","@SpotifyCares This should just be one song. It contains multiple songs on spotify. https://t.co/jiYHnk02qr @270301 Hey Dietrich! Can you send us the URI or link of the similar tracks you're referring to? We'll have this checked for you /AL @SpotifyCares Its the only version on spotify. The first 3 minutes is the song in the title. After that a very long pause and more songs. @270301 Hey there! We've given our content team a nudge about this. Hopefully we'll have a fix soon /AG @270301 We do, but we're sorry if it still hasn't been fixed. Rest assured that we're passing on all your feedback about this /AY","The customer says that it contains multiple songs on spotify, the first three minutes is the song in the title, after that a very long pause and more songs. The agent asks to send them the URL or link of the similar tracks the customer is referring to and says that they have given their content team a nudge about it and also that they are passing the feedback.",67 days 22:05:02
c5068a7689b4c8c9d0deeb4ed1b5860d,"[557347, 557348, 557348, 557349, 557354]","{557347: Timestamp('2017-12-02 22:09:39+0000', tz='UTC'), 557348: Timestamp('2017-12-02 21:15:57+0000', tz='UTC'), 557349: Timestamp('2017-12-02 21:10:07+0000', tz='UTC'), 557354: Timestamp('2017-12-02 22:27:44+0000', tz='UTC')}","@AmericanAir get 5511 off the ground in rdu.  This is ridiculous!! People have connecting flights in CLT that yoh left less than hour for.  Answer!! @250155 We're showing an expected arrival into CLT at 5:06p. We’ve backed you up on the next flight out just in case, Chris. @AmericanAir Hold 1809 til i get there please 5511 held on tarmac in clt @AmericanAir Made it you can take me off 8:24 flight, currently at gate B7",Customer is complaining that they have connecting flights in CLT that they left less than hour for. Agent updated that they have backed up on the next flight out just in case.,0 days 01:17:37
bc210896e89d6022be5c713d462ec195,"[1097010, 1097011, 1097014, 1097015, 1097018]","{1097010: Timestamp('2017-11-04 21:55:26+0000', tz='UTC'), 1097011: Timestamp('2017-10-23 20:26:24+0000', tz='UTC'), 1097014: Timestamp('2017-10-23 21:47:08+0000', tz='UTC'), 1097015: Timestamp('2017-10-23 21:47:06+0000', tz='UTC'), 1097018: Timestamp('2017-11-05 05:23:55+0000', tz='UTC')}","@Tesco a slug came out of this cauliflower when we cut it!😷😷 https://t.co/XRYdBvSHQ5 @378868 I will log your feedback on our internal systems for review and arrange a refund. 2/5 @378868 Could you please let me know your full name, address, e-mail, store and time of visit, product barcode and supplier code? 3/5 @Tesco Hello, I don’t have any of this info except 03023594 (bar code on the pack in the picture), as didn’t think we would be needing this info @378868 So I can issue a refund for you Sonal, can you DM me your full name and address? Also the price paid for the cauliflower? TY - Jayne",Customer is complaining that they found a slug when they cut a cauliflower. Agent apologizes for this and updates that they can issue a refund  if they send DM with full name and addres.,12 days 08:57:31
29ffb696b7ea986b0ad05ca97d72c08e,"[839498, 839501, 839503]","{839498: Timestamp('2017-10-13 11:22:58+0000', tz='UTC'), 839501: Timestamp('2017-10-13 07:33:12+0000', tz='UTC'), 839503: Timestamp('2017-10-13 07:03:32+0000', tz='UTC')}","@Tesco It won't let me sign in or register as it says I'm already registered but I haven't done it on this before? @319730 Have you tried signing in? If you are unsure on your password, this can be sent to you via ""request my password"" TY - Leighton @319730 Hi Sarah, Can you DM your name, address &amp; email address please? We can have a look into this for you. Ty - Tricia","The customer is complaining that the app not letting them to sign in or register and says they have already registered but they haven't done it before. The agent asked them that whether they forget the password if so they will send it via ""request my password"" and asked them dm their name, address.",0 days 04:19:26
bb80b2bbaeec639a4b0e99b34c556da6,"[1934365, 1934366, 1934368, 1934370]","{1934365: Timestamp('2017-10-29 07:59:36+0000', tz='UTC'), 1934366: Timestamp('2017-10-28 17:15:40+0000', tz='UTC'), 1934368: Timestamp('2017-10-29 12:47:28+0000', tz='UTC'), 1934370: Timestamp('2017-10-29 12:47:31+0000', tz='UTC')}","Just got home from our @Tesco shop and found this in our apples 🤦‍♂️ #badapple @Tesco What was found was a rotten Apple. Couldn't really get a better picture as it was leaking every where 😂 @575569 I'll also need products bar code and date are along with them previous details, so I can get this issue logged here internally. 2/3 @575569 With your permission I would be able to pass this back onto our supplier too. Thanks, James. 3/3",Customer is complaining about rotten apple. Agent requests for the date and barcode of the product and would pass back onto the supplier.,0 days 19:31:51
e37b8d01ec3a2b1e629f0a0fb424ff40,"[211064, 211065, 211068, 211073]","{211064: Timestamp('2017-10-04 18:06:57+0000', tz='UTC'), 211065: Timestamp('2017-10-04 18:16:56+0000', tz='UTC'), 211068: Timestamp('2017-10-04 17:47:00+0000', tz='UTC'), 211073: Timestamp('2017-10-04 17:36:49+0000', tz='UTC')}","@SpotifyCares If you turn on voiceover and try and activate a check box wiht vo plus space they don't activate. @165997 Got it. Does logging out &gt; restarting your phone &gt; logging back in to your account make a difference? /DV @165997 Alright. In that case, can you DM us your account's email address? We'll take a look backstage /DV https://t.co/ldFdZRiNAt @SpotifyCares Done, although I don't think that was needed. This is a #accessibility violation as  we are excluded from accessing that part of the app.",Customer is complaining about voiceover issue. Agent suggests to log in by restarting the device.,0 days 00:40:07
863d817188a0627df8effecc0ed66ba7,"[147612, 147615, 147617, 147619, 147621]","{147612: Timestamp('2017-11-24 10:57:58+0000', tz='UTC'), 147615: Timestamp('2017-11-22 08:44:58+0000', tz='UTC'), 147617: Timestamp('2017-11-22 04:42:53+0000', tz='UTC'), 147619: Timestamp('2017-11-22 08:14:18+0000', tz='UTC'), 147621: Timestamp('2017-11-22 04:34:28+0000', tz='UTC')}","@idea_cares @116331 still 2g network at the location from where I m tweeting @149553 Apologies for the trouble. Please share Idea mobile number and location details so we will look into it. Regards,Pradnya https://t.co/LBfZgLCSfr @idea_cares Location Kuchera, Rajasthan
This problem is since last 1.5 years not from today. Complaint made by many times but no resolved till date @149553 Thank you for sharing your contact details. Request you to share alternate number so we will get in touch with you. Regards,Pradnya https://t.co/LBfZgLUt6Z @idea_cares Thanks for your precious suggestion to try with Airtel and Vodafone in mobile network selection but as usual stucked with 2g only",Customer is complaining that there is a 2G network from where he is tweeting and since the issue is reporting from past 1.5 years it remains same yet. Agent apologised for the inconvenience and asked the customer to share contact number to assist better.,2 days 06:23:30
e1b39392b8bd7b40368fcd3d34ba1b62,"[261316, 261318, 261319, 261322]","{261316: Timestamp('2017-10-05 21:40:15+0000', tz='UTC'), 261318: Timestamp('2017-10-05 22:48:00+0000', tz='UTC'), 261319: Timestamp('2017-10-05 22:53:16+0000', tz='UTC'), 261322: Timestamp('2017-10-06 00:12:26+0000', tz='UTC')}",@AppleSupport the latest update 11 it's downright bug and my phone the touch no longer works i cant coming back to 10.3.3 @178220 Have you tried restarting your iPhone since you noticed this happening? @AppleSupport I have call the apple assistancebut they cant do anything they just told me wait new update ..... @178220 We'd like to look into this with you. Meet us in DM. https://t.co/GDrqU22YpT,The customer says he has updated the phone but the touchpad is no longer working after the update and says he has contacted apple support but they suggest to wait till next update. The agent asks whether the customer has tried after restarting the phone and suggests to meet them with DM.,0 days 02:32:11
6f05ba1b2c4d1cb2d1833a7086e852b5,"[374992, 374995, 375003]","{374992: Timestamp('2017-10-09 01:22:26+0000', tz='UTC'), 374995: Timestamp('2017-10-09 01:31:29+0000', tz='UTC'), 375003: Timestamp('2017-10-09 01:12:51+0000', tz='UTC')}","I don’t understand why some of my channels are missing, this has been going on for weeks and customer service been giving me the run around.  They basically told me I should pay for a technician, when this problem arrived when they upgraded my modem @115722 @VerizonSupport @204918 Have you had a chance to remove the coax and make sure it is undamaged and then reconnected tightly? ^RMD @204918 To see if there is something wrong with the box, swap two of the boxes and see if the problem stays with the box or the location.
^FEM",The customer is complaining that some of the channels are missing. The agent asked to swap two of the boxes and see the problem persists and if so asked to dm them+.,0 days 00:18:38
7eaa1aa15a6ad8563f63c5ba494a167d,"[2333901, 2333901, 2333904, 2333906]","{2333901: Timestamp('2017-11-13 13:19:42+0000', tz='UTC'), 2333904: Timestamp('2017-11-13 06:34:31+0000', tz='UTC'), 2333906: Timestamp('2017-11-12 22:36:53+0000', tz='UTC')}","@GWRHelp Hello, I've booked Super Off-Peak Return tickets but it doesn't seem to have included seat reservations. Can I add seats? @GWRHelp Great! 19.03 Paddington-Exeter Friday 17/11 and 16.01 Exeter-Paddington Sunday 19/11. Would prefer quiet coach, window, airline, facing forward. Thank you! @256391 Thanks Alice. We will book this for you now. Under the surname Beverton-Palmer? :) Rach",Customer is enquiring about Reserved return ticket of airline which she have not receive yet. Here agent is asking an apology and booking the seat with the customer name.,0 days 14:42:49
f39bbde69a350a5f417a0f2e816598db,"[976367, 976371, 976372, 1779175]","{976367: Timestamp('2017-10-11 19:04:35+0000', tz='UTC'), 976371: Timestamp('2017-10-11 18:29:03+0000', tz='UTC'), 976372: Timestamp('2017-10-11 17:59:46+0000', tz='UTC'), 1779175: Timestamp('2017-10-11 19:05:35+0000', tz='UTC')}","@Tesco in Ricoh Coventry will happily let bread go to waste rather than donate it. A full tray of expired bread, customers are still buying. https://t.co/JqWYpK0PBD @Tesco I informed the store manager, her response was very disappointing. I think she needs to take the issue more seriously rather than @351574 Hi, I'm really disappointed to hear that the manager didn't seem to take this very seriously. Can you please DM me some details? 1/3 @Tesco Will DM you",Customer is complaining about the expired bread but still buying by other customers. Agent updated to send the DM them with some details.,0 days 01:05:49
8c2185854a4a60f7abd7e684ef0cb4ba,"[391108, 391110, 391112]","{391108: Timestamp('2017-10-09 18:57:30+0000', tz='UTC'), 391110: Timestamp('2017-10-09 12:42:11+0000', tz='UTC'), 391112: Timestamp('2017-10-09 19:04:49+0000', tz='UTC')}",@NikeSupport where to submit bugs for recent #NRC app on AppleWatch #UX #Bug @NikeSupport Other Point: Actions behind buttons like #pause and #stop run seems to run on the same thread which causes UI to freeze for some msec @208606 Thanks for the feedback. Let's also have you uninstall the NRC app&gt; restart your Watch and iPhone&gt; reinstall&gt; test run. (1/2),Customer is questioning where to submit bugs for recent NRC app on Apple watch. Agent updates that they have passed the feedback along to their team.,0 days 06:22:38
391073363e905a8c5237a9f1766da810,"[455263, 455265, 455277, 455278]","{455263: Timestamp('2017-11-30 23:17:53+0000', tz='UTC'), 455265: Timestamp('2017-11-30 21:20:56+0000', tz='UTC'), 455277: Timestamp('2017-12-02 10:17:37+0000', tz='UTC'), 455278: Timestamp('2017-12-02 13:28:15+0000', tz='UTC')}","So obvious why @British_Airways  a #failing, T5 completely DEAD, more staff then passengers,  terrible customer service, &amp; still can't get on my plane even though it was not due to leave for 50min.
#NEVERagain #CEOfail #brexit https://t.co/PL5xOJBlvX @223071 Hi Thamin, if you arrived after check-in for your flight had closed we wouldn't be able to accept you for the flight. Even if the airport is quiet, check in times still need to be met. ^Natalie @British_Airways And for the record I wasn't asking you to hold a flight, the plane wasn't due to leave for 50min (and it was still delayed by 20min) @223071 Hi Thamin. It can depend on a lot of factors.  We appreciate you may not have been asking to hold the flight. If you're late to check in, there isn't any way for you to make the flight, even if the flight is delayed. We're sorry you remain disappointed with our response. ^Paul",The customer says that he would have been allowed for check in since he was delayed by only 5 minutes. The agent replies that any customer wouldn't be allowed for check-ins if arrived after check in is closed and it applies to all of their customers.,1 days 16:07:19
c7ee8d420628d5b1defb8c4427ef9fb1,"[1968080, 1968082, 1968083, 1968088]","{1968080: Timestamp('2017-10-31 14:28:23+0000', tz='UTC'), 1968082: Timestamp('2017-10-31 14:24:09+0000', tz='UTC'), 1968083: Timestamp('2017-10-31 14:23:08+0000', tz='UTC'), 1968088: Timestamp('2017-10-31 14:12:26+0000', tz='UTC')}",@GWRHelp our conductor David on the Taunton to Bristol line now is very jolly. Bless him. @GWRHelp He's a star! he described Bridgwater as breath takingly beautiful which of course its not but he made everyone in our carriage smile!!! @GWRHelp I'm on a side seat by door so I could see everyone smile. He's fantastic conductor and staff like this do you proud. @149439 Smashing! Thank you very much for sharing. I've just been in contact with his Manager to let them know about your praise. - Jordan,Customer is giving a great feedback to the conductor and sharing the good experience travelling from Taunton to Bristol. Agent is thankful tom the customer for sharing kind words and glad to inform to the manager.,0 days 00:15:57
92d64452f908f6d671d65ea22e6ccc7d,"[1227930, 1227931, 1230525]","{1227930: Timestamp('2017-10-16 01:00:11+0000', tz='UTC'), 1227931: Timestamp('2017-10-16 00:51:49+0000', tz='UTC'), 1230525: Timestamp('2017-10-16 01:14:38+0000', tz='UTC')}","@SouthwestAir Thanks for ditching sister in law and infant. Classy move delaying flight for an hour and not holding the connnection #nolove @408084 So sorry to hear of your family's troubles. Were they able to reach out to an Agent to get re-booked? ^MS @408084 Do you mind sending her confirmation number over in a DM, so we can take a closer look at what was going on? ^MS",Customer is complaining about the delay in flight for an hour and not holding any connection. Agent updates to send their confirmation number over in DM so that they can have a closer look into the issue.,0 days 00:22:49
975cb927e70e4ea536d96d719c125971,"[2178271, 2178273, 2178275, 2178276]","{2178271: Timestamp('2017-11-09 16:56:43+0000', tz='UTC'), 2178273: Timestamp('2017-11-09 17:05:17+0000', tz='UTC'), 2178275: Timestamp('2017-11-09 16:44:36+0000', tz='UTC'), 2178276: Timestamp('2017-11-09 17:18:23+0000', tz='UTC')}","@VirginAtlantic T1 I booked a flight with you, through @295797 I missed my flight due to an incident at Euston, Opodo say to get a refunds are only authorised + given by the airlines, ie you is this true? @638452 We wouldn't be able to authorise the refund. It would be subject to their ticket rules. ^J @VirginAtlantic To quote @295797  T1 ""  we would like to inform you that refunds are only
 authorized and made by airlines. These rules come from the airlines where Opodo lacks of responsibility +&gt; that any issue related to an irregularity in your flight is as a direct  result of the airline. @638452 We get this quite a lot. If they want a refund of this ticket they can request from their Virgin rep. ^J",Customer missed his flight needs  refund. Agent informs customer if he needs refund of his ticket they can request from their Virgin rep.,0 days 00:33:47
a9ff9f526b127537f97ef2f8affa655d,"[197059, 197059, 197063, 197063]","{197059: Timestamp('2017-10-05 14:31:00+0000', tz='UTC'), 197063: Timestamp('2017-09-29 19:06:43+0000', tz='UTC')}","@129913 Is there a way to improve the GPS accuracy of your NRC app? Mine are very off compared to prev versions of your app. Thanks! @162350 For best accuracy, we recommend holding your phone in your hand or in an armband. Go for another run and test it out.",Customer is complaining about the inaccuracy of GPS in the NRC app. Agent requests to test it out by holding the phone in hand or in an armband.,5 days 19:24:17
fd23b0b5d687a841e84f3753d23fda12,"[256113, 257290, 257938, 257940]","{256113: Timestamp('2017-10-05 18:35:02+0000', tz='UTC'), 257290: Timestamp('2017-10-05 19:28:50+0000', tz='UTC'), 257938: Timestamp('2017-10-05 19:57:09+0000', tz='UTC'), 257940: Timestamp('2017-10-05 20:27:17+0000', tz='UTC')}","@Delta @13180 gates c12 and 13 are a mess!  Boarding mix ups, no explanation for delays.  Please help!  #customerservice @176927 My info is showing the delay is due to an aircraft mechanical problem.  *TMT @176927 Hi, there. Please provide flight number, I'll gladly provide you with an update.  *AST @176927 DL5357 is Estimated to Depart at 5:00 PM. Would you like me to take a look at re-booking options for you?  *AST",The customer is asking about flight delay. The agent confronting the customer saying that there was a mechanical problem so the flight was delayed.,0 days 01:52:15
96859df1a6ada9175ea1bee5368dade7,"[1406943, 1406945, 1406948, 1406949, 1406955]","{1406943: Timestamp('2017-10-28 18:58:06+0000', tz='UTC'), 1406945: Timestamp('2017-10-28 17:56:48+0000', tz='UTC'), 1406948: Timestamp('2017-10-31 15:30:33+0000', tz='UTC'), 1406949: Timestamp('2017-10-31 16:15:12+0000', tz='UTC'), 1406955: Timestamp('2017-10-31 18:27:44+0000', tz='UTC')}",As I stood waiting for help...listened to a Wendy and an Indian lady rep berate peeps and give a FU answers! #delta Gate A3/Boston  @Delta @447020 Hello! I apologize for those agents. Delta strives to have high-value service this is what you should expect from us.  *TCC @Delta I’ve tried calling customer care and they aren’t accepting calls for customer complaints. Hmmm...interesting! @447020 I am truly sorry to hear this. Our Customer Care office may be experiencing higher than normal call volume at the time. You may also... 1/2 @447020 Hello. I see that you were communicating with my colleague previously. Please allow me just a few minutes to review your messages.   *HAN,Customer is complaining about customer service for not picking up the calls. Agents informed that during that time high call volume and asked to allow just few minutes to review the messages.,3 days 00:30:56
fb562a72b3d74875847f098f467a928a,"[1464775, 1464776, 1464777, 1464779, 1464781]","{1464775: Timestamp('2017-11-02 19:11:14+0000', tz='UTC'), 1464776: Timestamp('2017-11-02 19:14:08+0000', tz='UTC'), 1464777: Timestamp('2017-11-02 18:55:36+0000', tz='UTC'), 1464779: Timestamp('2017-11-02 19:25:20+0000', tz='UTC'), 1464781: Timestamp('2017-11-02 19:37:15+0000', tz='UTC')}","Hey @British_Airways why is your #android #app not letting me to cancel my booking? I'm logged in with my BA Executive Club credentials. https://t.co/ghODC7bTPX @153716 If you're the card holder, this should work. Could you DM the booking reference in question? ^Kimbers @British_Airways It worked from the desktop browser, but it doesn't work from the mobile app. The app opens manage my booking as web, hence the error. @153716 Understood, sorry about that. I've noted it's Android, I just need to know the type of phone you're using and the browser. Android 1/2 @153716 They've said that it may be something quite small in the booking which will throw it off and would like to check. 2/2 ^Kimbers",Customer is unable to cancel  booking from his android mobile. Agent informed customer that they will check on it.,0 days 00:41:39
636482d9d92de8747ef01fc11b84102c,"[1585085, 1585086, 1585095, 1585100, 1585101]","{1585085: Timestamp('2017-11-04 21:01:36+0000', tz='UTC'), 1585086: Timestamp('2017-11-04 15:12:58+0000', tz='UTC'), 1585095: Timestamp('2017-11-05 04:08:20+0000', tz='UTC'), 1585100: Timestamp('2017-11-06 07:01:48+0000', tz='UTC'), 1585101: Timestamp('2017-11-06 19:23:47+0000', tz='UTC')}","@115937 @115931 since your site is broken AND you seem to ignore your customers maybe we should do our XMAS shopping in @23295 #USA @AskeBay ""I'm committed"" to buy an item which I can't pay since the seller is not shipping to P.O. Boxes. I messaged him but he can't understand. @396544 The seller does have the option to block PO boxes in their shipping options: https://t.co/enJDV5F614. ^CM @AskeBay He keeps asking me to add a new address which I can't @396544 Thanks for doing that, George! I have replied with more info on your situation. Please check for this. ^BL",The customer is telling they wants to buy an item but the seller is not delivering to her address and he is asking to change her PO Box address which she can't. Agent is responding that the seller will not be having an option to block the PO Box and also informing that he have replied with more info on that issue.,2 days 04:10:49
ff62bac9f18e6282a76c53a839721baa,"[62706, 62707, 62708, 62709, 62710]","{62706: Timestamp('2017-11-01 21:42:22+0000', tz='UTC'), 62707: Timestamp('2017-11-01 21:45:23+0000', tz='UTC'), 62708: Timestamp('2017-11-01 21:37:35+0000', tz='UTC'), 62709: Timestamp('2017-11-01 21:53:22+0000', tz='UTC'), 62710: Timestamp('2017-11-01 21:52:52+0000', tz='UTC')}","This has to be the biggest inconvenience. Not to add it has been handled unprofessional @GWRHelp @130367 Hi Malika. Sorry to hear this. What journey are you making? Also, what service were you booked to travel on? Rach @GWRHelp Hi Rach I am waiting at Worcester Forgate currently. Myself, partner and sister were booked onto the 20:59 to London Paddington @130367 This train has been cancelled due to a train fault. My sincere apologies for the cancellation this evening. 1/2 Rach @130367 As you were delayed by over an hour you can claim compensation here: https://t.co/kZncdam7bx. 2/2 Rach",The customer says that the delay in the train has caused inconvenience to him and his family and says that he is waiting at Worcester Forgate currently. The agent asks what journey the customer was making and informs that the train has been cancelled due to train fault and suggest to claim compensation if the train is delayed by an hour.,0 days 00:15:47
ee92ce557644ab7590bd41f5e2a11fd6,"[2747356, 2747360, 2747361]","{2747356: Timestamp('2017-11-20 22:27:52+0000', tz='UTC'), 2747360: Timestamp('2017-11-20 21:21:00+0000', tz='UTC'), 2747361: Timestamp('2017-11-20 21:09:24+0000', tz='UTC')}","Idk if it’s @115858 or @115890 windows 10 but nothing I do will allow photos to transfer from my phone to my pc since 2 windows updates ago. 😡😡😡 @469033 We'd love to help! Are you trying to move these photos with iTunes, or iCloud? @AppleSupport Neither. Directly from the device with windows 10 option to import pictures, which has always worked until a few weeks ago...",Customer is complaining that they don't whether its windows 10 but it's not allowing to transfer photos from phone to their pc since 2 window updates. Agent updates to DM more about the issue so that they can look more into the issue to resolve it.,0 days 01:18:28
02df25c7e9073071b79d66e8800a696c,"[1573419, 1573421, 1573422, 1574152, 1574153]","{1573419: Timestamp('2017-11-04 14:15:00+0000', tz='UTC'), 1573421: Timestamp('2017-11-04 14:16:07+0000', tz='UTC'), 1573422: Timestamp('2017-11-04 14:08:02+0000', tz='UTC'), 1574152: Timestamp('2017-11-04 17:56:01+0000', tz='UTC'), 1574153: Timestamp('2017-11-04 17:54:00+0000', tz='UTC')}","Hi @idea_cares ,How long will it take to Switch from @7462 @484979 We would love to have you in Idea family. Please visit nearest Idea store for further assistance. Regards, Mahindra @idea_cares i already ported but they saying it will take 1 week to switch from @126031 @484979 As our executive have informed you already, we request you to wait for sometime. Regards, Mahindra 1/1 @484979 If your number doesn't get active in sometime, please write us back. Regards, Mahindra 1/2",Customer is enquiring about how long it will take to switch to idea network. Agent updated the customer to visit nearest idea store for further assist and also inform that if the number is does not get active please write us back.,0 days 03:47:59
ebfb59be654cfe3b24a82dbdcc1ba97e,"[1549643, 1549645, 1549648, 1549650]","{1549643: Timestamp('2017-11-04 02:52:30+0000', tz='UTC'), 1549645: Timestamp('2017-11-04 02:49:16+0000', tz='UTC'), 1549648: Timestamp('2017-11-04 02:47:59+0000', tz='UTC'), 1549650: Timestamp('2017-11-04 02:45:52+0000', tz='UTC')}","My iPhone 7 Plus is on 11.1 and iPhone X is 11.0.1 so it won’t restore from my backup. #strike1 #apple #iphonex #tmobile SIM card not activated so can’t do it over cellular. Tried hotspot 7Plus as before. Now it won’t work. Surface wouldn’t connect either @479660 Hey Jae, thanks so much for reaching out. Send us a DM if there's anything we can assist with :) *ChanneyT @479660 Hey! We can do pretty much NEthing except new acct actvtns. Hit me up here https://t.co/QHDTFHxSPu so we can check! *KrystnYogi",The customer says his iPhone 7 plus is on 11.1 and iPhone X is 11.0.1 so it won't restore from his backup and his SIM card not activated which can't be done over cellular. The agent asks to DM and says to contact them over a link provided by them to the customer.,0 days 00:06:38
27946f59608c56909f97488f0c3cabb9,"[2931237, 2931238, 2931239, 2931244, 2931247]","{2931237: Timestamp('2017-11-29 10:20:56+0000', tz='UTC'), 2931238: Timestamp('2017-11-29 07:12:31+0000', tz='UTC'), 2931239: Timestamp('2017-11-29 06:58:21+0000', tz='UTC'), 2931244: Timestamp('2017-11-30 03:17:25+0000', tz='UTC'), 2931247: Timestamp('2017-11-30 04:00:54+0000', tz='UTC')}","@AdobeCare I bought LR5 in July 2013, subscribed to CC in Nov 2013. Stopped CC last month, now I can't use develop mode in LR5. Any advice? @701061 Yes, you can use the LR5 if your machine is compatible to it &amp; the catalogue does not have backward rolling capability. ^Raj @701061 Hi Soren, If your subscription status if fine then, there is some permission issue with Adobe folders on your machine. Please refer the discussion related to this issue: https://t.co/BhWd1HdUcc Thanks. ^MG @AdobeCare Tried fixing it, and it asked for my serial number. Entered number from email and it says invalid. Logged into https://t.co/TjXcP1jO88 account page and it won't show me the serial number in the order. @701061 Would you mind private messaging your Adobe ID(Email) so that we can look into it. Thanks ^Raj https://t.co/iuwZCjz4Or","Customer enquires that he purchased LR5 in july 2013, subscribed to cc in nov 2013 and stopped cc last month but now he cannot use develop mode. Agent states that LR5 can be used if machine is compatible and also requests that they will message them to  Adobe ID(Email) for further assistance.",0 days 21:02:33
6b0ed7aadcedcc39b5a58827a3cf6f94,"[2843133, 2843133, 2843138, 2843140, 2843140]","{2843133: Timestamp('2017-11-27 17:16:15+0000', tz='UTC'), 2843138: Timestamp('2017-11-27 17:14:26+0000', tz='UTC'), 2843140: Timestamp('2017-11-27 17:10:16+0000', tz='UTC')}","@Delta I desperately need to get to Hawaii tonight! I leave tomorrow via U.S. Naval carrier and you keep changing my flights. Please help 💯 @Delta I also MUST have my luggage with me as I will be leaving in the am via Naval carrier (#Nimitz) @790984 I can get you on a flight with AS to Seattle, where you can connect to the rest of your flights. To reroute your luggage, it would be best to speak with an agent at the airport. *TBW",Customer is complaining about rescheduling of his flights and fears of missing his scheduled naval carrier journey. Agent assures to connect with the rest of the flight by getting customer on a flight to Seattle. Also states that would assist to reroute the luggage.,0 days 00:05:59
62cf5ca740795e25b85792a3e805515f,"[93600, 93601, 93602]","{93600: Timestamp('2017-11-30 17:06:27+0000', tz='UTC'), 93601: Timestamp('2017-11-30 15:34:29+0000', tz='UTC'), 93602: Timestamp('2017-11-30 15:08:07+0000', tz='UTC')}","I participated contest but Idid not found winners tobe announced anywhere. You said that winners will be announced on November 30 @115850 @120686 We will certainly help you with the details, Hemanth. Could you please confirm which contest you are referring to so that we can assist accordingly? ^PR @120686 The winner's list will be shared on our page. Kindly visit our page to check the winner details once results are out. ^RB",Customer is enquiring about winners list of oneplus 5T. Agent informed the customer that to visit their page to check the winner details once results are out.,0 days 01:58:20
22742496b2b9b62afb11b0f62cbe229c,"[2941937, 2941938, 2941942, 2941943]","{2941937: Timestamp('2017-11-29 14:14:00+0000', tz='UTC'), 2941938: Timestamp('2017-11-29 14:20:27+0000', tz='UTC'), 2941942: Timestamp('2017-11-29 13:59:00+0000', tz='UTC'), 2941943: Timestamp('2017-11-29 13:53:52+0000', tz='UTC')}","@AmazonHelp Hi, my prime delivery has been delayed for three days due to ‘external factors’. What does this actually mean? @812835 Hi, Chris! I'm really sorry your parcel has been delayed. It's our busiest time of year and unfortunately the carriers are struggling to keep up. This help link explains it better than I do: https://t.co/0J0Yrp5G3U  Did your tracking information update at all? ^SP @812835 Apologies, please report this to us here: https://t.co/JzP7hlA23B. ^JJ @AmazonHelp This just gets me back to customer services who say don’t know where parcel is and can’t help until Friday. So glad I pay for Prime!!",Customer is complaining about delayed delivery from 3 days. Agent states that it is the busiest time of the year and requests to report it over a provided URL.,0 days 00:26:35
f49e5d96dfd255e852cd8ad5f73fce29,"[917477, 917479, 917480, 917482, 917483]","{917477: Timestamp('2017-10-21 10:02:38+0000', tz='UTC'), 917479: Timestamp('2017-10-21 09:40:01+0000', tz='UTC'), 917480: Timestamp('2017-10-21 10:06:27+0000', tz='UTC'), 917482: Timestamp('2017-10-21 10:19:31+0000', tz='UTC'), 917483: Timestamp('2017-10-21 10:43:02+0000', tz='UTC')}","@UPSHelp UPS Belgium is terrible. Delivery planed for Thursday 19, shipped it to the wrong town twice and u tell me I've to wait Monday 23 ? @UPSHelp I called twice, Friday and today. They told me it couldn't be delivered today because warehouse is closed (WTF). I needed it 1/2 @337822 With the warehouse being closed there is nothing that we can do to override this and have the package delivered. ^QJ https://t.co/wKJHDXWGRQ @337822 If the shipper did not request a Saturday delivery and the package is in warehouse it will not move until the next business day. @UPSHelp Of course it didn't request that because the delivery was scheduled for Thursday and you sent it to the wrong address twice !",Customer complaints on product shipped to wrong address. Agent ask the customer to DM for further assistance.,0 days 01:03:01
3483589fbb61f88e8b729adb98e4daf9,"[2894074, 2894074, 2894075, 2894076, 2894077, 2894079]","{2894074: Timestamp('2017-11-28 15:43:20+0000', tz='UTC'), 2894075: Timestamp('2017-11-28 16:45:32+0000', tz='UTC'), 2894076: Timestamp('2017-11-28 15:41:32+0000', tz='UTC'), 2894077: Timestamp('2017-11-28 16:49:47+0000', tz='UTC'), 2894079: Timestamp('2017-11-28 17:08:16+0000', tz='UTC')}","@Delta You were right, nice flight.  I got a problem though!  While in the plane with my carryon, the flight attendant slammed the over he'd door on the handle and broke my carryon! @525295 Oh, no! I am so disappointed to hear that. It is best to take the damaged bag to our Baggage Service Office and have them review the damages. *AJL @Delta Is there a way to do it any other way?  I landed at midnight in Pittsburgh and nothing was open!  Thank you for your quick response though! @525295 Regretfully, the airport Baggage Services has to make a report and document damages to make sure that this gets taken care of. This would be the only place that could do it. *TBW @525295 Hi Andy, I am so sorry. You can also file online as well.  We do need to know the purchase price, the age of the bag and a description of the damage. You could upload a picture Please use this link to our website. https://t.co/fPLXqv8KGq Thank you. *TJM",Customer is complaining about  flight door handle broken his carryon. Agent is replying that take a damaged bag to baggage service as  they will review the damages.,0 days 01:26:44
a519f99c844f52a2d5feb2fc245500a7,"[847975, 847975, 847978, 847979, 847981]","{847975: Timestamp('2017-10-20 14:38:26+0000', tz='UTC'), 847978: Timestamp('2017-10-21 00:05:40+0000', tz='UTC'), 847979: Timestamp('2017-10-21 01:22:54+0000', tz='UTC'), 847981: Timestamp('2017-10-20 06:15:50+0000', tz='UTC')}","@AirAsiaSupport Reschedule is fine, but is there earlier flight from Perth than 4.30pm? @321531 Hi, kindly provide us with the preferred flight as there's 06:50 and 11:35. Do let us know which would you prefer. Thanks - Ed @321531 You may check the availability at https://t.co/z9KZ1UgVon and provide the request here. There are few options to choose. -Miza @AirAsiaSupport After seeing options, decided not to change anything, anything need to be done on my end?","Customer wants to reschedule the flight from Perth to earlier flights than 4:30 pm. Agent states about other flights between 6:50 and 11:35, and requests to check the availability by sharing an URL.",0 days 19:07:04
7b1695d426fafa2765b01e2fb73dda0d,"[562079, 562079, 562081]","{562079: Timestamp('2017-12-02 23:08:21+0000', tz='UTC'), 562081: Timestamp('2017-12-01 18:22:06+0000', tz='UTC')}",.@117473 in con mode again. A company that deserves to go bust. Awful service. Give me my money. @251540 We're sorry to hear that. We'd love to see what options we have to help out. Please send us a DM with the email address registered to your PayPal account and some details of how we can help. ^TM,"Customer is complaining about the service. Agent updated the customer to DM with email address,some details of what's going on and what options they can help out.",1 days 04:46:15
14b2755e9cf7e4cdee411a91a7246118,"[821359, 821360, 821363, 821365]","{821359: Timestamp('2017-10-12 23:40:02+0000', tz='UTC'), 821360: Timestamp('2017-10-12 20:31:59+0000', tz='UTC'), 821363: Timestamp('2017-10-13 02:26:12+0000', tz='UTC'), 821365: Timestamp('2017-10-24 11:57:21+0000', tz='UTC')}","@British_Airways My partner booked a return flight, did not go on the outward journey and now can't check in on her flight back, plse help @British_Airways That's rubbish, she has paid for her flights. There was an emergency and she had to fly out earlier with a different carrier due to cost. @315643 order they're sold to you.  If you fail to do so, then it will be registered as a no show and the return leg is automatically (2/3) @315643 Once a return ticket is sold, it must be used as a return, not a one way ticket, I'm afraid. We're sorry for your poor experience.^LW",Customer is complaining about not being able to use the ticket for return journey. Agent states that it gets cancelled if the onward journey has not made.,11 days 15:25:22
7256efea800567a2458ea8f2d61d9af4,"[2543062, 2543063, 2543067, 2543068, 2543069]","{2543062: Timestamp('2017-11-16 12:58:20+0000', tz='UTC'), 2543063: Timestamp('2017-11-16 12:59:33+0000', tz='UTC'), 2543067: Timestamp('2017-11-16 13:55:26+0000', tz='UTC'), 2543068: Timestamp('2017-11-16 12:52:27+0000', tz='UTC'), 2543069: Timestamp('2017-11-16 12:43:52+0000', tz='UTC')}","@115877 can we please get the contact number for Dubai office please... @722994 We're here to help, Priya. Send us a note via https://t.co/HRNpIyQbMa so we can assist. @722994 Sorry for the inconvenience! At this moment, we don't offer phone support for these issues.  Visit this link https://t.co/balq3Eyso6 so our team can assist. @Uber_Support We are looking to talk to someone from marketing so can we have some email ID or so @722994 Please go here https://t.co/UciVpwKXDw, and we will take a look.",The customer is asking for the Uber's Dubai office number and emails to reach to solve some issues. The agent replies that they don't offer phone support for these issues and asks to send them a note via link provided by them.,0 days 01:11:34
963e6410c9ae6456df3656b16c97671c,"[2859167, 2859170, 2859171, 2859171, 2859172]","{2859167: Timestamp('2017-11-27 22:09:18+0000', tz='UTC'), 2859170: Timestamp('2017-11-27 22:04:52+0000', tz='UTC'), 2859171: Timestamp('2017-11-27 22:02:31+0000', tz='UTC'), 2859172: Timestamp('2017-11-27 22:01:31+0000', tz='UTC')}","@DELTA wife on delayed united flight 1270 needs 2 make connection to TLH  on DL 2907. Will be there tight. Can u notify gate agent in ATL? @794555 Hello Bruce. I can tell you that DL2907 is on time this evening. There is no way for us to notify the gate agent, as we cannot hold a flight. I do apologize. Is your wife checked in for the flight already? *TMS @Delta Yes.  Name is Carolyn Bell.  Incoming flight (UA 1720) arriving at Terminal T at 6:55. 2907 leaving from Terminal B at 7:28. @794555 If she misses her flight, she will need to let us know. Unfortunately, it may only be on standby at this time. The flight is fully booked. *TMS",Customer inquiring about flight cheeked  in and out in the terminal. Agent suggests customer  the booking information .,0 days 00:07:47
6d5a723880ac58019d18d73d40466582,"[2105584, 2105586, 2105586, 2105590, 2105592]","{2105584: Timestamp('2017-11-08 12:03:19+0000', tz='UTC'), 2105586: Timestamp('2017-11-08 09:09:55+0000', tz='UTC'), 2105590: Timestamp('2017-11-08 15:30:33+0000', tz='UTC'), 2105592: Timestamp('2017-11-08 12:03:01+0000', tz='UTC')}","@Morrisons again restricting limits in spend.. £80! How is this helping the lower wage families?! #Disgusting https://t.co/xbpjj9sz7X @621488 Hi, sorry you feel this way, the spend amount is based on your average spend from the past (1) @621488 8 weeks and the 8 weeks before Christmas last year. I will pass your feedback on to the Loyalty department. - Georgina  (2) @621488 We do take your feedback seriously and I do understand your frustration. If I can help you with anything else give me a shout. - G",Customer complaining about restricting limits in speed and how it will be helping for lower wage families. Agent updated that he will take his feedback seriously and  he will pass his feedback on to the loyalty department.,0 days 06:20:38
261e502fcf15cf2cb80753a40c2d53ae,"[2283132, 2283133]","{2283132: Timestamp('2017-11-11 19:23:43+0000', tz='UTC'), 2283133: Timestamp('2017-11-22 02:22:54+0000', tz='UTC')}","@AppleSupport 
why isnot my bootcamp work @663549 Thanks for reaching out.  Are these the steps you are following to install Windows with Boot Camp: https://t.co/bq81zP1for?",The customer is complaining that why their bootcamp is not working. The agent asked to follow the steps to install windows with boot camp.,10 days 06:59:11
738522da110b841541d336b30ac1241e,"[1613008, 1613010, 1613011, 1613013, 1613016]","{1613008: Timestamp('2017-11-05 12:21:44+0000', tz='UTC'), 1613010: Timestamp('2017-11-05 13:25:28+0000', tz='UTC'), 1613011: Timestamp('2017-11-05 13:35:23+0000', tz='UTC'), 1613013: Timestamp('2017-11-05 22:38:26+0000', tz='UTC'), 1613016: Timestamp('2017-11-05 11:42:11+0000', tz='UTC')}","hey @MicrosoftHelps my computer just stopped working after updating whats going on buds @MicrosoftHelps i just updated it and now every time i log into my guest acct it locks me back out a second later ran update trouble shooter... @494915 1/2 Got it, Em. Corrupted or missing files and/or drivers could be the cause of this error. To clarify, you recently updated to @494915 2/2 Fall Creators Update? If you can still start in Safe Mode, go to Device Manager to update outdated drivers. @494915 If that's the case, please run the Surface Diagnostic Toolkit to check for possible corrupted files here: https://t.co/B14FR7rtYq",Customer is complaining about the computer which stopped working after updating and can't even contact customer support on their laptop or phone. Agent requests to run the Surface  Diagnostic Toolkit to check for possible corrupted files in the given URL.,0 days 10:56:15
b072c26a8da74bb56f26274b009c72e3,"[2354958, 2354960, 2354966, 2354967]","{2354958: Timestamp('2017-09-12 18:19:22+0000', tz='UTC'), 2354960: Timestamp('2017-09-12 11:10:30+0000', tz='UTC'), 2354966: Timestamp('2017-09-12 08:22:02+0000', tz='UTC'), 2354967: Timestamp('2017-09-11 21:04:17+0000', tz='UTC')}","@British_Airways charging £1235 to change booking needed coz of #Irma when can't even get back to Miami. Holiday ruined. @680376 Have you spoken to our Change Booking team for your best options, Steve? Sorry your holiday has been ruined by the hurricane. ^Gill @British_Airways Change team say instructions mean no free transfer. Might change but paid as I can't go FLA or stay and wanted to get seat. @680376 Hi Steve, please get in touch at your earliest convenience upon your return and we'll be in touch to discuss your experience. ^L",Customer complains about charging for change in booking. Agent informs to customers that he will email a letter with points that he discussed.,0 days 21:15:05
17777c642a6a78b83daa9d5fe2271e1c,"[1376400, 1376404, 1376409]","{1376400: Timestamp('2017-10-28 02:04:27+0000', tz='UTC'), 1376404: Timestamp('2017-10-28 03:39:00+0000', tz='UTC'), 1376409: Timestamp('2017-10-29 02:16:29+0000', tz='UTC')}","@115821 I have been home all day, why did I get a notice that delivery failed. @440415 We're happy to review the order and assist you directly. If you have a moment, please reach us here: https://t.co/hApLpMlfHN ^JR @440415 Thank you for letting us know. Have you had a chance to contact USPS directly for an update: https://t.co/gb8B8kyIfH? ^LR",Customer is complaining about the delayed delivery of a product. Agent is inquiring whether the customer had contacted USPS directly for an update.,1 days 00:12:02
4df5d0d25e3991b82de12782fbf37a5e,"[242394, 242398, 242399]","{242394: Timestamp('2017-10-04 13:00:01+0000', tz='UTC'), 242398: Timestamp('2017-09-29 13:00:01+0000', tz='UTC'), 242399: Timestamp('2017-09-29 06:21:12+0000', tz='UTC')}","@117176 Hi, I am an existing customer of your bank tried calling +912249552484 several times but sorry to say the pathetic service rcvd @173578 I'm sorry to hear about the issue. To escalate further please complete the link https://t.co/W7g6iN7ahv. ^YC @173578 I'm sorry to hear you have not been contacted. I would be happy to escalate ur request. Please click link to send your ph #.1/2 https://t.co/gvC4jAOA9c","The customer says that he is an existing customer of the bank, he tried calling to the bank several times but he didn't get any service from the bank. The agent asks to complete the required details in the provided link to escalate the issue further and asks to provide the phone number in order to assist further on the issue.",5 days 06:38:49
bb43c1641a4bbf4cdee223f455b710e7,"[1036889, 1036892, 1036896]","{1036889: Timestamp('2017-10-23 01:49:31+0000', tz='UTC'), 1036892: Timestamp('2017-10-23 01:59:29+0000', tz='UTC'), 1036896: Timestamp('2017-10-23 01:32:25+0000', tz='UTC')}","@VirginAmerica am I able to travel with a brand new sealed laptop through TSA without unboxing it? Flight from Oregon to San Francisco.. @365290 You'll be fine bringing it on the aircraft, however, TSA may ask you to take it out of the box. -Sean @365290 I'd personally just keep it all sealed up until they say something. I wouldn't be surprised if they allow it to go through unopened. -Sean",Customer has complained that he is unable to travel with brand new sealed laptop without unboxing it. Agent is glad that customer has reached him for this issue.,0 days 00:27:04
a48d95ba3ca3e838a189e6256708356a,"[621596, 621598, 621599, 621600]","{621596: Timestamp('2017-11-22 18:22:33+0000', tz='UTC'), 621598: Timestamp('2017-11-22 17:21:06+0000', tz='UTC'), 621599: Timestamp('2017-11-22 17:16:44+0000', tz='UTC'), 621600: Timestamp('2017-11-22 17:08:38+0000', tz='UTC')}","@VirginTrains 16:43 from Euston to Edinburgh. Seriously guys turn down the a/c in the quiet carriage 'G'. #winter @267523 Hi Jasmine, please speak to the onboard team and they should be able to adjust the temperature for you ^HP @VirginTrains Not worth risking my seat as I was stood up from Bham to Euston this morning and seat reservations aren't showing on here atm. @267523 Sorry to hear this, Jasmin. Please speak to station staff who will be able to validate your ticket for the next service for you ^HP",Customer request to turn down the  A/C in the quite carriage G. Agent directs customer to speak to station staff to validate his ticket for the next service.,0 days 01:13:55
ed3b39de9ba6f1ba814e0400c9fd4c0d,"[2296252, 2296252, 2296253, 2296253, 2296254, 2313112, 2313114, 2313114]","{2296252: Timestamp('2017-11-12 21:19:18+0000', tz='UTC'), 2296253: Timestamp('2017-11-12 19:47:59+0000', tz='UTC'), 2296254: Timestamp('2017-11-12 21:31:34+0000', tz='UTC'), 2313112: Timestamp('2017-11-12 22:53:00+0000', tz='UTC'), 2313114: Timestamp('2017-11-12 23:42:00+0000', tz='UTC')}",@115858 do you guys hate Taylor Swift? Because after I did the last update my new Taylor Swift album is gone! That combined with all these other nonsense glitches - perfect time for Google to come out with a phone. @666692 We want to do what we can to help you with your device. Were you able to find your music? What's going on with your device? @115858 After the newest update the Reputation album has completely disappeared from my music 😟😡 @666692 Were you able to locate and download the album again to your device? @666692 We're glad to hear you were able to download it again! Please let us know if we can help with anything else from here.,Customer is complaining about after the newest update reputation album has completely disappear from my music. Agent asking were u able to locate and download the album again to your device.,0 days 03:54:01
572edcdd82deb61e449870cdb22f27d1,"[583069, 583069, 583075, 583079, 583080]","{583069: Timestamp('2017-12-03 13:46:13+0000', tz='UTC'), 583075: Timestamp('2017-11-29 14:36:37+0000', tz='UTC'), 583079: Timestamp('2017-11-28 18:26:40+0000', tz='UTC'), 583080: Timestamp('2017-11-28 16:39:12+0000', tz='UTC')}","@SpotifyCares Spotify starts up on Windows 10 even though it is disabled from settings and task manager. There seems to be no definite fix. https://t.co/MA5fyomEpT @131457 Hmm, that doesn't sound right. What Spotify version are you using? We'll see what we can suggest /JE @131457 We hear you. We’ll be sure to pass your feedback on to the right folks. Just to check, have you reinstalled the app successfully? Keep us posted /JE @131457 Can you DM us your account's username or email address? We'll see what we can suggest /PC https://t.co/ldFdZRiNAt",Customer is having an issue that Spotify starts up on windows 10 even though it is disabled. Agent asked for the version and informed to send the feedback to the right folks and updated to DM  the username and email address.,4 days 21:07:01
8fe05ac7aca6c2c6e762db50a76a7b09,"[1133856, 1133857, 1133858, 1133866]","{1133856: Timestamp('2017-10-24 12:22:36+0000', tz='UTC'), 1133857: Timestamp('2017-11-16 10:55:44+0000', tz='UTC'), 1133858: Timestamp('2017-11-16 10:59:09+0000', tz='UTC'), 1133866: Timestamp('2017-10-30 06:18:06+0000', tz='UTC')}","Hey @VirginAmerica, I hate to be the guy that complains on Twitter but you need to respond to my email about a refund for a cancelled flight @214174 We have requested the refund. Please allow 10-14 business days to reflect on your account. -Jordan @VirginAmerica So it's been over a month and I haven't heard a thing about this - what is going on? @214174 I am not able to access this information. Can you please contact Customer Care at 1.877.359.8474  after 8 AM PST
-Andre",Customer is complaining about delayed refund of a cancelled flight for over a month. Agent requests to reach out customer care by providing their contact number.,22 days 22:36:33
8e6416009c613e10dfd10000ebab0b78,"[912008, 912010, 912012, 912013]","{912008: Timestamp('2017-10-13 19:33:21+0000', tz='UTC'), 912010: Timestamp('2017-10-13 19:31:11+0000', tz='UTC'), 912012: Timestamp('2017-10-13 19:27:46+0000', tz='UTC'), 912013: Timestamp('2017-10-13 19:25:29+0000', tz='UTC')}","@AdobeCare Hey, what does this error mean? I get it all the time when I want to place some text 🤔 https://t.co/qj7LRr1rxx @336592 Hi Etienne, which app is it occurring with? Please provide more details. Thanks! ^AJ https://t.co/iuwZCjQFFZ @AdobeCare Well I don't know what they mean, Premiere Pro says this: https://t.co/qSBVHDPwWL @336592 Thanks! We've passed this info on to our expert- they will review and get back to you ASAP. ^AJ",Here customer is complaining about some issue occurred in an app where he cant even text. Here agent ask the details and note the issue and says to  the customer that they will send this report to expert and get it resolve and also send a link where he can find a proper solution.,0 days 00:07:52
64ed5497753e9a52266acc500642aec5,"[1852241, 1852241, 1852244, 1852246, 1852247]","{1852241: Timestamp('2017-10-19 01:23:23+0000', tz='UTC'), 1852244: Timestamp('2017-10-19 01:25:32+0000', tz='UTC'), 1852246: Timestamp('2017-10-19 01:18:19+0000', tz='UTC'), 1852247: Timestamp('2017-10-19 01:37:45+0000', tz='UTC')}","Absolute lack of proper use of technology as @AmericanAir still is unable to link the the mobile app w/ the upgrade list at the gate @341719 You should be able to view the standby and upgrade list, Carlos. Check out the following for details: https://t.co/mzNUau3TZq @AmericanAir The stand by list was empty and employees blamed the systems and last minute ticket purchase as the reason. #lies @341719 We're sorry for your frustration, but we're glad to see that our folks were able to get you upgraded.","The customer complains that AmericanAir is unable to link the mobile app with the upgrade list at the gate, the standby list was empty and employees blamed the systems and last minute ticket purchase as the reason. The agent says that the customer should be able to view the standby and upgrade list via provided link and says that they are glad to see that their folks were able to get him upgraded.",0 days 00:19:26
08c861e4e2ca69d9025e43812f0928d2,"[1433015, 1433016, 1433017, 1433018, 1433025]","{1433015: Timestamp('2017-11-02 13:09:04+0000', tz='UTC'), 1433016: Timestamp('2017-11-02 13:29:18+0000', tz='UTC'), 1433017: Timestamp('2017-11-02 13:29:42+0000', tz='UTC'), 1433018: Timestamp('2017-11-02 13:32:04+0000', tz='UTC'), 1433025: Timestamp('2017-11-02 14:07:53+0000', tz='UTC')}","@GWRHelp please explain and justify why it's £55 to Exeter on 22 Nov and £135 for same journey on 22 Dec. Many thanks in advance. @452732 1/2Pricing does vary on advance tickets as they are first come first serve, so when the cheaper tickets have sold only standard fares remain @452732 2/2 I can see a single on the 08.15 for 22/11/2017 priced at £34.00 and a fare for £43.00 on the same train but for the 22/12/2017 - Josh @GWRHelp Try it for a return journey coming back on 27th. @452732 What time are you travelling? As our trains are running from Marylebone instead of Paddington reservations not possible on all. -Andy","Customer is enquiring about why the Price variation for the same journey but different dates. Agent informed that Pricing does vary on advance tickets as they are first come first serve,So when the cheaper tickets have sold only standard fares remain.",0 days 00:58:49
02cd36a17f360de3acd4230f83cbce7d,"[1108506, 1108508, 1108510, 1108511, 1108512]","{1108506: Timestamp('2017-10-24 01:10:59+0000', tz='UTC'), 1108508: Timestamp('2017-10-24 03:57:33+0000', tz='UTC'), 1108510: Timestamp('2017-10-24 03:59:25+0000', tz='UTC'), 1108511: Timestamp('2017-10-24 01:05:06+0000', tz='UTC'), 1108512: Timestamp('2017-10-24 01:07:36+0000', tz='UTC')}",@Delta Super poor customer service displayed tonight when flight after flight was delayed with no one available to help at gates #deltasucks @381604 I'm very sorry about the delay. Is there something I can help you with now? *TMT @Delta Maybe....currently trying to get on another flight now. Let's hope all is not lost.....especially my luggage. No one is sure where it is! @Delta SERIOUSLY? I was told my baggage was on one plane and assured of this only to find it wasn't!  What is wrong with this airline? @381604 Hello! I am here to help. Could you provide your confirmation number via DM so I can take a look for you? Thanks. *TDL... 1/2,"Customer is complaining about the customer service. Agent updated the customer to provide confirmation number via DM, So that they will look on this issue.",0 days 02:54:19
8f5f07c27e38d2e72f4f4c80f80c6c2e,"[1557971, 1557974, 1557976, 1557979, 1557980]","{1557971: Timestamp('2017-10-17 04:09:36+0000', tz='UTC'), 1557974: Timestamp('2017-10-17 05:56:31+0000', tz='UTC'), 1557976: Timestamp('2017-10-17 15:29:26+0000', tz='UTC'), 1557979: Timestamp('2017-10-18 16:30:51+0000', tz='UTC'), 1557980: Timestamp('2017-10-18 16:43:44+0000', tz='UTC')}",@sprintcare Noooo I went to the store to buy it. I wanted it today!! @sprintcare They said there’s no apple watches available in the state. He said shipping times are 2 weeks - Month. @481557 if they have the Watch available. You can find the stores nearest  to you in the link provided: https://t.co/X1DpDgk1EU SR (2/2) @sprintcare No apple watches available. @481557 Hey you do have the option to order the apple watch online or via our telesales department. Resolution Supervisor --KR,Customer is inquiring about buying options for apple watches on the same day since he didn't find it in the local store. Agent shares a link to find the nearest stores and also suggests to try ordering online or via telesales department.,1 days 12:34:08
33474cff3fc7973c38581668b4dfd55d,"[2470681, 2470684, 2470687, 2470688, 2470688]","{2470681: Timestamp('2017-11-15 11:23:42+0000', tz='UTC'), 2470684: Timestamp('2017-11-15 15:59:34+0000', tz='UTC'), 2470687: Timestamp('2017-11-15 10:33:36+0000', tz='UTC'), 2470688: Timestamp('2017-11-15 00:23:47+0000', tz='UTC')}","@AskeBay hi guys, I placed an order &amp; paid &amp; the listing has now completely dissapeared! EBay mailed me to advice me there me be a problem &amp; I contacted the seller twice but they are ignoring my mails. Please help x @706685 Happy to help on this 👍 If the seller is not responding &amp; the item was already dispatched, you may wait &amp; see if you receive it. If not, then you will need to open a case after est. delivery date passes. Have a look here: https://t.co/XH0MYD0E9l ^I @706685 Let us check this for you. Drop us a DM with your account details (full name, email address, postcode) &amp; item number and we'll see what is the best option for you now. ^I @706685 Thanks! We got it and responded now so make sure to check it for more information. Thanks ^I",Customer is complaining about the contacted seller twice but their are ignoring the mails. Agent responded to make sure to check it for more information.,0 days 15:35:47
4d918e49d21849edbd7da2c8cf155670,"[1524282, 1524283, 1524286, 1524290, 1524293]","{1524282: Timestamp('2017-10-17 00:51:30+0000', tz='UTC'), 1524283: Timestamp('2017-10-17 01:12:23+0000', tz='UTC'), 1524286: Timestamp('2017-10-17 01:19:00+0000', tz='UTC'), 1524290: Timestamp('2017-10-17 00:36:11+0000', tz='UTC'), 1524293: Timestamp('2017-10-17 00:35:35+0000', tz='UTC')}","@117735 @ATT Is it standard industry practice to call your customer liars? I send products back, there's proof they are returned @117735 @ATT Seems pretty cut and dry, why are you still charging me for products that are easily identified as returned to your warehouse? @473546 Hello Pam, you have come to the right place for expert assistance with your bill. Please DM your account number?^RickeyY @ATT I can’t send you a DM, you have to DM me. It only gives me the option to reply. @473546 No worries, Pam. To send us a DM, please go to our page and follow us. We look forward to hearing from you soon. ^DomG",Customer is asking that why they have charged him for the returned product and wanting to resolve the issue sooner. Agent asked back customer to DM his account number and to do so further asked to follow their page.,0 days 00:43:25
e7bd7e1d38ade118420d87ec1eba83b7,"[954804, 954806, 954808, 954810]","{954804: Timestamp('2017-11-04 17:55:56+0000', tz='UTC'), 954806: Timestamp('2017-11-04 18:38:00+0000', tz='UTC'), 954808: Timestamp('2017-11-04 14:30:33+0000', tz='UTC'), 954810: Timestamp('2017-11-04 13:17:03+0000', tz='UTC')}","Hi @MicrosoftHelps, the typography section of Microsoft site shows errors. It's been like this for sometimes now.
https://t.co/8uGgx53r1a @346554 Thanks for reaching out, Shahab. The link you provided isn’t working, can you provide us a screenshot. We’ll wait for your reply. @MicrosoftHelps To see the page! I have external link to this on my website and it says to visitors that it's been removed. Would it be fixed? @346554 Let's investigate more. What troubleshooting steps have you done on this particular issue? https://t.co/3qcAsLFkaY",Customer is having an issue with typography of microsoft site showing an errors. Agent updated to provide the screenshot and  asked the customer what troubleshooting steps have done on particular issue.,0 days 05:20:57
9b5cbf01b932b55acdbcc881f78f5a76,"[1778056, 1778057, 2040653, 2040655, 2040655]","{1778056: Timestamp('2017-11-07 23:56:04+0000', tz='UTC'), 1778057: Timestamp('2017-11-07 23:21:53+0000', tz='UTC'), 2040653: Timestamp('2017-11-08 23:10:37+0000', tz='UTC'), 2040655: Timestamp('2017-11-08 23:22:37+0000', tz='UTC')}","@SpotifyCares I just got a new samsung s7 and spotify keeps on randomly turning on and off for no reason. I have reinstalled, any other fixes? @534226 Hey, help's here! Can you let us know the Android version you're using? Just go to Settings &gt; About Device/Phone &gt; Software info /JS @SpotifyCares The music pauses. And sometimes I will go into the spotify app and a song will immediately start playing before I press play. I have had no problems with spotify until I got my new samsung s7 so wondering if it could be the operating system or some other setting? @534226 Hmm. Could you send us a DM with your account's email address or username? We'll take a look backstage /LO https://t.co/ldFdZRiNAt",Customer is having an isssue that spotify app keeps on randomly turning on and off. Agent asked the android version and informed that they will look backstage.,1 days 00:00:44
ada967085e30812fe77107f7f0d436bd,"[882608, 882611, 882612]","{882608: Timestamp('2017-10-21 16:30:29+0000', tz='UTC'), 882611: Timestamp('2017-10-18 13:44:40+0000', tz='UTC'), 882612: Timestamp('2017-10-18 10:16:43+0000', tz='UTC')}","@AppleSupport Facing LOTS of frequent crashes in new Safari 11 (El Capitan, MBP Late 2011). Plz fix it asap. @329578 Thanks for contacting us. Are you experiencing this when you go to a specific website? Have you tried restarting your Mac? @329578 OK, thanks. Let's go ahead and try testing the issue in safe mode: https://t.co/PQ4LSYhUTY
Keep us posted on how it goes.",Customer  is facing frequent crashes on  his new safari 11. Agent request customer to try testing the issue in safe mode in given URL.,3 days 06:13:46
b2226a4702d16c6ac5b2fc929ef901dd,"[969513, 969514, 969516, 969516, 969517, 969517]","{969513: Timestamp('2017-10-22 06:40:40+0000', tz='UTC'), 969514: Timestamp('2017-10-22 06:31:18+0000', tz='UTC'), 969516: Timestamp('2017-10-22 06:19:23+0000', tz='UTC'), 969517: Timestamp('2017-10-22 06:29:18+0000', tz='UTC')}","@SW_Help @119696 who’s in the office this morning? And also, is the timetable from London Waterloo to Weymouth back to normal again? @203476 @119696 Hi Lu, at the moment we have DC, BK, CW and myself in. There are some engineering works ongoing today but I can see one train 1/2 @SW_Help @119696 A K. How about the stopping services? @203476 @119696 That is also one an hour, running between Poole and Basingstoke. ^JW",Customer asking that who is in the  office morning  and how about the stopping services. Agent replying that there are some engineering works ongoing today  and also one hour running between Poole and basing stoke.,0 days 00:21:17
ca9b0d7069e0eb98f33da88063fbbe6e,"[2539956, 2539958, 2539959, 2539960]","{2539956: Timestamp('2017-11-16 10:55:28+0000', tz='UTC'), 2539958: Timestamp('2017-11-16 10:15:40+0000', tz='UTC'), 2539959: Timestamp('2017-11-16 10:11:30+0000', tz='UTC'), 2539960: Timestamp('2017-11-16 10:10:06+0000', tz='UTC')}","@ArgosHelpers when I shopped online this morning the code you sent me didn’t work. Spoke to shop assistant she advised to contact you. @722293 Hi Len, I am sorry you have experienced this issue. I need to confirm a few things with you. Can you confirm the email address that this was sent from and what's in the subject line please. - Gaz @ArgosHelpers Hi Gaz Email sent from Argos, subject line Exclusive Black Friday event voucher inside. @722293 Hi there Len - If you send us a DM we will be happy to look into this for you! - Dan",Customer enquires that the code which she received while doing a online shopping was not working. Agent requested to DM them for further assistance.,0 days 00:45:22
8678dcc18049176193cf778949df5257,"[272452, 272453, 272457, 272458, 272460]","{272452: Timestamp('2017-10-06 04:08:44+0000', tz='UTC'), 272453: Timestamp('2017-10-06 03:29:04+0000', tz='UTC'), 272457: Timestamp('2017-10-06 03:35:46+0000', tz='UTC'), 272458: Timestamp('2017-10-06 03:35:09+0000', tz='UTC'), 272460: Timestamp('2017-10-06 04:01:56+0000', tz='UTC')}","@115850 
Pathetic service! It was a gift, thanks for ruining it. No update given even when the mistake was made by your courier service!! https://t.co/C05ch6x8xP @181033 However, please be informed that orders once returned cannot be re-instated. In this case please place (2/3) ^VM @181033 a new order with the fastest shipping speed and we'll ensure to deliver it asap. (3/3) ^VM @AmazonHelp First u people deny delivery then on complaint u tell the customer itself that ""we do understand it's your mistake""! WoW!! @AmazonHelp I still need this order ASAP or atleast a full refund ASAP! This a lapse on part of ur courier service and you are blaming me! Outrageous",Customer is complaining on the incorrect courier facility. Agent asked customer not to share order details with anyone as it is considered as personal information and updated that order will be shipped ASAP.,0 days 00:39:40
7ff8a6eae2dcfd021cfa34154b0c85a8,"[1655912, 1655914, 1655915, 1655917]","{1655912: Timestamp('2017-10-17 14:41:58+0000', tz='UTC'), 1655914: Timestamp('2017-10-17 13:52:54+0000', tz='UTC'), 1655915: Timestamp('2017-10-17 16:08:10+0000', tz='UTC'), 1655917: Timestamp('2017-10-17 16:17:46+0000', tz='UTC')}","@Delta to qualify for 2018 status - can I spend money in 2017 for travel in 2018? Trying to hit my MQDs by end of year. @237700 Hi, there. Unfortunately, MQM and MQD credit is added to your account once the flights are completely flown. *CTR @237700 Of course! However, with the tickets you book for others, you will not earn the MQDs or MQMs for their tickets when they fly. *TBW @237700 You could purchase the tickets on your Platinum Delta SkyMiles American Express credit card to reach the MQD waiver. *TBW",Customer is questioning can they spend money in 2017 for the travel in 2018 to qualify the 2018 status and trying to hit their MQD's by the end of the year. Agent updates that they can purchase the tickets on their platinum delta sky miles american express credit card to reach the MQD waiver and the other way is to spend $25000 on thei delta amex within end of the year.,0 days 02:24:52
05d3e9cc1d382bdbd79d8dc03746dd48,"[4663, 4664, 4664, 4665, 4667]","{4663: Timestamp('2017-11-26 00:21:25+0000', tz='UTC'), 4664: Timestamp('2017-11-26 00:30:55+0000', tz='UTC'), 4665: Timestamp('2017-11-26 00:20:20+0000', tz='UTC'), 4667: Timestamp('2017-11-26 00:35:09+0000', tz='UTC')}","@SouthwestAir Are children allowed to sign up for Rapid Rewards? @116817 Hi, Lorenzo! Yes, children are able to sign up for Rapid Reward accounts. ^JB @SouthwestAir In registering the website wants me to enter their email address. I can't reuse the one associated with my account. Is there a solution besides having to make email addresses for 4 and 5 year olds? @SouthwestAir It won't let me do that so do I need to call or is there a trick around the web for iy denying me to reuse it",Customer is asking that are children allowed to sign up for rapid rewards. Agent updated that several families have the same address associated with multiple accounts.,0 days 00:14:49
cd55e560700a2ac9a9f65acda333efa5,"[849204, 849205, 849207]","{849204: Timestamp('2017-10-09 13:45:43+0000', tz='UTC'), 849205: Timestamp('2017-10-09 12:52:52+0000', tz='UTC'), 849207: Timestamp('2017-10-09 03:28:12+0000', tz='UTC')}","@115955 This is actually insane. I've hit retry so many times, and I keep getting kicked off the wifi. It's 2017, why is this happening? Please help https://t.co/R55y7zg16d @321765 Rachael, we do apologize for the delay. Do you still need assistance? If so can you please can you please DM the ... https://t.co/xdqQ0mTuYh @321765 I would suggest having someone from the school reach out to us so that we can look into this. ^AH",The customer is complaining that whenever is trying turn on wifi or hit on retry button he is getting kicked off from the wifi. The agent asked the customer to dm for further assistance.,0 days 10:17:31
7545917f963acb42fc4d9439a89d58ad,"[707565, 707566, 707567, 707568, 707570]","{707565: Timestamp('2017-10-10 20:01:43+0000', tz='UTC'), 707566: Timestamp('2017-10-10 19:50:18+0000', tz='UTC'), 707567: Timestamp('2017-10-10 20:03:54+0000', tz='UTC'), 707568: Timestamp('2017-10-10 20:05:10+0000', tz='UTC'), 707570: Timestamp('2017-10-10 20:12:50+0000', tz='UTC')}","@AskPlayStation Why is my download stuck on 4.599GB? @AskPlayStation Didn't work, I restarted it and now it's gone to 99+ hours left and still isn't moving, it did this earlier so I used Ethernet and re-tried @289159 Please go to Settings, Network, Test Internet Connection, and let us know your Download/Upload speeds and NAT type. @AskPlayStation 54.2Mbps download, 5.9Mbps upload and Type 2 @AskPlayStation I can't as my PlayStation doesn't connect to any controllers through the USB slots",Customer is complaining why is his download stuck on 4.599 GB. Agent updated that to follow them and send them a DM .,0 days 00:22:32
39ce2491428d2898fbcef094265544c8,"[250359, 250361, 250362, 250367, 250368]","{250359: Timestamp('2017-10-05 17:13:54+0000', tz='UTC'), 250361: Timestamp('2017-10-05 17:13:53+0000', tz='UTC'), 250362: Timestamp('2017-10-05 17:13:56+0000', tz='UTC'), 250367: Timestamp('2017-10-05 18:46:30+0000', tz='UTC'), 250368: Timestamp('2017-10-05 17:16:00+0000', tz='UTC')}","@VerizonSupport been trying to transfer service since the 30th of last month...had an appointment for two days ago... tech never (1/8) @VerizonSupport high end user... the only reason my service wasn't instantly switched because I was sold gigabit internet now I have (3/8) @VerizonSupport I'M A VET THAT DOESN'T RECEIVE MILITARY DISCOUNT🤔 (8/8) @175506 Are you attempting to upgrade your speed? Or you are not getting the speed your are provisioned for?
^TNT @175506 Please use the link below to check on the discount.
https://t.co/HujuV2dmDX
^TNT",The customer says that he is been trying to transfer service since last month and adds that he didn't received military discounts. The agent asks whether the customer attempting to upgrade the speed and shares a link to check on the discounts.,0 days 01:32:37
88bf07bf1c09b499543d42c453767b27,"[249723, 249724, 249725, 249725]","{249723: Timestamp('2017-11-25 19:49:41+0000', tz='UTC'), 249724: Timestamp('2017-11-25 00:29:22+0000', tz='UTC'), 249725: Timestamp('2017-11-26 06:35:19+0000', tz='UTC')}","@SpotifyCares There is a bug when i am setting up my artist page through spotify @SpotifyCares When i go on to create an artist account, it makes me pick from a list of artists already on spotfiy and then verify that i am them but im not them i am trying to put my music onto spotify for other people to find @175357 Got it. Our friends in Artist Support are the right folks to help with this. You can get in touch with them here: https://t.co/p1wbtdELHu /MT",Customer is complaining about the bug in the Spotify webpage. Agent states their Artist support team would assist and requests to get in touch with them.,1 days 06:05:57
30d6ca94fbed713d066c4b3c56b471d1,"[2604527, 2604528, 2604531, 2604532]","{2604527: Timestamp('2017-11-17 09:32:47+0000', tz='UTC'), 2604528: Timestamp('2017-11-17 09:50:44+0000', tz='UTC'), 2604531: Timestamp('2017-11-17 10:20:25+0000', tz='UTC'), 2604532: Timestamp('2017-11-17 10:31:42+0000', tz='UTC')}",@nationalrailenq any updates on the 09:31 Bham to Manchester Piccadilly. Just says delayed @736961 This service is currently expected to arrive at 09:51. The earlier train has now been terminated at Bromsgrove. @nationalrailenq We got told that this is the delayed 09:31 service that I am currently on ... several announcements have been made. ... and it’s supposed to arrive at 10:59 ... https://t.co/OUBKgd7Tk4 @736961 I believe the service you are on is currently expected to arrive at Manchester Piccadilly at 11:32.,Customer complaints that an update on the 9:31 Bham to Manchester Piccadilly which says delayed. Agent updates that the service they are on is currently expected to arrive at Manchester Picadilly at 11:32.,0 days 00:58:55
187fe2f321124667ee1f49673c223eda,"[1669620, 1669627, 1669630]","{1669620: Timestamp('2017-11-06 12:41:28+0000', tz='UTC'), 1669627: Timestamp('2017-11-06 13:20:03+0000', tz='UTC'), 1669630: Timestamp('2017-11-06 14:57:34+0000', tz='UTC')}","@VirginTrains Was told NOT to travel (WGN - GLC) in January 2016 due to damage to West Coast Mainline &amp; that I'd receive a full refund - NOT HAPPENED! @508348 Are there any reference numbers attached to any of your correspondence? ^LC @508348 Can we take your email address and we'll search our system for anything we can find, please DM us with it. ^PA https://t.co/hhfk9c3ylv",Customer is asking to refund his amount from @VirginTrains. Agent asks to take mail address and they will search their  system for anything they can find and also to DM.,0 days 02:16:06
5d6edf6f8fe3191422c8abf33b04d4b6,"[806513, 812278, 812284]","{806513: Timestamp('2017-10-12 19:27:29+0000', tz='UTC'), 812278: Timestamp('2017-10-12 19:51:46+0000', tz='UTC'), 812284: Timestamp('2017-10-12 20:52:49+0000', tz='UTC')}",@Delta Our trip got cancelled due to the situation in PR @312190 Hi Justin! What is your confirmation number? *TMC @312190 It is all done for you. I went ahead and redeposited your miles and refunded $11.20 per person. You should see the miles back on your... 1/2,Customer is complaining about cancelled trip due to situation in PR. Agent updated the customer to send the confirmation number and informed the customer that they miles as been redeposited and refunded 11.20$ per person.,0 days 01:25:20
67622ad2f17a7862bf8028f41197b1c3,"[2232477, 2232480, 2232484]","{2232477: Timestamp('2017-11-10 18:07:37+0000', tz='UTC'), 2232480: Timestamp('2017-11-10 18:00:48+0000', tz='UTC'), 2232484: Timestamp('2017-11-10 17:49:27+0000', tz='UTC')}","@VirginTrains 2 out of 3 train journeys with my seat reserved &amp; somebody sat in it refusing to move. What’s the point if staff don’t do owt? @VirginTrains Maybe train your staff to deal with things like this when customer has paid for a specific seat (let along an actual seat) @651370 I will be passing it on to the customer experience managers, however if you want to write in please do so via https://t.co/t20UbyOCSn ^PA","Customer is complaining about the virgin trains and 2 to 3 trains journey with the seat reserved  &amp , somebody sat in it refusing to move. Agents says that will be passing it on to the customer experience managers, if you want to write can do via:URL.",0 days 00:18:10
5bef9fb7a05078847a771ca934cbcf31,"[2741038, 2741040, 2741041, 2741046, 2741046]","{2741038: Timestamp('2017-11-20 17:21:44+0000', tz='UTC'), 2741040: Timestamp('2017-11-20 16:44:22+0000', tz='UTC'), 2741041: Timestamp('2017-11-20 18:44:24+0000', tz='UTC'), 2741046: Timestamp('2017-11-21 19:21:49+0000', tz='UTC')}","Sence @115714 OTR update my #GalaxyNote8 won't work with @123765 even on @9242 HELP! @34590 @457912 @270954 @117159 @1639 https://t.co/JT4wWrjPaF @211304 Hi! Does it happen with other apps? -GB. @211304 Please, clear the Cache and Data and try again. -GB. @211304 That's Ok. Since the issue started after the update, the app might not be updated. Please, uninstall the App. and download it again. -GB.",Customer having an issue with GalaxyNote8 not working with 123765 and even on 9242. Agent updated the customer to clear the cache and data and then try again and also updated that to uninstall the app and downloading it again.,1 days 02:37:27
730044e20fc96a0e92f0a902fe199d50,"[1848502, 1848506]","{1848502: Timestamp('2017-10-18 19:05:07+0000', tz='UTC'), 1848506: Timestamp('2017-10-19 01:33:56+0000', tz='UTC')}","How long should one stand at gate desk w/suitcase &amp; briefcase before 1 of 4 uniformed @AmericanAir staff greets them? @56104 @553520 Yes we do, Rene, as we have your reservation by your name. We appreciate you letting us know. Our sincere apologies for any rudeness.",The customer is complaining that they stood 5 mins with their suitcase abd briefcase at the gate and nobody was there to help them out. The agent apologizes for any rudeness happened.,0 days 06:28:49
bfb4ddaaae1b6c43e2aa8d2d767eba53,"[2443215, 2443216, 2443221, 2443226, 2443227]","{2443215: Timestamp('2017-11-15 00:12:06+0000', tz='UTC'), 2443216: Timestamp('2017-11-14 23:43:38+0000', tz='UTC'), 2443221: Timestamp('2017-11-15 01:18:27+0000', tz='UTC'), 2443226: Timestamp('2017-11-14 23:36:24+0000', tz='UTC'), 2443227: Timestamp('2017-11-14 23:30:37+0000', tz='UTC')}","Hey, @115725 - PRETTY HARD TO TROUBLESHOOT WHY MY INTERNET ISN’T WORKING WITHOUT THE INTERNET. @294676 Hello Austin, Are you able to locate your battery back up unit?
^NHP @VerizonSupport I just did a power reset to it and it looks like that took care of it (for now). Thank you! @VerizonSupport Spoke too soon. Stopped working again. I did a power reset on the battery backup unit which was the temporary fix. @VerizonSupport It worked for a little bit and now it’s down again.",Customer is placing a complain on internet issue. Agent asked the customer about the battery back up and to try again with network.,0 days 01:47:50
0bd73079fc0944ea6a962458f3cbd30b,"[73924, 73925, 73926, 73927, 73929, 73960]","{73924: Timestamp('2017-11-30 10:30:34+0000', tz='UTC'), 73925: Timestamp('2017-11-30 11:36:30+0000', tz='UTC'), 73926: Timestamp('2017-11-30 10:53:03+0000', tz='UTC'), 73927: Timestamp('2017-11-30 10:11:17+0000', tz='UTC'), 73929: Timestamp('2017-11-30 10:16:28+0000', tz='UTC'), 73960: Timestamp('2017-11-30 10:23:37+0000', tz='UTC')}","This is how customer are harrassdd in India.even after porting for 6 mnths,they will take legal action.they have time for this and bigger fraudster are not targated.agencies please look into it @idea_cares @116331 @116590 @118471 https://t.co/VtlP95tDlj @132545 Sorry for the trouble caused, as checked, there is some outstanding amount to be payable on your account, we request you to please clear the sme.

Regards,
jyoti. @idea_cares I have called the number mentioned in sms, and it was conveyed to me that this number is permanently closed. Can u please educate yoir system and guys? @idea_cares @116331 @116590 @118471 I have requested to close this account 4 months back and still i am being charged? How ethical it is to scare customers for 2611/- ? Is this is how customer care works? Its mental harrassment @132545 Sorry for the inconvenience cased to you. As checked, there is outstainding on your account and your number is temporarily disconnected. And as checked, there is no deactivation request on your account. We request you to clear outstanding. (1/2) @132545 We are sorry for the inconvenience caused to you. As checked you number is barred due to nonpayment the number is temporarily is disconnected. Hence request you to visit nearest Idea store for disconnection after clearing the outstanding amount.",Customer is complaining about that they are requested to close this account 4 months back and still i am being charged. Agent request to visit nearest idea store for disconnection after clearing the outstanding amount.,0 days 01:25:13
7d19761675aab337509aa22c0bf4a9ac,"[2548170, 2548171, 2548172, 2548174]","{2548170: Timestamp('2017-10-30 13:32:02+0000', tz='UTC'), 2548171: Timestamp('2017-10-30 13:35:26+0000', tz='UTC'), 2548172: Timestamp('2017-10-30 13:36:49+0000', tz='UTC'), 2548174: Timestamp('2017-10-30 10:13:11+0000', tz='UTC')}","Hai @AppleSupport my iphone SE's personal hotspot menu have been gone for couple of weeks, can you help me troubleshoot the problem(s) ? @724114 We can offer some assistance. First, let's check with your carrier to make sure it's been enabled and that your plan supports it. @AppleSupport Yep, i am currently using indosat and my data plan supports it, if i reset my network settings it does come back and usable, but after a (1) @AppleSupport But after a while, it'll gone again and practically unusable, i am currently using the latest ios 11.0.3 (2)",Customer is requesting to help them in troubleshooting the problem where their iPhone SE's personal hotspot menu has been got for several weeks. Agent asks for the details and updates to meet in DM to have a closer look into this issue.,0 days 03:23:38
385731cbb827f22e2ddef2874d2c6c1c,"[146431, 146434, 146434, 146438, 146439]","{146431: Timestamp('2017-11-24 14:09:00+0000', tz='UTC'), 146434: Timestamp('2017-11-24 13:08:15+0000', tz='UTC'), 146438: Timestamp('2017-11-23 13:13:00+0000', tz='UTC'), 146439: Timestamp('2017-11-23 11:38:40+0000', tz='UTC')}","@MicrosoftHelps Dear Microsoft I've send a complaint about #Surface but I didn't got an answer. Now I would like to know if there are other solutions: https://t.co/HqkHd8doUG @149234 Hi André. Let's check on this. Were she able to obtain a service request number when she contacted technical support? Can you send it to us so we can take a look on what happen and provide you other options that we can do. @MicrosoftHelps Thank you very much. It's been a lovely dinner. I've asked and she called support. The engineer said there isn't another solution so there is no support case. She left her credit card number because they can charge support but she wasn't satisfied with the answer 1) @149234 In this case, we would recommend that you visit the nearest Microsoft Store in your area to have them check your device: https://t.co/a6eixZSWKs Our Store personnel will evaluate your Surface device and will be able to provide you recommendations.",Customers wants to know if there are any other solutions because they have already send a complaint about surface but didn't get any answer. Agent recommended to visit the nearest store in their area to check their device. Store personnel with evaluate their surface device and will be able to provide them recommendations.,1 days 02:30:20
b54ae2d191c8ee7aec6c0461dc0aef2a,"[1170537, 1170540, 1170541, 1170542, 1170543]","{1170537: Timestamp('2017-10-15 15:05:52+0000', tz='UTC'), 1170540: Timestamp('2017-10-15 15:20:10+0000', tz='UTC'), 1170541: Timestamp('2017-10-15 15:20:35+0000', tz='UTC'), 1170542: Timestamp('2017-10-15 15:33:19+0000', tz='UTC'), 1170543: Timestamp('2017-10-15 16:06:35+0000', tz='UTC')}","@ArgosHelpers I have to pay £30 in a taxi to Leeds with a bike to get it replaced. Bit of a joke... @355176 Hello Anton, I am sorry to hear your bike is faulty. This is certainly not the quality of product we wish to provide to our customers... @355176 ...As this is a store collection this does have to be returned to store. I fully understand your frustration with having to return in a taxi @ArgosHelpers I get that. It’s more frustrating that its more money to be spent on this when it could have been avoided simply by having a working product @355176 if things go wrong we try to make the return of an item easy as the way it was purchased, for store collected items, this is in store - Jase",Customer is complaining that the things he buys will remain broken always and to replace it with a faulty bike he used to spent 30 euro for the taxi. Agent apologised for not proving a quality product and updated to DM the details.,0 days 01:00:43
e4ffd4af7588688c851d31243d2c7db8,"[1187059, 1187062]","{1187059: Timestamp('2017-10-14 03:34:45+0000', tz='UTC'), 1187062: Timestamp('2017-10-17 18:48:14+0000', tz='UTC')}","@hulu_support why can't I choose an episode instead of watching what is next.in the series??? maybe I like re-watching some episodes. @399137 Thanks for that! Clicking on a show brings up the Details and just to the right is Episodes, which has all seasons/episodes.","The customer is complaining that why can't they watch the episode of their choice. The agent told that clicking on a show brings up the details and just to the right is episodes, which has all seasons.",3 days 15:13:29
d6d66b74b26c0e5ba7c8441f92746172,"[452645, 452649, 452651, 452652]","{452645: Timestamp('2017-11-30 22:34:41+0000', tz='UTC'), 452649: Timestamp('2017-11-28 03:08:15+0000', tz='UTC'), 452651: Timestamp('2017-11-28 03:11:57+0000', tz='UTC'), 452652: Timestamp('2017-11-28 03:11:47+0000', tz='UTC')}","@AirAsiaSupport traveling to Singapore from Bali on 4th January. Want to cancel. How can we apply for refund given the situation is out of our control? @222385 changes to our service. Sorry but cancellation is not allowed once the booking is confirmed as payments made are non-refundable &gt;&gt;&gt; @222385 (except India and Indonesia Domestic Flights, to/ from Korea subject to TNC). &gt;&gt;&gt; @222385 Hi Sophie, that is only for flights up to 31st of Dec. All flights are operating as per normal and no other options are available-Y","Customer enquires about the cancellation of tickets and also asking how to apply for refund. Agent states that once the booking is confirm, cancellation is not allowed.",2 days 19:26:26
52f84e32562c81c54b4ddf998fc33a03,"[94262, 94272, 94273, 94276]","{94262: Timestamp('2017-11-30 16:05:49+0000', tz='UTC'), 94272: Timestamp('2017-11-30 16:36:33+0000', tz='UTC'), 94273: Timestamp('2017-11-30 16:55:04+0000', tz='UTC'), 94276: Timestamp('2017-11-30 15:27:13+0000', tz='UTC')}","@sprintcare Doubt it! Tired of wasting my time. FOUR do u hear me FOUR cust svc agents &amp; NO ONE is ""AUTHORIZED"" 2do anything! Connect me w upper mgmt who can! Tired of being shuffled around @136460 Ok I'm going to check the account and see the deals we have for you. @sprintcare Yes it is. BUT hv spoken w sales team &amp; I get runaround. EVERYONE says they don't hv authority to approve that &amp; offer to hv supervisor call me back. It is DAY 6!!!! No callback, no answers to anything. So FRUSTRATED!!! @136460 Hello unfortunately this offer is not available to you. I am sorry we do have other great offers that are tailored to you. -FR",Customer is complaining about customer service. Agent states that they don't have great offers.,0 days 01:27:51
43e9366abbffd53e24cdd3376a616f6f,"[748448, 748450, 748453, 748455]","{748448: Timestamp('2017-10-11 16:56:19+0000', tz='UTC'), 748450: Timestamp('2017-10-11 15:58:31+0000', tz='UTC'), 748453: Timestamp('2017-10-12 07:04:57+0000', tz='UTC'), 748455: Timestamp('2017-10-12 12:34:35+0000', tz='UTC')}","@O2 is there a way i can get a upgrade without paying upfront cost? My phones broken and desperately need a phone @298926 The upfront fee would depend on what contract you chose to upgrade onto. Have you seen anything you like? @298926 😞 Have you already spoken to our upgrade team over the phone to see what we can offer?: https://t.co/XrXpASGB7O @298926 Ah okay, if the deal you want has an upfront fee, you'd need to pay it. We're sorry for any inconvenience.",Customer is enquiring about upgrade without paying upfront cost. Agent informed that it depends on what contract you choose to upgrade onto and  asked whether he spoke with upgrade team  regarding offer and finally inform to pay for the same.,0 days 20:36:04
f4f97972327607e9e39a2f0ea51ff4a2,"[1006869, 1006870, 1006871, 1006871]","{1006869: Timestamp('2017-10-22 19:35:40+0000', tz='UTC'), 1006870: Timestamp('2017-10-22 14:11:35+0000', tz='UTC'), 1006871: Timestamp('2017-10-22 14:07:46+0000', tz='UTC')}","@115879 And here I thought yesterday's ride was awful. Running late af with dangerous driver. @324514 Please report this to our Critical Response Line by clicking the ""Call Me"" button and entering your number at https://t.co/93jojKlTCK. @324514 Please feel free to send this through our Help Center ticket request form at https://t.co/mSGO64yDdd.",Customer complaining about yesterday s ride was awful and running late with dangerous driver. Agent suggests that please report  this to our critical response line  and also feel free to send this through our help center ticket request from url.,0 days 05:27:54
104b29e221892a7bcbaea48392eaa658,"[1228304, 1228305, 1228306, 1228309, 1228310]","{1228304: Timestamp('2017-10-25 20:13:57+0000', tz='UTC'), 1228305: Timestamp('2017-10-25 19:52:13+0000', tz='UTC'), 1228306: Timestamp('2017-10-25 20:22:59+0000', tz='UTC'), 1228309: Timestamp('2017-10-25 20:34:52+0000', tz='UTC'), 1228310: Timestamp('2017-10-25 20:37:09+0000', tz='UTC')}","@GWRHelp hey, trying to book tickets over the festive season but can't get assigned seats and it says unconfirmed. should I wait? thks! @GWRHelp Hey Jordan, 23rd-27th Dec? @408171 Upgrade work is taking place and the timetable is being revised. Booking horizons can be found here: https://t.co/4BYUNd7mJY - Jordan @408171 Yes, there will be trains over the holidays but we are waiting for Network Rail to confirmed the revised timetable. (1/2) @GWRHelp ahh okay, I'll hang on a bit longer then. thanks Jordan",Customer unconfirmed seats after he  has booked a tickets. Agent has explaining about revised timetable of network train u and hoping the customer about the booking once he gets confirmation.,0 days 00:44:56
cfa1c6c4d24e87e7fa0638255ff649a6,"[862933, 862936, 862937, 862937]","{862933: Timestamp('2017-10-13 14:49:05+0000', tz='UTC'), 862936: Timestamp('2017-10-13 14:40:08+0000', tz='UTC'), 862937: Timestamp('2017-10-13 13:56:34+0000', tz='UTC')}","@Ask_Spectrum did you greedy pigs meet an agreement yet? You seem to think we’re kidding when we say we’ll switch to @115722 @314496 Spectrum is currently working with Viacom to continue providing its channels.  Be assured that Spectrum is commit... https://t.co/1EEChxa9so @314496 Sorry, I can break up the tweet. ""Spectrum is currently working with Viacom to continue providing its channels. -cont...",The customer was asking about the agreement regarding greedy pigs meet. The agent is confronting the customer saying that Spectrum is currently working with Viacom to continue providing its channels.,0 days 00:52:31
1c3333d666b15abfaea8a04d2376eb59,"[1700052, 1700053, 1700055, 1700058]","{1700052: Timestamp('2017-11-06 21:13:12+0000', tz='UTC'), 1700053: Timestamp('2017-11-06 20:57:45+0000', tz='UTC'), 1700055: Timestamp('2017-11-06 21:29:26+0000', tz='UTC'), 1700058: Timestamp('2017-11-06 22:06:29+0000', tz='UTC')}","@AmazonHelp I have just recieved an email with the confirmation for my pre order of payback delux edition but I don't know where the code is @AmazonHelp Need for speed payback delux edition for PS4 https://t.co/6yUtSzEVH4 @451684 Click on the 'Redeem from https://t.co/nA6rSMyBnz' link found on the Thank You page &amp; sign in w/ your Playstation account. (1/1) @451684 You should also receive another e-mail letting you know when the content is actually avail, with a similar link. (2/2) ^KH","Customer is asking about the email received with the confirmation of my pre order of payback delux edition  but don't no where the code is. Agent says they should receive another e-mail lettering when the contest is actually avail, with a similar link.",0 days 01:08:44
82956bff73ec19472b5e2d9a76c65888,"[1176019, 1176022, 1176023, 1176024]","{1176019: Timestamp('2017-10-15 17:06:29+0000', tz='UTC'), 1176022: Timestamp('2017-10-15 17:04:15+0000', tz='UTC'), 1176023: Timestamp('2017-10-15 17:30:32+0000', tz='UTC'), 1176024: Timestamp('2017-10-15 17:28:14+0000', tz='UTC')}","@115783 @47344 I will keep after @115783 until our employee is either MOVED to another nearby location OR my money is 100% REFUNDED so we can go to hotel @396633 Hi Don, we're sorry to hear this. Please DM us the reservation code so we can investigate. We're standing by. @396633 Thank you for this information, Don. We have located your account and see that you have a case open with the appropriate team. 1/2 @396633 We have updated your case notes and asked that your Case Manager follow-up with you directly. We appreciate your patience in the meantime.",Customer is complaining that they want to leave the property that does not have power for days where they are trying to tax their donation and they will keep until their employee is either moved to another location or their money is 100% refunded so that they can go to hotel. Agent updates that they can see their case manager is in touch with them via mail regarding on the refund and provides an URL for more information.,0 days 00:26:17
eafb6ce2ca98a3d0413b9465ebd58000,"[2290777, 2290784]","{2290777: Timestamp('2017-11-12 09:01:03+0000', tz='UTC'), 2290784: Timestamp('2017-11-12 08:52:14+0000', tz='UTC')}","@115817 
Rubbish customer service .. one of your staff hang phone on my face 😠 @UPSHelp For assistance, please feel free to DM us using the link below. Thank you. ^KD https://t.co/wKJHDXWGRQ",The customer is complaining that one of your staff hang phone on their face. The agent asked to dm them using the given link.,0 days 00:08:49
4ae04dc3cdfb912c6a9beb9225f157d6,"[2567365, 2567369, 2567370, 2567371, 2567372]","{2567365: Timestamp('2017-11-16 19:13:46+0000', tz='UTC'), 2567369: Timestamp('2017-11-17 11:34:15+0000', tz='UTC'), 2567370: Timestamp('2017-11-17 11:34:36+0000', tz='UTC'), 2567371: Timestamp('2017-11-16 17:20:56+0000', tz='UTC'), 2567372: Timestamp('2017-11-16 17:06:38+0000', tz='UTC')}","Cheers, @Tesco, seems you've had Snes Mini stock in several times today, yet not once have I received a stock notification e-mail from you (that I set up weeks ago). :( @Tesco Is someone there releasing them online 1 at a time? No point saying ""Hurry, Stock is low!"" when you do get them on, and then saying ""oh dear, no stock"" when at checkout basket....then back to product page with ""Hurry, low stock!"" again. Frustrating. @281194 Hello, I am very sorry to hear about the troubles you have received in regards to the SNES console availability. Can you please DM us your full name, email address and full home address details for your account please? Thanks - Ross. @281194 Hello, I have replied to your DM. Thanks - Ross. @281194 Hello, I have replied to your DM. Thanks - Ross.","Customer is complaining about the low stock. Agent asks to DM their full name, email address and full home address details of account.",0 days 18:27:58
3ebc2b100e584201102c4e0eeeb7be03,"[2642152, 2642152, 2642157, 2642157]","{2642152: Timestamp('2017-10-31 01:47:00+0000', tz='UTC'), 2642157: Timestamp('2017-10-31 01:25:47+0000', tz='UTC')}","@VerizonSupport What is wrong with your webpage!??! Ive been trying to log in with the correct info and it just hangs and then locks @745578 Is the website advising you that your credentials are currently locked out? If so, then the password will need to be reset. 
^HSB",Customer is complaining that he is unable to login into his Verizon account with the correct information. Agent suggests to reset the password if the website is advising about locked out credentials.,0 days 00:21:13
25b7e3422a1917beb9634e660b0e9efa,"[2140649, 2140650, 2140651, 2140652, 2140653]","{2140649: Timestamp('2017-10-19 09:25:42+0000', tz='UTC'), 2140650: Timestamp('2017-10-18 01:47:45+0000', tz='UTC'), 2140651: Timestamp('2017-10-19 09:39:04+0000', tz='UTC'), 2140652: Timestamp('2017-10-19 09:45:32+0000', tz='UTC'), 2140653: Timestamp('2017-10-19 10:12:32+0000', tz='UTC')}","@sainsburys i asked for cashback at one of your stores, i've just checked my bank statement online &amp; it doesn't appear to have come out @sainsburys yes. the transaction is showing but not the cashback I don't know what my balance was at the time but I don't think it came out of my acc @629503 The cashback will be in the same transaction as your payment to Sainsbury's. This will not be shown separately. Mariya @sainsburys well its just showing just the transactions which was just over £2.00 but I got the cashback @sainsburys shall I send it in to head office or take to my nearest Sainsbury's store?",Customer is complaining that no cashback as been added to his bank account. Agent updated that when they pop into store with it they will be more than happy to help.,1 days 08:24:47
9878dc21552267f1057bcdada538fd45,"[1432506, 1432507, 1432508, 1432513, 1432513]","{1432506: Timestamp('2017-11-02 13:15:30+0000', tz='UTC'), 1432507: Timestamp('2017-11-02 14:22:34+0000', tz='UTC'), 1432508: Timestamp('2017-11-02 04:33:55+0000', tz='UTC'), 1432513: Timestamp('2017-11-02 20:47:00+0000', tz='UTC')}","@AppleSupport why does my music keep pausing every time I go in another app? 🤔 I’m running iOS 11.1 @316439 We're here for you. Are you using the default Music app or something else? Also, does this happen without headphones? @AppleSupport It happen with headphones on, and yes I’m using the default music app @316439 Try deleting the Snapchat app, restarting the device, then reinstalling the app. Please send us a DM with the result. https://t.co/GDrqU22YpT",Customer is complaining about the music keep pausing everytime. Agent updated that to delete the snapchat app and restarting the device then reinstalling the app and also informed the customer to DM with the result.,0 days 16:13:05
302212634ec66e3d029665d91fc78813,"[264204, 264206, 264207, 264208, 264212, 264215, 264215]","{264204: Timestamp('2017-10-06 21:08:31+0000', tz='UTC'), 264206: Timestamp('2017-10-07 05:31:50+0000', tz='UTC'), 264207: Timestamp('2017-10-06 20:08:48+0000', tz='UTC'), 264208: Timestamp('2017-10-07 05:54:25+0000', tz='UTC'), 264212: Timestamp('2017-10-07 07:13:52+0000', tz='UTC'), 264215: Timestamp('2017-10-14 08:25:00+0000', tz='UTC')}","@MicrosoftHelps my contacts on my windows Phone are gone. Still visible on pc. Please help. @178967 Hi, Robin. Help is on the way. Which phone model and version of Windows are you using? Have you made any changes prior to the issue? @MicrosoftHelps Great. Lumia 950XL with windows 10mobile. @178967 Got it. Let's try to remove your Microsoft account, then set it up again. Check this for more details: https://t.co/NHMvYonooU. @178967 Try performing a soft reset to refresh your phone. Press and hold the Volume down and Power button until it restart. Update us! @178967 Hi, Robin! For security purposes, please remove the photo which contains your email address. Send us a DM if you have any questions.",Customer lost his contacts on Windows phone and  can still see on his PC. Agent directs customer to remove photo which contains  customers email address and send them a DM for further questions.,7 days 12:16:12
71c2cadc5ec5f4e8c99252e25e28bf4e,"[989183, 989185, 989188, 989191]","{989183: Timestamp('2017-10-22 12:30:56+0000', tz='UTC'), 989185: Timestamp('2017-10-22 12:16:40+0000', tz='UTC'), 989188: Timestamp('2017-10-22 13:03:03+0000', tz='UTC'), 989191: Timestamp('2017-10-22 17:01:24+0000', tz='UTC')}","@ATVIAssist hey guys, I own the season pass (on Xbox and PS4) and I haven’t gotten a login bonus on PS4 in 2-3 Days @354360 Hey! Can you please provide me with your Gamertag &amp; PSN ID? ^EG @ATVIAssist Also I’ve already cleared my cache @354360 The reset happens at 5pm PST. Let me know if you don't receive it by then. ^EG","Customer is  enquiring that as he has own the season pass (on xbox and ps4), he has not recieved the login bonus on ps4. Agent is requesting to provide Gamertag and PSN id and also states that the reset will be done at 5pm PST.",0 days 04:44:44
34cbf5760fb5f16f8646f68202282df0,"[1397987, 1397988, 1397989, 1397994, 1397995]","{1397987: Timestamp('2017-10-28 17:28:15+0000', tz='UTC'), 1397988: Timestamp('2017-10-28 17:27:27+0000', tz='UTC'), 1397989: Timestamp('2017-10-27 10:43:53+0000', tz='UTC'), 1397994: Timestamp('2017-10-30 15:43:34+0000', tz='UTC'), 1397995: Timestamp('2017-10-31 20:05:12+0000', tz='UTC')}",@sainsburys bit quieter this week. Last week they allowed a thief to run. Poor language and fights last week. @sainsburys Yes. I'm a regular customers lasagne with garlic bread and salad but garlic bread was missing. Not as good. @sainsburys Oh the noise was in the store by entrance when thief was caught abusing and swearing. Have it on video too. Not nice. Kids around. @sainsburys Manish is the manager. My mum has receipt check with Manish he will remember from Friday 11.30 as I asked him . @352674 Was this in regards to the change made to the cafe's lasagne or the disruption at the entrance? Reid,Customer is complaining that last week they allowed thief too run away and poor language and fights. Agent update that they had fed this details to the relevant department for further investigation.,4 days 09:21:19
36201c65d902dde3dcb146600c0798af,"[1418145, 1418146, 1418148, 1418149, 1418150]","{1418145: Timestamp('2017-11-01 22:28:52+0000', tz='UTC'), 1418146: Timestamp('2017-11-01 23:56:20+0000', tz='UTC'), 1418148: Timestamp('2017-11-02 00:08:46+0000', tz='UTC'), 1418149: Timestamp('2017-11-02 00:20:11+0000', tz='UTC'), 1418150: Timestamp('2017-11-02 00:21:43+0000', tz='UTC')}","Hey @Delta - what's the difference between flight nikes and ""other"" miles? Thanks! @449618 Flight miles are what you earn with the miles actually flown. Other items are for Medallion Status.   https://t.co/5c6KUiQgt9 *TMS @449618 No, you can only use the flight miles earned toward a flight. It may show as ""Total Available Miles.""  *TMS @Delta So then what was the point of me being given 40k miles to switch my flight when I can't even use them for other flights? @449618 You can use them for other flights. Send me your SkyMiles number, please. Thanks. *TMS https://t.co/6iDGBJAc2m",Customer inquiring about differences b/w flight miles & other miles. Agent provided necessary  information n ask the customer skyline no for further assistance.,0 days 01:52:51
dceafe672d624ddd950f0005ff1b530e,"[399307, 399307, 399311, 399312, 399314, 399315]","{399307: Timestamp('2017-10-17 20:13:56+0000', tz='UTC'), 399311: Timestamp('2017-10-17 19:55:01+0000', tz='UTC'), 399312: Timestamp('2017-10-17 19:33:00+0000', tz='UTC'), 399314: Timestamp('2017-10-17 19:08:01+0000', tz='UTC'), 399315: Timestamp('2017-10-17 19:31:30+0000', tz='UTC')}",@117164 staying with you in Glasgow at the airport. It's a good job your chef is accommodating as you menu has nothing for vegans! 1/2 @210404 1/2 I'm sorry to hear this. I called the hotel and informed them of your concern. They will be reaching out to you shortly to @IHGService The chef has been amazing and made something the prob is your menu which I guess is compan_ standard?! @210404 Thanks for your feedback. Rest assured it has been shared with the hotel mgmt and all concerned parties for future reference. ^jl @210404 The hotel management determines and selects their restaurant menu. This is not standard to all Holiday Inn hotels. Thanks ^lp https://t.co/2rT0l9N9Cu,Customer is complaining about the menu in the hotel. Agent replied the this issue is forwarded to hotel management and concern parties for future reference.,0 days 01:05:55
af1bad6b8a9a23b8beaacb88131f8686,"[266756, 266756, 266760, 266761]","{266756: Timestamp('2017-10-05 21:03:31+0000', tz='UTC'), 266760: Timestamp('2017-10-06 04:35:08+0000', tz='UTC'), 266761: Timestamp('2017-10-06 06:45:00+0000', tz='UTC')}","@MicrosoftHelps I need access to things so I can actually do homework. Like Lucinda Calligraphy. And centerpage in layout\page setup. @MicrosoftHelps No error messages, just word online isn't the full version. https://t.co/oRhBXUmB84 @179563 Yes it's not the full version. To know more about the Word Online, here's your guide: https://t.co/nZB1c4mpFI.",Customer need access for Lucinda calligraphy and center page in layout. Agent provides an URL to know more about Word Online.,0 days 09:41:29
411c2893806645aac807d93290274620,"[1054305, 1054309, 1054312]","{1054305: Timestamp('2017-10-14 20:54:51+0000', tz='UTC'), 1054309: Timestamp('2017-10-15 06:31:41+0000', tz='UTC'), 1054312: Timestamp('2017-10-14 18:15:27+0000', tz='UTC')}","I will try this... I do recall you guys having a much better app before.. I used to use it. @314912 You can us Spotify Connect to control your tunes across any available device. Find out more here: https://t.co/tKryrzYLtk /QI @314912 We appreciate your thoughts. On the other hand, can you try reinstaliing the app? Just follow the steps here: https://t.co/cxGHt0bCR8 /PL",Customer complaints that they will  try and recall them if they have much better app before. Agent updates that they have sent them more info on this issue via DM and requests to continue over chatting.,0 days 12:16:14
123863f8533a5a538058707cdf1d8331,"[1942613, 1942614, 1942615, 1942617, 1942620]","{1942613: Timestamp('2017-10-30 01:05:41+0000', tz='UTC'), 1942614: Timestamp('2017-10-30 01:08:07+0000', tz='UTC'), 1942615: Timestamp('2017-10-30 00:24:56+0000', tz='UTC'), 1942617: Timestamp('2017-10-30 00:22:52+0000', tz='UTC'), 1942620: Timestamp('2017-10-29 23:23:53+0000', tz='UTC')}","@115888 why won't your dumb app work im just trying to listen to one direction @577621 Hey there! Just to confirm, are you now able to play One Direction tracks? /AR @SpotifyCares Nope, it let me listen to like two songs and then stopped. Every time I close the app and retry it just plays me an ad and then nothing @577621 Just to check, are you getting any specific error messages when the tracks you're playing stop? If so, a screenshot of it would help /AR @SpotifyCares They stop and then when I press shuffle again this comes up https://t.co/kFgvOfD6rc",Customer is complaining that the app won't work he just trying to listen to one direction. Agent updated to DM his account's email address or username.,0 days 01:44:14
fa1d89aefe1fec95ccb14cad13d80b87,"[724998, 725000, 725000, 725002, 725003]","{724998: Timestamp('2017-10-11 04:18:53+0000', tz='UTC'), 725000: Timestamp('2017-10-10 16:19:37+0000', tz='UTC'), 725002: Timestamp('2017-10-10 13:27:22+0000', tz='UTC'), 725003: Timestamp('2017-10-10 16:19:26+0000', tz='UTC')}","@British_Airways  
we are being offered a null upgrade on P4XM94 can you help to process this? @293656 Hi Stewart, we can certainly check to see if the upgrade is still available, and we're following you now so you can DM. Please confirm your @293656 full name, booking reference, email address, and postal address. One of the team will look into this and get back to you asap. 2/2 ^L @293656 Hi Stewart, I'm sorry you've had difficulty confirming the upgrade offered on our website. We've been experiencing some technical issues 1/3",Customer is enquiring about the offered and wants to upgrade the same. Agent informed that they will check and updated that they are facing some technical issue on website.,0 days 14:51:31
a244c193f5c5a4ae5f9bd2cad5ee9701,"[1948299, 1948299, 1948303, 1948350, 1948352]","{1948299: Timestamp('2017-10-30 14:31:12+0000', tz='UTC'), 1948303: Timestamp('2017-10-30 14:14:08+0000', tz='UTC'), 1948350: Timestamp('2017-10-30 14:37:30+0000', tz='UTC'), 1948352: Timestamp('2017-10-30 16:35:34+0000', tz='UTC')}","@AlaskaAir now delayed 1 1/2 hours!  You need new equipment. This is really messing up my schedule in Orlando. #782 @143519 We are very sorry. And, the new departure time is 956am. Our customer advocacy team will reach out to guest w/compensation.  ~Angel @143519 As I mentioned, you'll hear from our customer advocacy team. Safety is always our top priority &amp; we'll never compromise this. ~Angel @AlaskaAir @AlaskaAir after 3 1/2 hour delay to stop boarding while TSA uses sniffer dogs is poor timing.",Customer is complaining about the delay of 1 1/2 hours which is messing up their schedule in Orlando. Agent updates the new departure time is 956am and their customer advocacy team will reach out to them with compensation.,0 days 02:21:26
200a71d2c1f2f6be080661d327a15556,"[986498, 986500, 986501, 986512]","{986498: Timestamp('2017-10-22 11:16:21+0000', tz='UTC'), 986500: Timestamp('2017-10-22 11:45:00+0000', tz='UTC'), 986501: Timestamp('2017-10-22 12:01:57+0000', tz='UTC'), 986512: Timestamp('2017-10-22 11:19:32+0000', tz='UTC')}",".@Delta @824 you are the worst airline. Your rep wouldn’t check my bag. Told me to rebook even though I was at the desk on time. @353791 @824 Angela, I am sorry that you feel this way. We do ask that all passengers arrive at the airport 90 minutes or more prior to your... 1/2 @Delta @824 He then told me too bad to rebook. I was in line at 6am. Flight left at 7. He said “I’m helping you”-Then the rep said it’s $1000 to rebook @353791 ...you did check in late. I do apologize. I am also showing that you were rebooked to the next flight at no cost. *TBW 2/2",Customer complains that he has been asked to Re-book flight ticket for being late. Agent informs customer that he has been charged accurately and refund cannot be offered on luggage.,0 days 00:45:36
051d34bd21b5d9c632ae246f6c5d62c6,"[920698, 920698, 920698, 920701, 920703, 920705, 920706]","{920698: Timestamp('2017-10-21 05:00:05+0000', tz='UTC'), 920701: Timestamp('2017-10-20 21:23:21+0000', tz='UTC'), 920703: Timestamp('2017-10-21 21:41:47+0000', tz='UTC'), 920705: Timestamp('2017-10-22 04:17:50+0000', tz='UTC'), 920706: Timestamp('2017-10-22 05:06:18+0000', tz='UTC')}","@115940 @hulu_support why do you guys update the survivor picture but never the episodes? You did it last season and didn't put it up either @338551 We're seeing the same imagery on our end, Anthony. What device are you streaming from? We're happy to take a closer look. @338551 Generally we show the thumbnail of the most current season we offer on Hulu. Since we offer S35, that pic is shown. 2/2 @hulu_support So I have to upgrade and pay even more just to watch the shows I been watching before? Thank god for my DVR.why take so much good stuff away @338551 Content was not moved from one to the other. Live TV simply provides access to further content. We'll share your feedback!",Customer enquiring why do he update the survivor picture but not episodes. Agent replying that  he also seeing imagery on their end and generally he show the thumbnail of most current season.,1 days 07:42:57
8a507058ab6f8e88e9619175ae1c5d23,"[860762, 860764, 860764, 860768]","{860762: Timestamp('2017-10-13 09:42:29+0000', tz='UTC'), 860764: Timestamp('2017-10-14 01:40:08+0000', tz='UTC'), 860768: Timestamp('2017-10-13 14:19:39+0000', tz='UTC')}","Forget #ryanaircancellations, 2 wks ago @British_Airways delayed me by a day and a half and still haven't replied to my emails. #airlinehell @324385 Hi Tim. We're sorry you haven't received a reply to your claim. Our Customer Relations work on cases in order of date received. 1/2 @324385 Hi Tim, did you get a case reference or email reference? If not, we may not have received your email. Please DM your email address, 1/2",Customer is complaining about not been replied to his emails. Agent informed that there customer relations work on cases in order of date received and asked regarding case reference and informed to DM the email address.,0 days 15:57:39
6686e22d10c17c74fb7b665e08c4dd46,"[1944964, 1944967, 1944971, 1944972]","{1944964: Timestamp('2017-11-28 10:19:35+0000', tz='UTC'), 1944967: Timestamp('2017-10-30 07:03:43+0000', tz='UTC'), 1944971: Timestamp('2017-10-30 06:12:31+0000', tz='UTC'), 1944972: Timestamp('2017-10-30 05:29:42+0000', tz='UTC')}","@idea_cares Why a customer was sent with confirmation email saying its done and request is closed ? @578162 In this case, I reqeust you to visit the same Idea store where you have applied,for further assistance. 
Rgrds,sanket @idea_cares I have already visited 3 stores for 5 days to get this request done, Now i will not be able to go and visit the store again, @idea_cares After paying the complete bill &amp; activating my prepaid number, almost after 30days , today an executive calls and says that still 329 is pending, can i know how is that Idea had changed from post to prepaid, if i have not cleared the old bill.",Customer is questioning why a customer was sent with confirmation email stating its done and the request is closed. Agent requests to share their Idea contact details so that they can have a closer look into the issue.,29 days 04:49:53
cc2075b2a227dd9045d6cdd3345a8b0f,"[1493183, 1493184, 1493188, 1493189]","{1493183: Timestamp('2017-11-06 21:51:45+0000', tz='UTC'), 1493184: Timestamp('2017-11-08 07:31:56+0000', tz='UTC'), 1493188: Timestamp('2017-04-23 21:10:54+0000', tz='UTC'), 1493189: Timestamp('2017-04-23 14:24:18+0000', tz='UTC')}",@115937 save search emails are not being sent. My guess: tell developers a cron job stopped. Bug has been here for a few days missing emails. @68498 Oh no! That's not what we like to hear. I'd be happy to pass along your information to our tech team. Send us a DM ^P @AskeBay This bug is happening again. Save searches are not being sent by @115937 @466747  will escalate your account to our tech team. Let us know when you can. ^SG 2/2,Customer is complaining about the bugs in the software. Agent states that he will escalate the account to their tech team.,198 days 17:07:38
bcda420678fed35e39f156153c6f064c,"[925006, 925006, 925009, 925010, 925011, 925013]","{925006: Timestamp('2017-10-21 13:45:41+0000', tz='UTC'), 925009: Timestamp('2017-10-21 13:39:14+0000', tz='UTC'), 925010: Timestamp('2017-10-20 13:12:37+0000', tz='UTC'), 925011: Timestamp('2017-10-20 13:10:15+0000', tz='UTC'), 925013: Timestamp('2017-10-20 12:59:42+0000', tz='UTC')}","Hello @sainsburys, how come you are no longer stocking @9825 pineapple, passionfruit and mango squash. Is it being discontinued? https://t.co/2hLpaw8qkU @sainsburys There was massive gaps for most of the Robinson’s squash drinks, and no labels to say what should be there. My store is Sydenham Bells Green @sainsburys ...London.  My main local store is Forest Hill London, but it’s never stocked it, so I go to the bigger store for it &amp; other bits. Thank you @339513 Thank you, could you confirm the right stores here please - https://t.co/OLFq3Eg2f3? Just so I know I'm looking in the right one. Robbie @339513 Thank you, I've had a check and this product is currently on hold. We'll hopefully have this back in stores soon. Robbie","Customer complaints that Pineapple, passionfruit and mango squash stock is not available in the shop. Agent states that the products is on hold and hoping to have this products soon in the stores.",1 days 00:45:59
8c2834fb4c22da03638834e821dc8dae,"[931009, 931016, 931017]","{931009: Timestamp('2017-11-15 22:16:26+0000', tz='UTC'), 931016: Timestamp('2017-11-15 22:09:00+0000', tz='UTC'), 931017: Timestamp('2017-11-15 22:07:16+0000', tz='UTC')}","@VerizonSupport  no service (tv/internet) for over 6 hours @ woodbridge VA. No signal from outside line (stb?) @340851 Let's work on it! Have you already rebooted your battery backup unit? It is usually a black or white box with blue buttons mounted on a wall in a closet or garage. ^DDD @340851 No outage that we are aware of at this time. Please follow and DM us so that we can take a deeper look into the account.   
^HSB",Customer is having an issue with no service and signal  is available. Agent updated that to send DM so that they will work on it.,0 days 00:09:10
d436b008390d82dc3a0a3424722ffd5a,"[2243371, 2257307, 2257308, 2257310, 2257311]","{2243371: Timestamp('2017-11-10 21:48:34+0000', tz='UTC'), 2257307: Timestamp('2017-11-13 20:11:50+0000', tz='UTC'), 2257308: Timestamp('2017-11-11 00:51:15+0000', tz='UTC'), 2257310: Timestamp('2017-11-13 22:21:22+0000', tz='UTC'), 2257311: Timestamp('2017-11-13 20:28:22+0000', tz='UTC')}","@AdobeCare @120148 CC App (even if I tried to kill it) just went through and removed EVERY add-on/extension I had, one at a time for 30 minutes, and now they're all removed. Just says ""You removed ___""
Any ideas?? Very bizarre, and annoying notification pings. @AdobeCare Yeah that doesn't help me. It's IN the CC app ""Activity stream"" where there's a massive list of ""You removed the ____ addon"" over and over when I never told it to do any such thing. https://t.co/fyZuIHfMVJ @AdobeCare It's doing it again. Just going through and wiping all of my premiere add-ons and spamming me notifications about it @165582 Hi EposVox, odd problem. I also think you need 1-1 troubleshooting. Have you filed a case yet with our video agents? Let us know what happens. Thx, ^KM @165582 Hey @165582, sorry about that. Very weird. Can you work 1-1 with the agents here?  https://t.co/d0ZlF89fve Ask for the video queue &amp; explain your case. If they can't help, let us know. Hope we can get you up and running again ASAP. Thx, ^KM",Customer complains about adobe programming. Agent is suggesting customer check  with help of url link as agent will assist you..,3 days 00:32:48
73c0a755c90f8669858216db69d5dc23,"[1342224, 1410663, 1410665]","{1342224: Timestamp('2017-10-27 11:53:46+0000', tz='UTC'), 1410663: Timestamp('2017-10-29 07:41:13+0000', tz='UTC'), 1410665: Timestamp('2017-10-30 10:17:52+0000', tz='UTC')}",Multiple mapping caused by #OneDrive in #Windows10 makes @115890 removing #RecentPlaces even more frustrating. Any idea @MicrosoftHelps? @MicrosoftHelps I'm afraid not. I want Recent Places in the Open and Save As dialogue (rather than a list of recent files) @428392 Help us improve our Twitter support by answering our survey on this link: https://t.co/0YFfmJWpXv. Thank you. https://t.co/3qcAsLFkaY,Customer is complaining about the multiple mapping caused by  onedrive in windows 10 makes 115890 removing recent places. Agent asks to improve their twitter support by answering survey on the link:URL.,2 days 22:24:06
ad0e81aa1463e4dd05e8652a33a5df76,"[2343942, 2343946, 2343949, 2343950]","{2343942: Timestamp('2017-11-13 15:54:26+0000', tz='UTC'), 2343946: Timestamp('2017-11-13 16:42:26+0000', tz='UTC'), 2343949: Timestamp('2017-11-13 15:36:05+0000', tz='UTC'), 2343950: Timestamp('2017-11-13 15:34:24+0000', tz='UTC')}",Hi @AmazonHelp why was my parcel given to my neighbour when im in and no one has called at my door? https://t.co/nHkqXSXER1 @AmazonHelp Also there's no note through my letter box saying anyone's attempted delivery or left it elsewhere. What you playing at? @AmazonHelp Yes but why didn't they call on my door? Why wasn't it delivered to my requested neighbours who are also in? @378865 We'd like to document your feedback and look into your options. Please contact us here: https://t.co/qy3J24VGxb ^AF,Customer complaints about parcel being delivered to his neighbour when he was in home. Agent informs customer to contact on given URL.,0 days 01:08:02
e8a7da0ae93eee91b81a5e8606305d7f,"[671099, 671101, 671102, 671103, 671104, 671105]","{671099: Timestamp('2017-11-23 00:35:41+0000', tz='UTC'), 671101: Timestamp('2017-11-23 06:39:47+0000', tz='UTC'), 671102: Timestamp('2017-11-23 06:38:36+0000', tz='UTC'), 671103: Timestamp('2017-11-23 06:37:14+0000', tz='UTC'), 671104: Timestamp('2017-11-23 07:58:21+0000', tz='UTC'), 671105: Timestamp('2017-11-22 19:54:18+0000', tz='UTC')}","@British_Airways BA0769 cancelled Oslo to Heathrow 200 passengers queuing with one person on desk!! Come on BA! No water offered. https://t.co/e525hWzHCC @280097 Hi Stephen, due to the adverse weather we had to cancel your flight. We're sorry for any inconvenience caused. ^Helen @British_Airways That's a pathetic response Helen. 200 passengers queued to a single BA employee, we got there at midnight after 4 hours in queue TBC @British_Airways Hotel provided was 1 hour away by taxi, we were told it would cost 100s of pounds, BA pay 50 max. Terrible terrible  customer service TBC @British_Airways Food voucher given out but nowhere open by the time the huge queue progressed!! Many people had to sleep in airport, I trained back TBC @British_Airways One of worst customer service experiences in my life @British_Airways You'll be getting many complaints and claims from passengers.","Customer is complaining about the inconvenient customer service like no water, no sleep etc. Due to the cancellation of flight 200 customers are waiting for a single BA post and needed to book a taxi as well. Agent apologised for the inconvenience and updated they will forward the feedback to airport manager.",0 days 12:04:03
a9e329e7934d1cdf27bd8adff9a3f29a,"[1201523, 1201525, 1201526, 1201530]","{1201523: Timestamp('2017-10-15 23:18:35+0000', tz='UTC'), 1201525: Timestamp('2017-10-15 18:51:20+0000', tz='UTC'), 1201526: Timestamp('2017-10-16 10:03:38+0000', tz='UTC'), 1201530: Timestamp('2017-10-16 12:59:14+0000', tz='UTC')}","@Tesco express in Brackley not taking old £1 coins today. Still legal tender until midnight so why are you not accepting them? @402311 Hi Ian, oh dear! Was this at the Self Service or Manned Checkout? Ty - James @402311 I have informed them of this and now they are fully aware, so you shouldn't have a problem with this again. Thanks - Calum 3/3 @402311 Hi Ian, so yeah it is strange but now that the store have been informed there shouldn't be any more of these issues occurring.Thanks James.",Customer is complaining about tesco expressin brackley not taking 1 coins . Agent informed that they are informed the store already and next time it will not happen again.,0 days 18:07:54
9bcbae6d6fd1423dbeb055f5ab72bf2f,"[262742, 262751, 262752, 262755, 262756]","{262742: Timestamp('2017-10-05 17:57:01+0000', tz='UTC'), 262751: Timestamp('2017-10-05 17:48:08+0000', tz='UTC'), 262752: Timestamp('2017-10-05 14:02:47+0000', tz='UTC'), 262755: Timestamp('2017-10-05 13:52:26+0000', tz='UTC'), 262756: Timestamp('2017-10-05 13:49:30+0000', tz='UTC')}","Business cut short &amp; I can’t get on either earlier leaving with empty seats. I wonder how much money @SouthwestAir makes off an empty seat! @178594 We understand your frustration; however, standby travel is a perk reserved for our Anytime &amp; Business Select Fares. ^MS @178594 I'm sorry to learn of your continued disappointment. An upgrade to current fare will always apply when making a flight change. ^MS @SouthwestAir No you can’t get in an earlier flight with empty seats. But we will make sure you are late by letting you wait on Tarmac for 15 minutes. @178594 We're so sorry for the continued frustration. If you'll DM your confirmation number, we'd be happy to address your concerns. ^NA",Customer is complaining that they can't get on either earlier leaving with empty seats. Agent suggest them to DM their confirmation number they be happy to address their concerns.,0 days 04:07:31
3863c01d5f8132a1ec087ff03397415d,"[2431865, 2431865, 2431868, 2431873, 2431874]","{2431865: Timestamp('2017-11-14 20:58:42+0000', tz='UTC'), 2431868: Timestamp('2017-11-14 20:33:12+0000', tz='UTC'), 2431873: Timestamp('2017-11-14 21:45:28+0000', tz='UTC'), 2431874: Timestamp('2017-11-14 21:45:25+0000', tz='UTC')}","@Delta I was wanting to look into possibly upgrading my seat (GINX36) but the seating chart says 1st class and delta comfort are all gone. That's impossible. @697992 Thanks for your patience.  I'm showing First Class is sold out for your flights; however, Delta Comfort + is available.  The Delta Comfort + cabin is sold as a fare for this market; therefore, in order to confirm Comfort + there will be a difference in the fare.   *HML @697992 Freddie, in order upgrade your ticket to First Class, you must pay the difference in the fare.  In reviewing your ticket, you have no value left to apply towards the cost of the ticket to upgrade.  *HML @697992 If you're using miles to upgrade, the cost is 35,000 miles each way and you must be booked in a L, U, or T class fare.   *HML",Customer is complaining about the inconvenience of unavailable first class seats and asking is there no value of purchased tix. Agent informed that customer has no value remain to apply for first class and further informed about the service charges amount and said that comfort+ seats are available.,0 days 01:12:16
5782a125c79e8ef5ff806a696f49f265,"[1032799, 1032800, 1032801, 1032804, 1032805]","{1032799: Timestamp('2017-10-23 07:48:45+0000', tz='UTC'), 1032800: Timestamp('2017-10-22 18:44:41+0000', tz='UTC'), 1032801: Timestamp('2017-10-23 07:50:25+0000', tz='UTC'), 1032804: Timestamp('2017-10-23 05:43:46+0000', tz='UTC'), 1032805: Timestamp('2017-10-23 05:43:41+0000', tz='UTC')}","@Tesco I bought these Mr Kipling Winter whirls in the Tesco express in Haywards Heath earlier only to find out their best before is 16/10/17 https://t.co/5zBauPreHk @364372 Hi Benedict, I am very sorry about this. I have advised our Store Management Team who will make sure they are checked. 1/3 @364372 Please could we have a picture of your receipt, including the product and date information at the bottom? 2/3 @Tesco Did you get my receipt and email address by DM? @364372 Hi Benedict, your previous DM has been received. Can you DM your full name and address with postcode for me to record this? TY - Joanne","Customer is complaining about the expired food item he bought at the store. Agent is requesting for the receipt, product and date information, name, email id and postcode to record the issue.",0 days 13:05:44
df08f761aa40b2dc96d39476d1f62e78,"[934483, 934485, 934486, 934488, 934489]","{934483: Timestamp('2017-10-21 10:25:50+0000', tz='UTC'), 934485: Timestamp('2017-10-20 12:43:29+0000', tz='UTC'), 934486: Timestamp('2017-10-21 09:59:04+0000', tz='UTC'), 934488: Timestamp('2017-10-21 10:19:30+0000', tz='UTC'), 934489: Timestamp('2017-10-20 03:36:18+0000', tz='UTC')}","After many hours researching, troubleshooting and @115858 support, still can not access my #AppleMusic playlists on my #iphones. What next!?! @341675 Let's look into what's going on with your Apple Music playlists. What was happening when you try to open them? @AppleSupport Been on chat and phone support 3 times for 6+ hours without a solution. Seems like we’ve tried everything...even factory reset to phone. @AppleSupport Work iMac and home MacBook sync everything fine. Work iPhone syncs everything but playlists. Personal iPhone doesn’t sync any...hold on... @AppleSupport The restrictive wi-if at work was choking our progress. Now I need to get playlists to sync on my work iPhone.",Customer is complaining that after many hours of troubleshooting still can not access apple music playlists on his iphone. Agent suggest him to DM if they would like to move forward with them so they can help in any way .,1 days 06:49:32
b7a5db0430c38d50b7cae03e1046142b,"[286994, 286996, 286999, 287002]","{286994: Timestamp('2017-10-06 14:47:18+0000', tz='UTC'), 286996: Timestamp('2017-10-06 14:41:42+0000', tz='UTC'), 286999: Timestamp('2017-10-06 15:22:48+0000', tz='UTC'), 287002: Timestamp('2017-10-06 14:40:25+0000', tz='UTC')}",@AmericanAir Both of my initial and connecting flights to MIA have been delayed.  Now I'm hearing the delay is caused by a leaking coffee pot??? @AmericanAir Literally been sitting here an hr after our scheduled departure time bc of a leaky coffee pot 😑 https://t.co/Q9YfcYssen @184386 We appreciate your patience while we get this water leak repaired before take-off. @184386 We see you're getting ready to head out. Thanks for hanging in there.,Customer is complaining about delayed flights to MIA. Agent states it's due to repairing the water leak and are ready to resume the flight.,0 days 00:42:23
59502edd4a9958325e32a33810f16b66,"[861629, 861632, 861635, 861636, 861636]","{861629: Timestamp('2017-10-20 17:18:07+0000', tz='UTC'), 861632: Timestamp('2017-10-20 17:34:20+0000', tz='UTC'), 861635: Timestamp('2017-10-20 16:38:26+0000', tz='UTC'), 861636: Timestamp('2017-10-20 16:21:11+0000', tz='UTC')}","Thankful for free trials because @115940 live TV is garbage. Always skips and is always buffering. @324594 Oh no! That shouldn't be the case. What device are you streaming from? Any errors? For now, try: https://t.co/HXpLyTU79x @324594 Do you have the same issues while streaming from the phone itself (not casting)? We'd also suggest: https://t.co/gcnF0kSV5Y @324594 If possible, please try testing that for us. We're you able to run through any of the troubleshooting steps we've sent over?",Customer updating that free trails in live TV garbage always skips and is always buffering. Agent asking what  device are you streaming from and  are he getting same issue while  streaming from iPhone.,0 days 01:13:09
b4c91e99974d342287a5d2ba60de8ff7,"[1157927, 1157929, 1157930, 1161058]","{1157927: Timestamp('2017-10-15 17:31:23+0000', tz='UTC'), 1157929: Timestamp('2017-10-15 18:15:19+0000', tz='UTC'), 1157930: Timestamp('2017-10-15 18:19:16+0000', tz='UTC'), 1161058: Timestamp('2017-10-15 18:55:40+0000', tz='UTC')}","@sprintcare WTF is going on in Minneapolis? I assume my bill will be decreased this month. @392388 Hey mishicot, we definitely want to have a look into this matter for you and work on having it resolved. -AH @392388 Please send us a Direct Message your cross streets and ZIP code where the issue is occurring, and the make and model of your device? -AH @392388 Please remove your address from the public forum and send us a direct message. -AH",Customer is aggressive about billing. Agent inform customer to Direct Message.,0 days 01:24:17
3d1c862bfc35f10eaca021f5f12fab1a,"[2620897, 2620898, 2620899]","{2620897: Timestamp('2017-11-17 15:43:07+0000', tz='UTC'), 2620898: Timestamp('2017-11-17 15:38:08+0000', tz='UTC'), 2620899: Timestamp('2017-11-17 15:35:19+0000', tz='UTC')}","@azuresupport #azTechHelp Hi, I created an app to use for single sign-on to a mediawiki site, internal tenant users can successfully log on, but so can external, for example outside users that we share a sharepoint site with, how to disallow external users? @740559 We’re looking into your question and will have an update for you shortly.  ^BG @740559 We found some documentation that we think may help with this: https://t.co/3uNSVrcpYj ^BG",Customer is asking how to disallow external users like outside users sharepoint  site. Agent is replying that we look in to it  and we found some documentation that help with this url.,0 days 00:07:48
575a9a9c0f7f72dda06282a90a50a7b9,"[2538892, 2538896, 2538898, 2538900, 2538901]","{2538892: Timestamp('2017-11-16 10:00:58+0000', tz='UTC'), 2538896: Timestamp('2017-11-16 10:35:01+0000', tz='UTC'), 2538898: Timestamp('2017-11-16 10:45:20+0000', tz='UTC'), 2538900: Timestamp('2017-11-16 10:57:04+0000', tz='UTC'), 2538901: Timestamp('2017-11-16 11:22:00+0000', tz='UTC')}","@AmazonHelp remind my again why I pay £80 a year for next day delivery, just for you to change the delivery date on me for no reason.. @AmazonHelp Ordered it Tuesday, had GUARANTEED delivery date of 16th November (today) for it to be changed to an ESTIMATED delivery date of 16th-20th of November!
And not that I know of. No. @AmazonHelp Yeah but it's not looking likely it'll be delivered today or the delivery date wouldn't be changed from today to anytime between today and Saturday. And no. I have no idea who the carrier is. @AmazonHelp It just says amazing shipping then underneath it says this

""Parcel has been handed over to the carrier and is in transit""

It has said that since early morning yesterday. @722076 Hi, sorry to hear about the change in your delivery dates. We would expect you to receive your order by your revised delivery date. Let us know if your parcel has not arrived by the date provided to you. ^TI",Customer is frustrated that delivery is not has been done on time even after paying and estimation of the product. Agent apologised for the delay and given the URL to be in touch with to make delivery of parcel.,0 days 01:21:02
5d13c47bb1fd552b7c71cfbdca341181,"[2097612, 2097614, 2097619, 2097620, 2097622]","{2097612: Timestamp('2017-11-18 21:39:18+0000', tz='UTC'), 2097614: Timestamp('2017-11-18 21:35:52+0000', tz='UTC'), 2097619: Timestamp('2017-11-18 21:19:36+0000', tz='UTC'), 2097620: Timestamp('2017-11-18 21:18:04+0000', tz='UTC'), 2097622: Timestamp('2017-11-18 21:16:36+0000', tz='UTC')}","@GWRHelp had these tickets in my basket. Now the site has thrown me off and won't let me purchase for that date?!? Please help!! https://t.co/1y4HjwLdeL @228227 Hi Gemma. Sorry to hear this. Can you please try clearing your cache &amp; cookies and try another browser? Let me know if this helps. Rach @GWRHelp It comes up saying date is too early but 10mins ago it would have let me buy them? @228227 This is because advance tickets aren't available yet for these dates:
Saturday services are open until Saturday 30 December
Sunday services are open until Sunday 31 December
Weekday services are open until Friday 9 February @228227 We don't have an estimated date as to when they will go on sale, we do refresh the advance fares every Friday so I would advise keeping an eye on the website. Rach",Customer is complaining that they have thrown them off and won't let them purchase for that date. Agent updated that isn't for advance fares and apologies for the confusion.,0 days 00:22:42
1087d149f3c6f30952685cc0bd61b11b,"[2853823, 2853823, 2853824, 2853826, 2853830]","{2853823: Timestamp('2017-11-27 20:34:47+0000', tz='UTC'), 2853824: Timestamp('2017-11-27 20:39:51+0000', tz='UTC'), 2853826: Timestamp('2017-11-27 20:52:00+0000', tz='UTC'), 2853830: Timestamp('2017-11-27 20:17:36+0000', tz='UTC')}",@AppleSupport The screen froze every time I open Apple Music and no song has been able to play. My iPhone 7 has 11.1.2 IOS @793338 This may be why it does not play off of Wi-Fi. Are you an Apple Music subscriber? @AppleSupport Yes of course for more than 2 yrs. my last payment was on the 30th of October @793338 Were you able to use Apple Music over cellular in the past? Let us know in DM using this link: https://t.co/GDrqU22YpT,Customer is complaining that he is unable to play songs in Apple music and has subscribed to the service for more than 2 years. Agent wants to know if the customer is using Wi-Fi or cellular data and whether the customer faced this issue in the past.,0 days 00:34:24
a07d49764586d238cc5c9247ec9d8e7d,"[411945, 411945, 411946, 411947, 411948]","{411945: Timestamp('2017-10-10 00:22:35+0000', tz='UTC'), 411946: Timestamp('2017-10-10 01:01:25+0000', tz='UTC'), 411947: Timestamp('2017-10-10 01:10:19+0000', tz='UTC'), 411948: Timestamp('2017-10-10 01:21:48+0000', tz='UTC')}","@delta confirmation G7VAUN. Got protected onto a later flight. HAVE problems checking in. Need u to clear the old flight so I can checkin, for me and the other passenger on my PNR @213271 Hi, what flight are you trying to check-in for? LAX-OAK or LAX-SFO? *HYC @Delta LAX - OAK. For me and also the other passenger on my PNR. The LAX - SFO would be a misconnection since my original delayed flight, JFK - LAX will get in later than 9pm. @213271 You both are good to go!  *HYC",Customer inquiring a mis connection in check in timing of a flight . Agent has clearing the doubts of a customer providing necessary l information.,0 days 00:59:13
28591f175c5fa4a72bd88514aa3e6b76,"[2809177, 2809182, 2809184, 2809184, 2809185]","{2809177: Timestamp('2017-11-22 05:39:28+0000', tz='UTC'), 2809182: Timestamp('2017-11-22 05:02:01+0000', tz='UTC'), 2809184: Timestamp('2017-11-22 04:55:26+0000', tz='UTC'), 2809185: Timestamp('2017-11-22 04:41:54+0000', tz='UTC')}","@VerizonSupport  internet and fios down 5 hours when message told it would be on in 1 hour. Unable reach support  online. Could you help @783452 We would love to help with this! The internet and TV are down right now?
^HSB @783452 Thank you for confirming. We would like to try to reset the battery backup unit which will trigger a reset to the main network terminal. Do you know where the batter backup unit is at in the home? It may look like one of the following models.
^HSB https://t.co/39jLp2FZ4n @783452 Thank you, that would indicate a reboot. If services are not back sign in with your credentials to check for outages at https://t.co/Rgex47iNuj We will be here if you require further support.  ^JRA",Customer complaining that internet and fios down  for 5 hours when message told it would be on in 1 hour. Agent telling that internet and tv are down right now and we will try to reset battery backup unit  which will trigger a reset to main network terminal  if the services not back sign  in with your credentials  check outages at this url.,0 days 00:57:34
070bc1ca7633295bb179764fe66aaec4,"[514210, 514211, 514214, 514214]","{514210: Timestamp('2017-12-02 00:15:53+0000', tz='UTC'), 514211: Timestamp('2017-12-02 00:40:26+0000', tz='UTC'), 514214: Timestamp('2017-12-02 12:33:40+0000', tz='UTC')}","@AmericanAir  Really  on flight 5737 I️t takes over 1 hour to get your bag at DFW. Horrible service @238394 If you're still without your bag, please see our baggage team member to check on it for us. @238394 Our apologies for the delay this morning. We show it'll be placed on a flight this morning. Please call our team at 800-535-5225.",Customer is complaining about the service which makes him wait 1 hour to get bag  at DFW. Agent  updated the customer to see baggage team member to check and inform to call their team at 800-535-5225.,0 days 12:17:47
941fcd021b8e53c7ba821611d59b06d9,"[2500475, 2500478, 2500481]","{2500475: Timestamp('2017-11-15 19:02:07+0000', tz='UTC'), 2500478: Timestamp('2017-11-15 19:00:43+0000', tz='UTC'), 2500481: Timestamp('2017-11-15 18:33:15+0000', tz='UTC')}",Hoping the @116245 Black Friday deals that start this week including Xbox One S’. @319548 The sale started today and new items will be added to it nearly everyday. - Pete @ArgosHelpers Hummm need to keep checking please put some one S deals on tomorrow lol,"Customer is hoping that the Black Friday deals include Xbox one that starts this week. Agent states that if if was up to them, they would have put it on right now.",0 days 00:28:52
d28b607b5f7f00d883bc6517a92122a8,"[1948710, 1948711, 1948712]","{1948710: Timestamp('2017-10-29 15:50:28+0000', tz='UTC'), 1948711: Timestamp('2017-10-29 13:03:27+0000', tz='UTC'), 1948712: Timestamp('2017-10-29 15:50:28+0000', tz='UTC')}","@Tesco Hello, is there an age range for the child's in the parent child's bays? @253034 We do expect customers to use their initiative, we wouldn't advise parents to use these bays with their 30 YO son/daughter. TY - Mike 2/2 @253034 Hi Matt, there isn't really an age limit for children in our parent child facilities. 1/2",Customer asking is there any age range for the child's in the parent child's bays. Agent updating that there isn't really an age limit for children in our parent child facilities.,0 days 02:47:01
71605d090497775499b509137b1efedc,"[2839974, 2839975, 2839975, 2839981, 2839982]","{2839974: Timestamp('2017-11-27 15:55:23+0000', tz='UTC'), 2839975: Timestamp('2017-11-26 14:23:44+0000', tz='UTC'), 2839981: Timestamp('2017-11-28 18:45:19+0000', tz='UTC'), 2839982: Timestamp('2017-11-27 15:50:26+0000', tz='UTC')}","I’ve had @116035 since I was 17 years old now they’re changing my account so I have to pay a monthly fee starting in January 😒. Might be time to say goodbye, homegirl doesn’t make enough for that nonsense. I liked my e-checking 😢. @790337 We stopped selling eBanking in 2013. Digital banking services are now an integral part of all our checking products. ^mm @BofA_Help I don’t make enough with direct deposit to avoid your fees 😒, I’ve already called and talked a representative, I’ll be going somewhere different come January. 
I liked e-checking because I never go in the bank anyway, but I’ll find a new bank 🤷🏼‍♀️. @790337 We’d like to talk with you. Please click below to send your name/ZIP/phone and best time to call. ^rr https://t.co/CoOXeec5Ma","Customer informed that they want to change the bank as the current bank is charging unnecessary amount. Agent send the link to customer and ask for providing name,zip and phone number best time to call.",2 days 04:21:35
a0e018a6dbe80300fe73d135471f7a72,"[753738, 753742, 753743, 753744, 753746, 753747, 753747, 753748]","{753738: Timestamp('2017-10-20 22:20:40+0000', tz='UTC'), 753742: Timestamp('2017-10-20 22:49:52+0000', tz='UTC'), 753743: Timestamp('2017-10-20 22:02:34+0000', tz='UTC'), 753744: Timestamp('2017-10-20 21:58:21+0000', tz='UTC'), 753746: Timestamp('2017-10-20 21:40:40+0000', tz='UTC'), 753747: Timestamp('2017-10-20 21:31:19+0000', tz='UTC'), 753748: Timestamp('2017-10-20 21:21:36+0000', tz='UTC')}","@Ask_Spectrum https://t.co/3kORV8pjnM @300144 I apologize for the issues. I am showing that we are still working on the construction needed to provide service ... https://t.co/JjtEnCtPbO @Ask_Spectrum your construction people finished the line work yesterday and in their words "" you are ready for modem installation tomorrow."". @300144 I apologize for the confusion. I can see what I can do to help. Can you please DM us and let me know if the modem... https://t.co/JjtEnCLq3m @Ask_Spectrum No the modem is not connected as the technician that left 45 minutes ago stated there was no point as the power to the lines is not on. @300144 I do show that the technician who was out there submitted a request to have the power to the lines turned on at t... https://t.co/JjtEnCLq3m @300144 I am glad we were able to get things sorted out for you. If you have any questions in the future or there's anyth... https://t.co/JjtEnCLq3m",Customer is complaning that modem is not connected. Agent is suggests to submit a request  to have the power to the lines using URL.,0 days 01:28:16
0d0004acc6b01d591c88720ff8192063,"[1329055, 1329058, 1329060]","{1329055: Timestamp('2017-10-27 12:22:22+0000', tz='UTC'), 1329058: Timestamp('2017-10-27 12:53:19+0000', tz='UTC'), 1329060: Timestamp('2017-10-27 13:18:09+0000', tz='UTC')}",@ArgosHelpers can you tell me where has stock of the hulk buster at 9.99 please @430095 all of the stores are saying order now and collect in 3 day this is when we will be getting more stock. @430095 i will just take a look for definite when we will be getting it back in stock.,Customer is requesting to tell them where has stock of the hulk buster at 9.99. Agent updates that all store are saying to order now and to collect in 3 days and they will be getting it back in stock.,0 days 00:55:47
75963a6ec8d41f20d0eaaf5037cdc1cd,"[1105038, 1105040]","{1105038: Timestamp('2017-10-24 00:03:16+0000', tz='UTC'), 1105040: Timestamp('2017-10-23 23:53:39+0000', tz='UTC')}","@hulu_support @115940 any reason why my live TV skips so much? Are you still in Beta testing??? @380763 Oh no! Which device do you use? Noticing this w/a certain channel? For now, try a quick reboot of your device+modem/router.",The customer is complaining that their tv was skipping and its supports chrome cast from android. The agent asked to reboot the device once along with the router or modem.,0 days 00:09:37
d73815b4d66bd52ef07cbaa1c0b5d0b2,"[1115069, 1115070, 1115071, 1115072]","{1115069: Timestamp('2017-10-24 03:18:44+0000', tz='UTC'), 1115070: Timestamp('2017-10-24 03:17:57+0000', tz='UTC'), 1115071: Timestamp('2017-10-24 03:14:51+0000', tz='UTC'), 1115072: Timestamp('2017-10-24 03:10:03+0000', tz='UTC')}","@SouthwestAir used to be my favorite airline, looking like it's time to move on @383127 We regret if we've missed a chance to better serve you, Richard. Is there anything we can help you with here? ^AB @SouthwestAir Yeah, stop cancelling all my flights and go back to having good customer service @383127 Sorry for the irregular operations. We'll work to get you to your destination ASAP; reach out to our Reservations Agents for any help. ^AB",Customer asking to stop cancelling  all his flights and go back to having good customer service. Agent is updated that he will work to get to his destination asap and reach out to his reservation agents for any help.,0 days 00:08:41
1078d2660d0d125e2f690c64ee1ed620,"[1026531, 1026533, 1026534, 1240667]","{1026531: Timestamp('2017-10-14 16:53:15+0000', tz='UTC'), 1026533: Timestamp('2017-10-14 02:03:13+0000', tz='UTC'), 1026534: Timestamp('2017-10-14 01:56:44+0000', tz='UTC'), 1240667: Timestamp('2017-10-16 02:24:18+0000', tz='UTC')}","@SouthwestAir 
U changed my flight, I lose boarding position A to C &amp; wouldn't let me $ for priority boarding during check in! #poorservice @362896 Mike, in these situations, we're only able to issue the next available boarding position. Did you discuss Upgraded Boarding @ the Gate? ^CT @SouthwestAir I did but was told they just sold the last position right before me. I ask to purchase it when I was checking my bag and was told I couldn't @362896 As such, our Gate Agents have the ability to offer Upgraded Boarding when available within one hour of departure. (2/2) ^EC",Customer is complaining about the poor service where they changed their flight and lost boarding position A to C and wouldn't let them $ for priority boarding during check in. Agent updates that their Gate agents have the ability to offer Upgraded boarding when available within one hour of departure and apologies for their continued frustration.,2 days 00:27:34
e22e5d465682653d10c0c206ded1c2b7,"[2615027, 2615029, 2615033, 2615035]","{2615027: Timestamp('2017-11-17 13:56:41+0000', tz='UTC'), 2615029: Timestamp('2017-11-17 13:50:29+0000', tz='UTC'), 2615033: Timestamp('2017-11-17 16:40:45+0000', tz='UTC'), 2615035: Timestamp('2017-11-17 13:35:44+0000', tz='UTC')}",@101071 so u like Verizon? I don't have any other options at this point. @116021 can't solve the problem. Once again my service is down! @CoxHelp This has been going on for over a month. Last two weekends I went with out service. Am i expected to have a 3rd weekend without service? Why bother paying for the Redzone when I don't get to use it. I'm disgusted with the quality of service I have received. @352977 It looks like there's some sort of an issue with a line outside.  We need to get a big truck out.  -Steff @CoxHelp as of tomorrow Noon I will be cancelling my service if this still isn't resolved.  I'm been patient long enough.,Customer is complaining about the service down. Agent updated that there is some sort of an issue with a line outline.,0 days 03:05:01
66f0425da329bade44cb62431bda55c9,"[1827005, 1827007, 1827008, 1827009, 1827012]","{1827005: Timestamp('2017-10-17 07:58:16+0000', tz='UTC'), 1827007: Timestamp('2017-10-17 07:53:34+0000', tz='UTC'), 1827008: Timestamp('2017-10-19 19:05:24+0000', tz='UTC'), 1827009: Timestamp('2017-11-06 16:59:34+0000', tz='UTC'), 1827012: Timestamp('2017-11-06 17:02:26+0000', tz='UTC')}","@AirbnbHelp 
Good Morning,
I have two cancelled clients still showing on my diary view. How do I get them removed as I am losing clients https://t.co/MZrGbjNuoh @548360 Hi Janice, if you have cancelled as host these dates will remain blocked on your calendar : https://t.co/NiIZpMJD68 We hope this helps @548360 Hi Janice, we enforce host cancellation penalties to help prevent cancellations from occurring &amp; further promote transparency. 1/2 @AirbnbHelp Can you please advise me how to cancel tomorrow appointment as it was meant to be 7th December.. please see picture @548360 Hi Janice, we recommend altering you reservation instead. You can learn more about this here: https://t.co/J0VwrCd72B. We hope this helps!",Customer is asking for help that how to remove clients on his diary view. Agent updated that to delete his tweet in the meantime as it contains sensitive  information.,20 days 09:08:52
fa2f098e6e17f17c675b9b0e3d06c027,"[1063980, 1063980, 1063981]","{1063980: Timestamp('2017-10-14 20:09:37+0000', tz='UTC'), 1063981: Timestamp('2017-10-15 01:35:32+0000', tz='UTC')}","@Delta couldn't get me to EWR, so I can't fly @116450 back to ORD... Nothing like $300 wasted and missing your dad's 70th surprise party. 😢 @371196 Please accept our sincere apology and commitment to serve you better in the future.  *AFM",The customer is disappointed since he could not travel back to ORD since the Delta couldn't get him to EWR because of which he could not fly. The agent apologises and says that they will serve him better in the future.,0 days 05:25:55
66d05230797bf468e004a3a7993a7fdd,"[1510904, 1510904, 1510906, 1510909, 1510911]","{1510904: Timestamp('2017-10-16 23:49:45+0000', tz='UTC'), 1510906: Timestamp('2017-10-16 01:26:44+0000', tz='UTC'), 1510909: Timestamp('2017-10-17 23:02:01+0000', tz='UTC'), 1510911: Timestamp('2017-10-19 15:53:25+0000', tz='UTC')}","Hey @115940 you gotta fix these bugs where the show reverts to the segment just watched after the ads.  #annoying @470700 Yikes! Which device is this occurring on, Tony? For now, see if these steps help: https://t.co/HXpLyTU79x. Any change? @470700 Gotcha. If uninstalling/reinstalling our app doesn't help, please reach out by phone or chat here: https://t.co/6YdK7bvQN7. @470700 Thanks for the additional info. We'd like to investigate from our end next, so please call or chat with us when time permits.",Customer complaining that show reverts  to the segment  just  watched after the ads. Agent suggests that uninstalling /reinstalling app doesn't help please reach out by phone or chat using URL.,3 days 14:26:41
8778a86e7f3bd35f323ac7847752da0a,"[1651187, 1651189, 1651191, 1651193]","{1651187: Timestamp('2017-11-06 05:10:11+0000', tz='UTC'), 1651189: Timestamp('2017-11-06 07:18:08+0000', tz='UTC'), 1651191: Timestamp('2017-11-06 09:56:09+0000', tz='UTC'), 1651193: Timestamp('2017-11-06 16:12:11+0000', tz='UTC')}","@AirAsiaSupport hai air asia!! I need help 😅 i can't cont with my check in as it said due to balanced due. Someone help meeeee 😭😭😭 @504279 Your baggage payment was declined Amoi,thus there is still an outstanding amount.Please clear payments, using a different card&gt;&gt; @504279 Hi Amoi, you can try again using the same card. If t still does not work, you can make payments at the counter on departure day @504279 There is link https://t.co/H0ZyDpYgyS need to log in into the airasia account for pymt Or it can be done at the counter before the flight",Customer asking about to check in as it said due to balanced due. Agent says to go the link need URL need to login in into the airasia account from pymt or it can be done at the counter before the flight.,0 days 11:02:00
e76dd7528571ce5cf01f271850741b6a,"[567372, 567374, 567379]","{567372: Timestamp('2017-12-03 01:51:23+0000', tz='UTC'), 567374: Timestamp('2017-12-03 01:46:30+0000', tz='UTC'), 567379: Timestamp('2017-12-03 03:49:27+0000', tz='UTC')}","@ComcastCares
#mobile_Care I’m looking st buying an xfinity modem from someone. Will it work with my service so I don’t have to rent one anymore @253064 Yes, you can buy a modem. You can follow this link https://t.co/zCtnXZvd5D to learn which device is approved. ~AT @253064 Let's take a look. Can you DM me so I can look into this further? -TS",Customer is enquiring about buying a xfinity modem for someone. Agent sent an URL to customer so that the customer can learn which device is approved and also informed to sent DM to into further.,0 days 02:02:57
76879c4eb7ad8d39c126d606b1bfa005,"[135078, 135079, 135081, 135083]","{135078: Timestamp('2017-11-24 08:50:00+0000', tz='UTC'), 135079: Timestamp('2017-11-24 08:51:19+0000', tz='UTC'), 135081: Timestamp('2017-11-24 08:45:05+0000', tz='UTC'), 135083: Timestamp('2017-11-24 14:29:29+0000', tz='UTC')}","@115830 the headphones I have just brought now have £10 off just one day later. Is there anything you can do about this? @146432 Hi Gavin. Has the order already dispatched? ^DC @AmazonHelp Yep, just awaiting for delivery today. Any chance of a £10 gift voucher? #cheeky @146432 Sorry Gavin, we don't offer price match so we would't be able to issue any refunds.^MA",The customer says that the headphone he brought has a price drop one day later from the day he bought so can he get any discount voucher on that. The agent asks whether the order has been dispatched and says that they won't offer price match so they wouldn't be able to issue any refunds.,0 days 05:44:24
d65403c38e3f60a14827d284c6d13dc0,"[2250542, 2250547, 2250549, 2250550, 2250551]","{2250542: Timestamp('2017-11-10 20:51:17+0000', tz='UTC'), 2250547: Timestamp('2017-11-17 22:46:12+0000', tz='UTC'), 2250549: Timestamp('2017-11-10 20:24:24+0000', tz='UTC'), 2250550: Timestamp('2017-11-10 20:42:20+0000', tz='UTC'), 2250551: Timestamp('2017-11-10 20:08:09+0000', tz='UTC')}","@British_Airways left my laptop on the flight down from Edinburgh. Your new lost property procedures are a shambles.  Nobody knows what to do and to have to wait 24 hours is shocking.  Seat 1a in club Europe.  Shocking @655671 Hi Craig, anything left on board that's found, is handed in to Lost Property at the airport. It can take over 24 hours to be logged 1/2 @British_Airways I was also sent from person to person as the new rules are confusing as well as being on hold for 1 hour at the baggage office.  In the end I drive back to LHR to try and retrieve it but with NO luck @655671 has to be located and logged before we can reunite it with the passenger. You will need to continue to contact the airport directly. 2/2 @British_Airways I now have my laptop back but it cost me a total of £40 to have it sent back to Edinburgh.  Then Another £28 to call the number your advisor told me to call to report it.  Why not give out the low rate number.  Shocking, especially when they didn’t even speak when I got through.",Customer is complaining about the new lost property procedures where nobody knows what to do and has to wait for 24 hrs since they have left the laptop on the flight down from Edinburgh. Agent apologies for the problems they have with lost property and for the inconvenience of being without their laptop.,7 days 02:38:03
86c1933a12802f6cfe2b4c5ee23bc389,"[720723, 720725, 720726, 720728, 720729]","{720723: Timestamp('2017-11-20 08:33:55+0000', tz='UTC'), 720725: Timestamp('2017-11-20 13:01:56+0000', tz='UTC'), 720726: Timestamp('2017-11-20 08:24:22+0000', tz='UTC'), 720728: Timestamp('2017-11-20 15:21:00+0000', tz='UTC'), 720729: Timestamp('2017-11-20 15:21:30+0000', tz='UTC')}","@Delta Why am I not on the First Class upgrade request list on my flights tomorrow, just Comfort? H5C7JU @286815 Hi, Justin. It looks like the complimentary upgrade was not selected. I have just added you to the First Class waitlist for your eligible flight.  *ALA @Delta Thank you. I see it was added for MSP to DCA, but not SEA to MSP. Appreciate the help. @Delta No worries. Am I setup on the First Class upgrade list for SEA to MSP? Only see it for the 3rd and final let to DCA. @286815 Hello. Please allow me one moment to research this. Thanks. *ATJ",Customer is enquiring about why he is not listed for first class upgrade. Agent informed that they just added to first class wait list for his eligible flight.,0 days 06:57:08
dcf94df377048a59de2a32d9e7614d21,"[1742920, 1742921, 1742922]","{1742920: Timestamp('2017-11-07 16:13:04+0000', tz='UTC'), 1742921: Timestamp('2017-11-07 12:19:01+0000', tz='UTC'), 1742922: Timestamp('2017-11-07 16:49:34+0000', tz='UTC')}","@115888 why is my Spotify acting up I️ can’t listen to more than one song without it pausing on its own it’s been going on for a month now @SpotifyCares It isn’t premium, and it’s on my mobile device @525730 2: over to Your Library &gt; Settings &gt; About. While you're at it, could you also DM us your account's email address? /AU https://t.co/ldFdZRiNAt","Customer is complaining about the Spotify where they are unable to play more than one song without pausing on its own and this is going on for a month now. Agent updates to send the details they have asked including their account email and for the spotify version, they can check it on their app's settings.",0 days 04:30:33
0ff5a8836f35b9f5e8406ae1270e68cb,"[829596, 829597, 829601, 829604]","{829596: Timestamp('2017-10-13 03:48:58+0000', tz='UTC'), 829597: Timestamp('2017-10-13 04:07:23+0000', tz='UTC'), 829601: Timestamp('2017-10-13 02:52:20+0000', tz='UTC'), 829604: Timestamp('2017-10-13 02:17:51+0000', tz='UTC')}",Why doesn't @115888's web player ever work when I want it too @317564 Got it. Are you getting any specific error messages? A screenshot would come in handy /NS @SpotifyCares Restarted it twice already and still nothing. Usually that tends to work. I have no other WiFi connections to connect too. @317564 Could you DM us your account's email address or username? We'll take a look backstage /MT https://t.co/ldFdZR1cbT,The customer is complaining that music was not playing. The agent asked for a screenshot regarding the error and asks them to dm account email address or username.,0 days 01:49:32
14f2d18b53e607dedfd1cd5f5cd7c9f9,"[166153, 166157, 166160, 166162, 166162]","{166153: Timestamp('2017-11-24 20:22:40+0000', tz='UTC'), 166157: Timestamp('2017-11-26 15:50:00+0000', tz='UTC'), 166160: Timestamp('2017-12-02 10:21:31+0000', tz='UTC'), 166162: Timestamp('2017-11-17 15:03:22+0000', tz='UTC')}","@sainsburys Ridiculous! Once again both lifts not working on busiest day of week. Stamford Hill branch. Replace these lifts once and for all! https://t.co/nVqpackVty @154599 Further apologies! I've gave the store a call to question this, an engineer was called out today and the lifts are currently being repaired. Chris. @154599 I understand what you're saying. Rest assured the store's management are aware of the issues and are looking into getting this resolved ASAP. Chris. @154599 I'm really sorry for the hassle caused by this. The Store Manager, Adam, has reassured me that the store are doing everything they can to get the lifts working ASAP. Danny",Customer is complaining about elevators which are not under working condition quite often. Agent states that they are currently being repaired by an engineer and they will get into working ASAP.,14 days 19:18:09
62fb6f0405d832c6080c88e80cd8a436,"[2175331, 2175336, 2175337, 2175338]","{2175331: Timestamp('2017-11-09 15:38:42+0000', tz='UTC'), 2175336: Timestamp('2017-11-10 04:07:17+0000', tz='UTC'), 2175337: Timestamp('2017-11-09 13:58:49+0000', tz='UTC'), 2175338: Timestamp('2017-11-09 13:38:46+0000', tz='UTC')}","Am I the only one having this issue with my @122986 #ChromeCast being really slow? Only happens with @115888.

#Help https://t.co/bNxghI8nas @637745 Hey there! Can you let us know your device, operating system, and Spotify version? We'll check it out /RC @637745 Got it. Can you try to see if logging out &gt; restarting your devices &gt; logging back in to your account makes a difference? /DV @637745 Thanks for giving it a shot. Can you DM us your account's email address or username? We'll take a look backstage /RH https://t.co/ldFdZRiNAt",Customer complaining about slowness in chrome cast. Agent suggest to logging out and restart his device and also asking to dm account email address or username.,0 days 14:28:31
28ed33cd0c9318ac93accd386526336d,"[2110219, 2110224, 2110225, 2110225]","{2110219: Timestamp('2017-11-08 15:18:30+0000', tz='UTC'), 2110224: Timestamp('2017-11-08 14:52:39+0000', tz='UTC'), 2110225: Timestamp('2017-11-08 14:07:05+0000', tz='UTC')}","@SpotifyCares the song “Hello” on the SEVENTEEN album Teen,Age isn’t available for play. Is there a specific reason why? @622527 1: Hey! Can you fire over the Spotify URI? Just right-click the track &gt; Share &gt; URI. If you're on mobile, send us the Song Link instead. @622527 That's odd. What's the make and model of your mobile device? Could you also let us know the OS and Spotify version you're using? /MC","The customer says that the song ""Hello"" on the SEVENTEEN album Teen, Age isn't available to play and asks whether there is any specific reason for that. The agent asks to share the spotify link and asks which OS and the spotify version the customer was using.",0 days 01:11:25
d7d306e147a5d72a1bda33b17246cab3,"[2284930, 2284933, 2284934]","{2284930: Timestamp('2017-11-11 15:48:10+0000', tz='UTC'), 2284933: Timestamp('2017-11-11 15:44:33+0000', tz='UTC'), 2284934: Timestamp('2017-11-11 16:06:18+0000', tz='UTC')}","How can I become verified on spotify  @SpotifyCares @115888 @662174 Hey there! Just to check, do you have an artist page up on Spotify? We'll see what we can suggest /LP @662174 Cool. To get verified, you’ll need to request access to Spotify for Artists here: https://t.co/obFLZ92rF4. Hope this helps /LP",The customer asks how to get verified in the spotify. The agent asks whether the customer have an artist page up on spotify and asks the customer to request the access to spotify for Artist via link provided.,0 days 00:21:45
248c1f5afad3daa719e217d23bdd4433,"[1508405, 1508408, 1508411]","{1508405: Timestamp('2017-11-03 13:57:56+0000', tz='UTC'), 1508408: Timestamp('2017-11-03 16:36:06+0000', tz='UTC'), 1508411: Timestamp('2017-11-01 01:12:31+0000', tz='UTC')}","@116021 please explain how a bundle offer made by your retention team yesterday for $165 changes to $198 today #custsvcfail #15yrcustomer @470109  Hi, I can see that our request has been assigned to an account specialist, but they have not reached out quite yet. - Brian @470109 We’ve shared this with the Account Specialist and an update has been requested. -Maria",Customer enquirers about changes in bundle offer price from $165 to $198. Agent informs customer that issue has been shared with account specialist and an update has been requested.,2 days 15:23:35
3a7f0c86e0febc85e0e22b858831441e,"[2883177, 2883178, 2883182, 2883183, 2883184]","{2883177: Timestamp('2017-11-28 16:07:39+0000', tz='UTC'), 2883178: Timestamp('2017-11-28 06:58:55+0000', tz='UTC'), 2883182: Timestamp('2017-11-28 22:19:14+0000', tz='UTC'), 2883183: Timestamp('2017-11-29 09:12:42+0000', tz='UTC'), 2883184: Timestamp('2017-11-28 08:47:08+0000', tz='UTC')}","@116029 Nobody can figure out how to turn my trial account into a paying biz advanced plan. Maybe you can? @293884 Hey Keith, thanks for checking with us - As long as you don’t cancel your trial, it will automatically convert into an annual or monthly Business subscription (whatever you selected upon setting up your trial), so no need to worry about making any manual changes yourself... 1/2 @DropboxSupport I want to cancel my trial and upgrade to a full plan, since I need more storage. :) I tried to do it through the portal and it won’t let me. I even included screenshots in the Ticket #7288583, which hasn’t got a reply since 4:12am yesterday. @DropboxSupport I finally just called support.. and they’re telling me they can’t do anything and I have to wait out the 30 day trial.. thats crazy! I’ve never heard of a company *refusing* to take my money like this. @293884 Hi Keith, after following up on your last conversation, we can see that your case has been sent to our specialist team in order to assist you accordingly. Thanks!",Customer wants to cancel his trip and upgrade to full plan. Agent informed that as long as yoy don't cancel the trip it automatically converted into an annual or monthly and informed that the case has been sent to their specialist team in order to assist.,1 days 02:13:47
4b9d715b08c641a599178dca814f4b0e,"[1050201, 1050201, 1050203, 1050203]","{1050201: Timestamp('2017-11-25 17:51:45+0000', tz='UTC'), 1050203: Timestamp('2017-11-25 17:32:59+0000', tz='UTC')}",@AmericanAir When will the Reduced Mileage Codes become available for December and January? December is less than a week away! @188414 There's not a set date or time. It's based on what seats are available. Please contact Reservations at 800-433-7300 for help with that.,"The customer asks when will the Reduced Mileage Codes become available for December and January since the December was less than a week away. The agent says that there's not a set date or time, it's based on what seats are available and asks to contact Reservations through provided number to assist further on the issue.",0 days 00:18:46
c5c766685eb8b8ad1b59ed0835a8fd3e,"[1869457, 1869458, 1869461, 1869463]","{1869457: Timestamp('2017-10-19 22:07:29+0000', tz='UTC'), 1869458: Timestamp('2017-10-19 21:56:44+0000', tz='UTC'), 1869461: Timestamp('2017-10-19 22:21:38+0000', tz='UTC'), 1869463: Timestamp('2017-10-19 22:25:36+0000', tz='UTC')}","@AskAmex can I apply for a basic card online? @AskAmex Doesn’t seem to let me apply online for basic card tho, wants a form? @366714 Just to better understand your concern. You'd like to apply for a Charge card but you don't see the online application? ^N @366714 Sorry to hear you are having trouble. Pls visit:  https://t.co/YE8ZZrd8Em this should help you. Thx for your interest ^Naomi",Customer wants to apply for a basic card online and needs online application form. Agent provides with URL link.,0 days 00:28:52
f9698e3e44feadc49772d358b21c0875,"[1163770, 1163773, 1163774]","{1163770: Timestamp('2017-10-24 17:05:19+0000', tz='UTC'), 1163773: Timestamp('2017-10-24 17:02:46+0000', tz='UTC'), 1163774: Timestamp('2017-10-24 16:58:13+0000', tz='UTC')}","@VirginTrains why was £40 taken from my bank earlier this month when I only go to stoke and back...???? @VirginTrains Wolves where I always do. I've not been anywhere else except London but that ticket was a tenner @393760 We'd advise speaking to the station team regarding this, Demi ^MM",Customer is questioning why was$40 taken from their bank earier this morning when they only go to stoke and back. Agent advises to speak with the station team regarding this so that they can help them to solve the issue.,0 days 00:07:06
86026c34fe8db0849a9070c0dafa58b1,"[1297224, 1297225]","{1297224: Timestamp('2017-10-26 22:00:10+0000', tz='UTC'), 1297225: Timestamp('2017-10-26 22:15:12+0000', tz='UTC')}",@Ask_Spectrum Experiencing an internet outtage- zipcode 44060 @423147 Would it be OK if I send an update to the modem to see if it responds? It will reboot if I do so. ^PS,The customer is complaining that he is facing internet outtage issue. The agent asked the customer tosend an update to the modem to see if it responds and it will reboot if they do that so.,0 days 00:15:02
36acc3de6f8a60e7fee237f823bc93c8,"[1382017, 1382018, 1382018, 1382019, 1382023]","{1382017: Timestamp('2017-10-28 07:47:59+0000', tz='UTC'), 1382018: Timestamp('2017-10-28 04:24:24+0000', tz='UTC'), 1382019: Timestamp('2017-10-28 09:50:29+0000', tz='UTC'), 1382023: Timestamp('2017-10-28 06:29:43+0000', tz='UTC')}","@AirAsiaSupport hye .may I knw how can I extend a flight ticket? Booking no. Qm9L8g, flight no. AK402. Is there any fees for the process?
1 @441649 The changes can be done via Manage My Booking up to 48 hours before the flight time subject to change fee and fare difference &gt;&gt; @AirAsiaSupport Actually I bought bundle but only 1 person wanna extend the flight..so how can I change the flight date for 1? @441649 Hi , We had replied to your concern via DM. Kindly check your DM for further assistance. Thanks - Khairul",Customer is enquiring about extend a flight ticket. Agent updated that changes can be done via Manage My booking up to 48 hours before the flight time .,0 days 05:26:05
1ff274a29f4de5019890f07c1e8973bf,"[2196722, 2196722, 2196725, 2196731, 2196732]","{2196722: Timestamp('2017-11-10 01:38:20+0000', tz='UTC'), 2196725: Timestamp('2017-11-10 02:10:11+0000', tz='UTC'), 2196731: Timestamp('2017-11-10 01:28:57+0000', tz='UTC'), 2196732: Timestamp('2017-11-10 01:12:26+0000', tz='UTC')}","@Delta your seat tick request policy sucks!! I am a ff and you lock out seats forcing us to have to go to the counter and wait for a ticket @Delta We book last minute now we have to wait for a ticket disregarding the app we had plenty of seats 26 to be exact @267937 Unfortunately, booking 3 hours before a flight departs, you will have this problem. For security reasons, the airport has to take control of the flight, that close to departure, and seats and upgrades will need to be processed by the Gate Agent. Sorry, for the inconvenience. *TMA @267937 Unfortunately, that's our company's operational and security policy, and our airport employees have to take control of the flights in the timeframes that your encountering.  It's not an insult, it's just provided information.  Sorry. *TMA",Customer is complaining about the seat ticket request policy where they locked their seats and forced them to go to counter and wait for the ticket. Agent updates that it was their company's operational and security policy and their airport employees have to take control of the flights and also updates that it was not an insult but it was just the information provided.,0 days 00:57:45
5e606bb66ca548c4b1126c35a940ecb7,"[211086, 211088, 211089, 211090, 211091]","{211086: Timestamp('2017-10-04 17:15:20+0000', tz='UTC'), 211088: Timestamp('2017-10-04 16:41:32+0000', tz='UTC'), 211089: Timestamp('2017-10-04 16:26:20+0000', tz='UTC'), 211090: Timestamp('2017-10-04 16:07:16+0000', tz='UTC'), 211091: Timestamp('2017-10-04 15:27:33+0000', tz='UTC')}","Tidak bisa save spotify ke SD padahal memory masih available. @118266 @SpotifyCares @165998 Hey there! Hey! We can help out in English via Twitter, but we also have Indonesian support via email at https://t.co/ZgU70TbP8M /JP @SpotifyCares I can't save my downloaded song to my storage device even it's availabe @165998 Thanks! Are you getting any error messages when trying to save your songs in your SD card? Can you send us a screenshot? /JP @SpotifyCares Setting - app - spotify - delete chache - uninstall - turn off my phone - turn on - install spotify. Then all of my downloaded song's gone!",Customer is complaining that he can't save his downloaded  song to his storage device even its available. Agent updated him that they will take a look backstage.,0 days 01:47:47
8118e0507b078527aba2b04703257e82,"[641555, 641559, 641560, 641563]","{641555: Timestamp('2017-11-23 21:19:41+0000', tz='UTC'), 641559: Timestamp('2017-11-27 15:12:24+0000', tz='UTC'), 641560: Timestamp('2017-11-27 15:20:01+0000', tz='UTC'), 641563: Timestamp('2017-11-22 20:13:20+0000', tz='UTC')}","@JetBlue your customer service is horrible!  Delayed flight missing my connection and you will not upgrade me to make my flight. @JetBlue Hey @JetBlue after the disaster that was yesterday and your super bad customer service now you leave my bag in Boston?  Could you be more incompetent?  How pathetic is this situation?  Could you make this trip any worse? @JetBlue @JetBlue now to top off this disastrous situation, I was told by the supervisor at RDU that we would receive some kind of compensation for our headaches and I am now being told NO!  How can you be this bad? @272258 We'd like to look into this. Please DM us your confirmation code.  https://t.co/xSmyP7Lfyg",Customer is complaining about the delayed in the flight and missing in connection. Agent asks to DM their confirmation code through:URL.,4 days 19:06:41
4a1cf06ca2b72be6b9562022e1f1d3c3,"[1220682, 1220682, 1220682, 1220683, 1220684, 1328403, 1328404]","{1220682: Timestamp('2017-10-26 05:03:05+0000', tz='UTC'), 1220683: Timestamp('2017-10-25 15:05:15+0000', tz='UTC'), 1220684: Timestamp('2017-10-26 10:34:29+0000', tz='UTC'), 1328403: Timestamp('2017-10-27 12:08:51+0000', tz='UTC'), 1328404: Timestamp('2017-10-27 12:26:24+0000', tz='UTC')}","@idea_cares last 10 days I m getting this msg from my app https://t.co/NcRsIdNtno @idea_cares I ve reinstalled. Result is same. Most worst app. Now data Bal is also showing zero @319608 As per our telecon,your concern has been initiated under ref.no.
C1-101078387291 &amp; expected date is 27/10/2017.

Regards,
Jagjeet https://t.co/LBfZgLCSfr @319608 We would like to inform you that your concern is in progress. Please bear with us. Rgds, Yogita @idea_cares Ma'am it CSE is unable to understand the complnt pl forward the screenshot",Customer is complaining about the app which is not working properly. Agent states that the complaint has been registered and they would assist soon.,1 days 21:21:09
1d3fc630279543c8f91a4290a9a1724e,"[672226, 672228, 672229, 672230, 672236]","{672226: Timestamp('2017-11-23 09:00:29+0000', tz='UTC'), 672228: Timestamp('2017-11-23 08:34:25+0000', tz='UTC'), 672229: Timestamp('2017-11-23 09:52:45+0000', tz='UTC'), 672230: Timestamp('2017-11-23 09:52:28+0000', tz='UTC'), 672236: Timestamp('2017-11-23 09:00:27+0000', tz='UTC')}","@Tesco I need to do an grocery online order is there a maximum number of an individual item I can order? I need lots of flour and shaving foam for a show I’m working on @280379 Hi Ruth, thanks for getting in touch. This is a hard question to answer as certain items in-store have a bulk buy limit and others don't. With regards to Flour &amp; Shaving Foam I can't see why we would have a limit on these. 1/2 @280379 When ordering you can add ""Picker Notes"" so my colleagues in store can substitute you with an alternative should there not be enough of the item you have requested. I hope this helps. TY - Chris @280379 Would you mind sending me a DM with your postcode, quantities and which ones you were after please? I'll then check which store serves you to see if they can meet a large amount on a delivery 2/3 @280379 It's possible that it may require you to go in to the store and make a customer order to have the items ordered in specifically for you. What day were you planning on making the order for please? - David 3/3 https://t.co/py5Z991Bme",Customer wants to order grocery online. Agent is comforming the day when orderwill  be placed.,0 days 01:18:20
276a1c1bd8815fee26c8d8010d7bf899,"[489248, 489250, 489253, 489254, 489267]","{489248: Timestamp('2017-12-01 16:21:21+0000', tz='UTC'), 489250: Timestamp('2017-12-01 16:18:27+0000', tz='UTC'), 489253: Timestamp('2017-12-01 16:16:00+0000', tz='UTC'), 489254: Timestamp('2017-11-27 22:49:13+0000', tz='UTC'), 489267: Timestamp('2017-12-01 16:17:19+0000', tz='UTC')}","Only left my toilet bag with all my make up on the train home from Edinburgh god knows what I’ll look like for work tomorrow 😳@VirginTrains @VirginTrains Have continually tried but just gives a number for kings cross which never answers and the web page just tells you what lost property is 😡 @231524 It would be handed into Edinburgh if found then they would call you back, Debbie ^MW @VirginTrains Why would it be handed into Edinburgh? According to your web page it would be the station it terminated at which was london @231524 Oh apologies, I read it as you were travelling to Edinburgh. It would terminate at Euston so you would need to leave a message with lost property and they would call you back if found ^MW",Customer is complaining that they had lost her toilet bag with all make up on the train. Agent suggest her it would be terminate at euston so she need to leave a message with lost property and they will find it back.,3 days 17:32:08
188b0835bbf3b80211dc4e2f9a140562,"[1346029, 1346029, 1346031, 1346032, 1346034, 1346036]","{1346029: Timestamp('2017-10-27 16:49:33+0000', tz='UTC'), 1346031: Timestamp('2017-10-27 17:25:28+0000', tz='UTC'), 1346032: Timestamp('2017-10-27 16:04:29+0000', tz='UTC'), 1346034: Timestamp('2017-10-27 18:10:44+0000', tz='UTC'), 1346036: Timestamp('2017-10-27 20:05:02+0000', tz='UTC')}","@O2 trying to upgrade as suggested by your app that I can. However, you don't seem to want or value my custom. Any comments? @433871 🤔 Can you DM us a screenshot of what the app shows Steven? What phone are you trying to upgrade to? https://t.co/Xe5i4kfJ97 @O2 App shows the new refresh offer. I understand I may not be eligible for some packages for a few weeks but given the competition I'd expect 1 @O2 Just trying to upgrade via your live chat where your 'advisors' seem to be encouraging me to switch to a competitor as 'they can't offer 1/2 @433871 Ah okay, we're unable to price match another company. However, we'd always offer you the best we can at the time of upgrading.",Customer complains that he is unable to upgrade as suggested by the app. Agent states that match the price with another company and they will offer the best at the time of upgrading.,0 days 04:00:33
285ceb6fa6e19580dfa5d0bc199868d2,"[1528968, 1528969, 1528972]","{1528968: Timestamp('2017-10-17 22:56:22+0000', tz='UTC'), 1528969: Timestamp('2017-10-17 01:05:19+0000', tz='UTC'), 1528972: Timestamp('2017-10-18 02:08:00+0000', tz='UTC')}","@115940 needs to get their crap together with showing ""upcoming"" episodes that recently aired. I get your beta live subscription, but come on! @hulu_support I love you guys. I just don't have enough storage for all my shows or $ to upgrade. I also don't like the 10 min teasers of some shows. @474686 Are you referring to the ep recaps that play before ep selected? These are provided by the network, but we'll share the feedback.",Customer asks to get their crap together with showing upcoming episodes that recently aired. Agent says to share  feedback about this their team.,1 days 01:02:41
6006dfad11613632ed899731ef41cdf4,"[15650, 15653, 15655, 15657, 15658, 15658]","{15650: Timestamp('2017-11-03 18:35:54+0000', tz='UTC'), 15653: Timestamp('2017-10-31 19:40:55+0000', tz='UTC'), 15655: Timestamp('2017-10-31 18:40:04+0000', tz='UTC'), 15657: Timestamp('2017-10-31 18:09:59+0000', tz='UTC'), 15658: Timestamp('2017-10-31 17:50:26+0000', tz='UTC')}","@GloCare pls I dnt hv this freedata bt hv used Up to 100mb plus #300 worth of call card. Now u are even charging me 1 naira per mb why @119442 We apologize for any inconvenience you may have experienced. Kindly provide your number. Thank you. UO. @119442 If you did not get the sms, it means you were not qualified. UO @119442 We apologize for any inconvenience you may have experienced. Kindly provide your number. Thank you. UO. @119442 Perhaps you can restart your phone and redial. We still see your bonus from here. ^GM","The customer says that he don't have the free data but he have used up to 100mb plus #300 worth of call card and asks why he has been charged 1 naira per mb. The agent asks to provide the customer's number and says that if the customer did not get the sms, it means he was not qualified and asks to restart the phone and redial to the provided number to get the issue resolved.",3 days 00:45:28
e01e30c38a7c53a04355ee3e59f4d061,"[767131, 767132, 767133, 767135, 767137]","{767131: Timestamp('2017-10-20 20:57:38+0000', tz='UTC'), 767132: Timestamp('2017-10-20 21:03:01+0000', tz='UTC'), 767133: Timestamp('2017-10-20 20:09:01+0000', tz='UTC'), 767135: Timestamp('2017-10-20 21:18:29+0000', tz='UTC'), 767137: Timestamp('2017-10-20 20:57:33+0000', tz='UTC')}","@Delta booking trip with friend  she flies nyc to atl to meet me then we go to mga. Why her ticket $430 &amp; mine is $709 I’m going half as far @303343 There may be more availability for the lower fare traveling from NYC verses ATL.   *HML @303343 The lower fares may be sold out from ATL or we are offering a sale fare from NYC to MGA.  *HML @Delta Thank you for the reply. I wont spend double to sit next to her on the exact same flight. @303343 I understand, Hillary.  You may want to check different dates to see if the fare maybe lower  *HML","Customer is complaining that the ticket $430 ""amp and know its double $709. Agent updated him to check different dates to see if the fare maybe lower.",0 days 01:09:28
232e0ad5cf9d1573e1725a415972f850,"[620408, 620409, 620411, 620414, 620415]","{620408: Timestamp('2017-11-22 17:08:45+0000', tz='UTC'), 620409: Timestamp('2017-11-28 18:36:03+0000', tz='UTC'), 620411: Timestamp('2017-11-28 20:28:57+0000', tz='UTC'), 620414: Timestamp('2017-11-21 20:55:45+0000', tz='UTC'), 620415: Timestamp('2017-11-21 18:28:13+0000', tz='UTC')}","Hi @spotifycares the Windows 10 app freezes and crashes consistently on my PC. Resetting, uninstall/reinstall has not helped. Known issue? @267252 Hey Tommy, that's not cool! Which Spotify app version are you running? Also, is this happening at any specific points (like during login, or while listening to music)? We'll see what we can suggest /WP @267252 Got it. Just to check, is this also happening on any other devices? Keep us posted /JI @SpotifyCares Fine on my iOS and Amazon devices. Freeze/crash only occurs on my Windows 10 PC. I've had to completely uninstall the app for now because new installation appears to default to ""Open on startup"" which also freezes my system. Good luck! @267252 Sorry to hear that. Can you DM us your account's email address or username? Let's carry on there /JE https://t.co/ldFdZRiNAt",Customer having an issue with apps freeze and crashes consistently. Agent updated the customer to DM the account's email address or username for look into the issue.,7 days 02:00:44
abd0efeec1d1ce7729a45bcb1cdaed70,"[2820234, 2820236, 2820241, 2820242, 2820245]","{2820234: Timestamp('2017-11-27 06:28:59+0000', tz='UTC'), 2820236: Timestamp('2017-11-27 06:25:26+0000', tz='UTC'), 2820241: Timestamp('2017-11-27 06:16:39+0000', tz='UTC'), 2820242: Timestamp('2017-11-27 06:15:55+0000', tz='UTC'), 2820245: Timestamp('2017-11-27 06:08:38+0000', tz='UTC')}","Missed the game and probably losing my DVR content.. Thats quality time with my wife and its priceless thanks you  @115722 @786061 Did you get a trouble ticket number?
^FEM @VerizonSupport No... And I was on the phone with the last tech for over an hour @786061 Can you follow and DM back so we can have an agent help you?
^FEM @VerizonSupport I will reach out again if a technician doesnt come in the morning.","Customer is having some issue with service. Agent informed to DM the customer, So that they can have an agent to help.",0 days 00:20:21
dbaa0b2cbb66c4d37a4878942e7d5868,"[1788771, 1788771, 1788786, 1788789, 1788789]","{1788771: Timestamp('2017-10-17 23:44:51+0000', tz='UTC'), 1788786: Timestamp('2017-10-17 23:39:14+0000', tz='UTC'), 1788789: Timestamp('2017-10-17 23:35:56+0000', tz='UTC')}","@115802 @AirAsiaSupport is flight AK 377 Bali to KL really canceled today? I got a text message, but the dates are confusing. @537334 Hi Eksi , kindly provide us the booking number/pnr for us to check further - Anwar @537334 Sorry Marina, yes the flight is cancelled. You may opt for Free Flight Change, Credit Shell or Refund. Which do you prefer? -Miza","The customer asks whether the flight AK 377 Bali to KL cancelled since he got the text message regarding that and adds that the dates are confusing. The agent asks to provide booking number and informs that the flight is cancelled and suggests to opt for Free Flight Change, Credit Shell or Refund.",0 days 00:08:55
8f00d483a01776e4a9d2f525d3e25b97,"[1574785, 1574786, 1574787, 1574789, 1574791]","{1574785: Timestamp('2017-11-04 16:31:56+0000', tz='UTC'), 1574786: Timestamp('2017-11-03 13:45:23+0000', tz='UTC'), 1574787: Timestamp('2017-11-05 15:47:52+0000', tz='UTC'), 1574789: Timestamp('2017-11-05 16:10:15+0000', tz='UTC'), 1574791: Timestamp('2017-11-06 16:48:54+0000', tz='UTC')}","@sainsburys Farlington store yesterday - till woman just paid no attention to his obvious struggle - oxygen mask on &amp; she just ignored him . @sainsburys I think anybody who has an oxygen mask on and a cylinder on his shoulder would struggle ?  it means he struggles to BREATHE . I rest my case @485305 We would certainly expect our colleague to be more helpful to the customer. Are you able to DM us via the link with what time you were...1/2 @sainsburys I didnt send this to get one person into trouble for not helping a poor old sick man  Its a training issue for your Company to be kind .... @485305 I understand, please be assured this has been passed on internally for the duty manager to look into and appropriate ... 1/2",Customer complains that unusual behavior of the staff on the sainburys. Agent updated the customer to  DM for further assistance.,3 days 03:03:31
7dbe95a8d1fef0d6adf94fd45a41cb45,"[339337, 339338, 339341, 339344]","{339337: Timestamp('2017-10-07 23:27:15+0000', tz='UTC'), 339338: Timestamp('2017-10-05 03:03:05+0000', tz='UTC'), 339341: Timestamp('2017-10-07 23:51:43+0000', tz='UTC'), 339344: Timestamp('2017-10-08 02:43:37+0000', tz='UTC')}","@hulu_support how come i still have ads on movies when i pay to not have ads? @hulu_support Hulu live tv paying for no commercials on everything else. So show had commercials but also had ads after the fact @hulu_support Commercials and ads that stop the programming and have a timer? @197030 If playback does not resume after the ad breaks, follow up with us here: https://t.co/6YdK7bvQN7 so we can take a closer look.","Customer is enquiring about the ads which he payed for not to have ads. Agent says to  to payback does not resume after the ads breaks, follow up here URL so can take a closer look.",2 days 23:40:32
7aecf7fc3d78b2866277a86654000766,"[1182102, 1182104, 1182105, 1182106, 1182110]","{1182102: Timestamp('2017-10-24 22:07:30+0000', tz='UTC'), 1182104: Timestamp('2017-10-24 22:30:30+0000', tz='UTC'), 1182105: Timestamp('2017-10-24 20:09:45+0000', tz='UTC'), 1182106: Timestamp('2017-10-24 22:33:10+0000', tz='UTC'), 1182110: Timestamp('2017-10-24 20:08:21+0000', tz='UTC')}","@AskeBay @155221 Did you know Tracking numbers are NOT porting over from Paypal? Got dinged on 10/20 shipment that was uploaded @AskeBay @155221 I uploaded ON TIME and Paypal did not send the tracking to eBay. Is that MY fault? @178531 Eek! That's definitely not good. Do tracking numbers show in your Sold folder, Marsha? Were the labels created via PayPal? ^B @AskeBay I added the ttacking from the 19th to my eBay Order Details today when I saw it as missing. I copied it from PayPal where I input initially @178531 Gotcha. I'll take a look at it. DM us your item number, email address, first/last name and postal code on file. ^B","Customer is complaining that their tracking numbers are not porting over from Paypal, and got dinged on 10/20 shipment that was upload, they even uploaded on time but paypal did not send the tracking to ebay. Agent updates to DM their item umber, mail address, first/last name and postal code on file.",0 days 02:24:49
e352a020fbc1846265ae2aa959a19956,"[712564, 712566, 712567, 712572]","{712564: Timestamp('2017-10-10 21:17:12+0000', tz='UTC'), 712566: Timestamp('2017-10-18 17:37:34+0000', tz='UTC'), 712567: Timestamp('2017-10-18 17:45:26+0000', tz='UTC'), 712572: Timestamp('2017-10-18 18:21:42+0000', tz='UTC')}","@delta I am trying to figure out why I am not eligible for Chelsea contest when I received an email invite? @Delta I wasn’t apprised until entry period ended. I thought notification when issue was resolved as I identified it @290410 Hi Hugh, are you still have trouble entering the Chelsea contest? *TJW @290410 Hello, Hugh! Unfortunately, the contest ended on 16OCTth. I apologize that an update was not sent to you. *TCC","The customer says that he is trying to figure out why he is not eligible for Chelsea contest when he received an email invite, and says that he wasn't apprised until entry period ended. The agent asks whether the customer is till having trouble in entering the Chelsea contest and informs that the contest ended on 160OCTth.",7 days 21:04:30
a3934fb7fcc358a9ae047d7e580254e6,"[1196682, 1196686, 1196687]","{1196682: Timestamp('2017-10-24 15:35:36+0000', tz='UTC'), 1196686: Timestamp('2017-10-26 04:17:35+0000', tz='UTC'), 1196687: Timestamp('2017-10-26 04:17:20+0000', tz='UTC')}","@AirAsiaSupport due to 6th Nov AK6044 flight schedule changed. Could help me to check whether got late flight after AK6044? I would like to @401166 Sorry but there's no option available as the retime is only 35 minutes. You may do flight change online via &gt;&gt; @401166 &gt;&gt;Manage my Booking if you want, it'll be subject to applicable fees. Thanks. -Floi",The customer is asaking that the flight on 6th nov ak6044 schedule changed and asks for a help to check late flight after ak6044. The agent updated that there is no option available as the retime is only 35 minutes and asked manage my booking if they want for applicable fees.,1 days 12:41:59
a2e7b671025d4a770a9460eaec0a47af,"[492091, 492093, 492094, 492096, 492098]","{492091: Timestamp('2017-12-01 17:05:46+0000', tz='UTC'), 492093: Timestamp('2017-12-01 16:57:32+0000', tz='UTC'), 492094: Timestamp('2017-12-01 16:48:45+0000', tz='UTC'), 492096: Timestamp('2017-12-01 16:24:19+0000', tz='UTC'), 492098: Timestamp('2017-12-01 15:55:23+0000', tz='UTC')}","@ATVIAssist @115765 @116698 can I have my 2325 credits back in Ww2?, I got robbed for me and I’m kinda angry about it @ATVIAssist I used 2325 credits on quarter matser and I played one war game and it started those challenges when I wasn’t doing them and I went to do they they where gone @232294 Unfortunately, once a challenged is activated please note that this is in general game time. Meaning that the timer will start once you start once any match/game is started. I apologize for the confusion. ^RN @ATVIAssist I wasn’t even in this game types @232294 Unfortunately, we are not able to provide this content. I really do apologize for the frustration this may have caused. ^RN",Customer is complaining about the credit back in Ww2 which was robbed. Agent apologised and informed general game timing.,0 days 01:10:23
8d35fda3e5315ab662409c03224e248d,"[268095, 268096, 268098]","{268095: Timestamp('2017-10-06 00:17:28+0000', tz='UTC'), 268096: Timestamp('2017-10-05 15:11:05+0000', tz='UTC'), 268098: Timestamp('2017-10-06 01:22:06+0000', tz='UTC')}","Issue while exporting a PPro seq in AME - colors over saturated &amp; 1 shot was too bright &amp; washed out. Any thoughts? #postchat #PremierePro @AdobeCare Everything looks fine straight out of PPro. Tried rendering ProRes 422HQ &amp; H.264 w/ modified Vimeo settings from AME. Had issues on both. @179920 In AME preferences, General &gt; Premiere Pro &gt; Uncheck ""Import Sequences natively""; Media &gt; Uncheck ""Enable accelerated Intel h.264"" &amp; test.",Customer complaint about facing an issue while exporting aPPro seq in AME. Agent request customer to check with AME settings.,0 days 10:11:01
c430a7f12aa54cc0f9d7fa44cac423b1,"[901664, 901671, 901672, 901673]","{901664: Timestamp('2017-10-29 21:22:54+0000', tz='UTC'), 901671: Timestamp('2017-10-29 20:53:56+0000', tz='UTC'), 901672: Timestamp('2017-10-29 20:50:27+0000', tz='UTC'), 901673: Timestamp('2017-10-29 20:48:40+0000', tz='UTC')}","@NikeSupport i can not see the map of my route. I have geo localization activated. @334055 Here to help, Ezequiel. What device, operating system and NRC app version are you using? @NikeSupport Nrc version is 2.9.1and i'm using Android 7 on a Lenovo k6. 
I run while i hear music @334055 Got it. Go ahead and log out of the NRC app&gt; restart device&gt; log back in. Go for another run and test it out.",The customer is complaining that he can't see the map of the route even when geo localization is activated. The agent asked the customer to logout the nrc app and to restart the device once and to log in back once again.,0 days 00:34:14
23c96119286050153cf5ea7ed979d10a,"[73947, 73950, 73952]","{73947: Timestamp('2017-11-29 13:25:57+0000', tz='UTC'), 73950: Timestamp('2017-11-29 08:51:53+0000', tz='UTC'), 73952: Timestamp('2017-11-29 09:02:00+0000', tz='UTC')}","@idea_cares @116590 @116588  Ek Idea jo badal de aapki duniya apni internet speed se. This  speed is in Gurgaon. https://t.co/OTXMB8itj6 @132548 Sorry for the trouble. Please once try to delete caches and cookies from your handset for  better speed. If still you faces the issue write us back with your Idea number and alternate contact details.

Regards,
Yogita https://t.co/LBfZgLCSfr @132548 Please DM us your alternate number ( non-Idea number) so we can assist you further.

Regards,
Yogita https://t.co/LBfZgLCSfr",The customer is complaining that the internet is too slow in their  idea sim. The agent asked to clear cache and cookies and to do dm them alternate number for further assistance.,0 days 04:34:04
52e677bf2f2e251252f5e99600253b99,"[2337658, 2337659, 2337663, 2337664, 2337666]","{2337658: Timestamp('2017-10-20 05:25:00+0000', tz='UTC'), 2337659: Timestamp('2017-10-20 05:23:26+0000', tz='UTC'), 2337663: Timestamp('2017-10-20 05:18:57+0000', tz='UTC'), 2337664: Timestamp('2017-10-20 05:17:51+0000', tz='UTC'), 2337666: Timestamp('2017-10-20 05:14:10+0000', tz='UTC')}","@115722 my WiFi some shit @VerizonSupport My shit be crashing atleast 20 times a day soooooooooooo @620335 What is crashing? Does the internet light on the router ever go red when you have issues? ^JRA @VerizonSupport I see a world light, and I see a WiFi light. They are both white, but it’ll most likely crash within the next 20 mins like it always does @620335 Do the lights change on the router when you notice a loss of connection? 
^BAB",Customer is complaining that the wi fi gets crash for every 20 mins and shows the red light blinking. Agent is confirming about the light blinks is of internet connection lights of router which shows loss of connection.,0 days 00:10:50
c858066be30ffba349b87e7e2e9df3db,"[424319, 424321, 424326]","{424319: Timestamp('2017-10-10 10:36:52+0000', tz='UTC'), 424321: Timestamp('2017-10-10 12:54:50+0000', tz='UTC'), 424326: Timestamp('2017-10-11 00:41:30+0000', tz='UTC')}","@115850 hi I want to recharge my mobile...but failed to find that section on Amazon app...can u tell me how..@AmazonHelp @AmazonHelp Can u put screenshot showing wher exactly is Mobile recharge in Amazon Pay page of Amazon app..can't find..al I c is AmazonPay partners info @215995 I understand your concern, Ravi. I'll forward your feedback to the team concerned for review. ^HD",Customer enquirers how to recharge mobile on Amazon app. Agent informed customer that he will forward his feedback to the team concerned for review.,0 days 14:04:38
d5f5096a42ca4717c6b2f5d24bd73948,"[1591450, 1591452, 1591453, 1591453, 1591454]","{1591450: Timestamp('2017-11-05 00:42:56+0000', tz='UTC'), 1591452: Timestamp('2017-11-04 20:49:55+0000', tz='UTC'), 1591453: Timestamp('2017-11-04 17:34:50+0000', tz='UTC'), 1591454: Timestamp('2017-11-13 12:57:00+0000', tz='UTC')}","New iOS 11.1 is glitchy. &amp; when I swipe up from bottom to access control panel, “play” button too close to RW and FF! @115858 @AppleSupport @115858 @AppleSupport And the new podcast setup is very confusing. No idea how to sort / find my podcasts. @489239  We would like to help with each of these issues. Can you tell us more about what happens when your phone glitches? Also so disappointed that I️ cannot “actually” turn off WiFi and Bluetooth from control panel. Just one of your ploys to make sure you can still track my location. #creepy #apple",Customer is complaining about the new iOS 11.1 is glitchy. Agent updated that to take a look at this article about using the new iTunes.,8 days 19:22:10
bfca5c800e459f2962f25ecdddce3db1,"[560082, 560086, 560088, 560089, 560090]","{560082: Timestamp('2017-12-02 22:18:54+0000', tz='UTC'), 560086: Timestamp('2017-12-02 22:05:01+0000', tz='UTC'), 560088: Timestamp('2017-12-02 21:54:03+0000', tz='UTC'), 560089: Timestamp('2017-12-02 21:52:43+0000', tz='UTC'), 560090: Timestamp('2017-12-02 21:51:51+0000', tz='UTC')}","@GWRHelp am very disappointed in the lack of First Class carriages today @250988 Hello. Can I take the journey details please? - Jordan @GWRHelp Didcot parkway 10.10 am to London Paddington was the first one 

London Paddington to didcot parkway at 16.43 @GWRHelp Oh ok and would that have had First Class Carriage if the track repairs were not taking place @250988 We have a First Weekend Upgrade for £7.50 each way. - Jordan",Customer is complaining about lack of first class carriage. Agent asked  the journey details and informed they have first weened upgrade for 7.50 each way.,0 days 00:27:03
945b6fe2a5c065c74d125fbf88defa26,"[2524967, 2524968, 2524970]","{2524967: Timestamp('2017-11-16 02:25:10+0000', tz='UTC'), 2524968: Timestamp('2017-11-16 21:57:28+0000', tz='UTC'), 2524970: Timestamp('2017-11-17 19:16:13+0000', tz='UTC')}",Why is @115911 service so horrible in Flagstaff!  @TMobileHelp @292431 We always want to make sure you are getting the best signal possible! Let us know if we can look into anything for you! *LauriL @292431 Let's get to the bottom of this! DM me your zipcode and I'll check it out! *LauriL,Customer is complaining about the horrible service they got in Flagstaff. Agent updates to to DM their zipcode and they will check it out on this.,1 days 16:51:03
40dcc6b9694004c1a90adb47a483ab7c,"[295638, 295640, 295640, 295645, 295647]","{295638: Timestamp('2017-10-06 18:05:12+0000', tz='UTC'), 295640: Timestamp('2017-10-06 17:56:09+0000', tz='UTC'), 295645: Timestamp('2017-10-06 20:39:03+0000', tz='UTC'), 295647: Timestamp('2017-10-06 18:04:46+0000', tz='UTC')}",@BofA_Help How do BankAmeriDeals work? I added one and used it but nothing is showing up as earned? @139343 It takes 3-5 days from the purchase date before the transaction is in our system. ^la @139343 It takes up to 7 days from the purchase date before the credit displays on your Earned tab. ^la @139343 You can choose how you want to receive the rewards where it displays the reward info in  online banking. ^la,The customer asks how does the BankAmeriDeals works and says that he added one and used it but nothing is showing up as earned. The agent informs that it will take 3-5 days from the purchase date before the transaction in their system and it takes up to 7 days from the purchase date before the credit displays on customer's earned tab.,0 days 02:42:54
5785ce672f25f7641207ba90a77079a9,"[1564779, 1564781, 1564782, 1564785]","{1564779: Timestamp('2017-10-17 05:13:33+0000', tz='UTC'), 1564781: Timestamp('2017-10-17 05:00:33+0000', tz='UTC'), 1564782: Timestamp('2017-10-17 05:35:58+0000', tz='UTC'), 1564785: Timestamp('2017-10-17 05:42:29+0000', tz='UTC')}","@nationalrailenq Will the 6.33 from Sheffield to York be on time. Your journey planner is showing no delay @483122 Hi there, the service is currently running to schedule. @483122 Unfortunately a signalling issue is currently causing delays at chesterfield. Sorry for any inconvenience caused. @483122 Unfortunately we were only made aware of the issue just after the train departed from Chesterfield, further information can (1)",Customer is having an issue with delaying of the train. Agent informed that the signalling issue caused delay at chesterfield and they will informed once the train departed.,0 days 00:41:56
9c509e7e2dd3c6a22ed0b3083f2ead6d,"[2343333, 2343334]","{2343333: Timestamp('2017-11-13 15:10:30+0000', tz='UTC'), 2343334: Timestamp('2017-11-13 14:58:40+0000', tz='UTC')}","Cheers @GWRHelp I've not even left Bristol Temple Meads and I've already missed my connection at Newport because you've decided to stick another carriage on just in case. I won't get home until 9pm now. @639204 Hi, sorry for the delay. What was the departure time from Bristol? -Andy",The customer is complaining that the train was too late and delay. The agent apologizes and asks him to take for the next train.,0 days 00:11:50
5271e8ed5dc449a18001f6c44f25583f,"[853221, 853223, 853225]","{853221: Timestamp('2017-10-20 06:43:05+0000', tz='UTC'), 853223: Timestamp('2017-10-20 09:06:53+0000', tz='UTC'), 853225: Timestamp('2017-10-20 09:06:46+0000', tz='UTC')}","@Tesco - way too many husks in your organic oats; putting the bairns off porridge! Quality control issue maybe? https://t.co/04reOM7hbZ @322694 I would like to fully document your feedback and issue a refund for you, to do this can you provide me with some details 2/5 @322694 And lastly, would you prefer we sent you a Moneycard refund via post or email? 5/5",Customer is complaining that they are too much husks in their organic oats and thinks that this maybe the quality control issue. Agent updates to Dm their details so that they can fed back to their suppliers for review and also asks what would they prefer when they sent a moneycard refund via post or email.,0 days 02:23:48
b0c392569d2dfa349aa6b4c3a02f6c6c,"[918704, 918708, 918709, 918711]","{918704: Timestamp('2017-10-21 10:19:49+0000', tz='UTC'), 918708: Timestamp('2017-10-20 19:35:04+0000', tz='UTC'), 918709: Timestamp('2017-10-22 09:21:42+0000', tz='UTC'), 918711: Timestamp('2017-10-22 14:01:12+0000', tz='UTC')}","This FUCKING @2247 S8+ has to be the WORST phone I have EVER had! Constantly freezes &amp; does it's own thing,wish I'd never upgraded @O2 @257906 😧 Does it have the latest version of software installed? Have you tried a full back up &amp; restore? @257906 How long have you had the phone? Just to clarify have you tried a back up and hard reset? @257906 If you drop us a DM we can run you through it: https://t.co/5pyLDJBC6r",Customer is complaining about constantly freezing of the phone. Agent asked that the latest version software installed and informed that drop a DM and so that they run through it.,1 days 18:26:08
22112654c3c63d9bc70571e29480e79d,"[1153376, 1153378]","{1153376: Timestamp('2017-10-24 16:57:10+0000', tz='UTC'), 1153378: Timestamp('2017-10-24 16:51:39+0000', tz='UTC')}","@LondonMidland Would I be able to jump on the 18:34 train with my 18:04 ticket as I thought this one was a direct train? @391377 Of course, you'll have no problem boarding our next direct train at 18:34, apologies again for the cancellations.",The customer is asking thatcan they jump to 18:34 train with their 18:04 tickets as they thought its a direct train. The agent updated that of course no problems boarding the next direct train at 18:34.,0 days 00:05:31
93564adcc894165bb41861f443eaf3b4,"[311119, 311119, 311121, 311122, 311124, 311129, 311141]","{311119: Timestamp('2017-10-07 02:54:22+0000', tz='UTC'), 311121: Timestamp('2017-10-07 02:50:51+0000', tz='UTC'), 311122: Timestamp('2017-10-07 03:00:05+0000', tz='UTC'), 311124: Timestamp('2017-10-07 02:47:24+0000', tz='UTC'), 311129: Timestamp('2017-10-07 02:41:35+0000', tz='UTC'), 311141: Timestamp('2017-10-07 05:47:57+0000', tz='UTC')}","@AmericanAir agent didn't let me change my flight to earlier one that was half empty bc my original flight was on time. Now stuck in NC @AmericanAir Flight to ORD is now delayed, without any updates @AmericanAir AA0623 @190299 We're showing you're estimated to depart at 12a. You can check the status here: https://t.co/hSJ3SkyGEd @190299 So sorry for the troubles tonight. Our crew will try to make up as much time as we can while we're in the air for an earlier landing in ORD. @190299 We'll get you on your way as soon as possible. We're so sorry for the delay.",Customer is complaining about the delay of the flight where the agent didn't allow him to change his original flight. Agent apologized and states that the crew team will try to cover as much as time consumed while landing to ORD.,0 days 03:06:22
1e0070a4371bd5787eb5dcf58ef16a7c,"[1632982, 1632986, 1632988, 1632989, 1632989]","{1632982: Timestamp('2017-11-05 18:15:42+0000', tz='UTC'), 1632986: Timestamp('2017-11-06 13:06:52+0000', tz='UTC'), 1632988: Timestamp('2017-11-06 16:45:30+0000', tz='UTC'), 1632989: Timestamp('2017-11-06 16:45:07+0000', tz='UTC')}","When your sandwich, crisps and drink are all in the @marksandspencer lunch deal - but it doesn't apply the discount 😦😩 @marksandspencer 😢 Please can the store take the promotional sticker off these items then? As all of them definitely had it! @130853 which have the shelter shelf edge stripping that is red and gold. This does sit in the next to the meal deal but is not included in it, 2/3 @130853 the meal deal has pure red stripping and tickets that say meal deal on. We hope this helps. 3/3",Customer requests to take off the promotional sticker on the lunch deal since the discounts are not applied. Agent states that those discounts are for different item and requests to look for the red stripping and tickets that say meal deal on.,0 days 22:29:48
07d8535b2d415be455b4c3b9f0e5a2ce,"[744003, 744005, 744008, 744009, 744011]","{744003: Timestamp('2017-10-11 15:30:29+0000', tz='UTC'), 744005: Timestamp('2017-10-11 11:19:22+0000', tz='UTC'), 744008: Timestamp('2017-10-11 16:20:43+0000', tz='UTC'), 744009: Timestamp('2017-10-11 16:22:37+0000', tz='UTC'), 744011: Timestamp('2017-10-11 16:24:27+0000', tz='UTC')}","@126312 is there a reason why ALL my endurance drills this week are 45 minutes? 😖 https://t.co/XKJBbQpLBi @297897 We can take this one. Is this your first week of your Training plan? @NikeSupport How do I do that? @297897 Just to clarify, did you perform all the workouts in the previous week? @297897 Please perform this week and keep up in the loop if your next week looks the same.",Customer asking is there a reason why all endurance drills this weeks are 45 minutes. Agent is asking that is this his first week of training and also inform that please perform this week and keep up the loop for his next week looks the same.,0 days 05:05:05
e49a60ba9797a705d091b2a519b4c8d7,"[344317, 344318, 344319, 344322, 344324]","{344317: Timestamp('2017-10-08 01:29:24+0000', tz='UTC'), 344318: Timestamp('2017-10-08 01:36:54+0000', tz='UTC'), 344319: Timestamp('2017-10-08 01:13:55+0000', tz='UTC'), 344322: Timestamp('2017-10-08 03:20:35+0000', tz='UTC'), 344324: Timestamp('2017-10-08 05:24:43+0000', tz='UTC')}","@CoxHelp tried unplugging &amp; resetting mini box but feed on 313 still in &amp; out, freezing up &amp; static? Any ideas? 1096 last night flawless! @167075 I can try sending a signal reset from here to see if that helps. Do you have another outlet you can test? ~Derrick @CoxHelp Have mini box unplugged right now to see if another reset might help. Contour box in main living room is fine. Just mini box problem is all! @167075 It could be the box or it could be that outlet.  Are you able to test the minibox on a different outlet in the home? ~Derrick @167075  Hello. That sounds like a signal issue. Please dm us your full address so we can research this further for you. -Allan",Customer having trouble with signal of mini box. Agent updated the customer to  DM for further assistance.,0 days 04:10:48
eee126171b57647663ee571e280349dc,"[1009992, 1009997, 1010002]","{1009992: Timestamp('2017-10-14 14:12:40+0000', tz='UTC'), 1009997: Timestamp('2017-10-14 14:05:38+0000', tz='UTC'), 1010002: Timestamp('2017-10-17 19:21:41+0000', tz='UTC')}",@AzureSupport Vent - I need to create an internal subnet of 10.16.220 @358983 forum details and we will have someone from our forum team look into this.  2 ^FC @358983 Great to hear! Let us know if we can help with anything else! ^JN,Customer esquire about  creating internal subnet. Agent ask for further assistance as issue has been resolved by customer himself.,3 days 05:16:03
80e8b435a793df842f3c4c82f45cf80f,"[805652, 805653, 805657]","{805652: Timestamp('2017-10-12 16:53:18+0000', tz='UTC'), 805653: Timestamp('2017-10-12 18:12:03+0000', tz='UTC'), 805657: Timestamp('2017-10-12 18:54:00+0000', tz='UTC')}","Why can’t I send videos via text to android users @AppleSupport @311980 Are the MMS settings on in Settings &gt; Messages? Also, have you tried restarting the app or your iPhone? @311980 Alright, understood. Have you contacted your carrier about this issue? DM us and let us know. https://t.co/GDrqU22YpT",The customer is complaining that why can't they send videos to android users. The agent asked to restart the device and to dm them to know about more.,0 days 02:00:42
7f7c5ebfcdfd88600c3013227bc350b4,"[2930903, 2930904, 2930908]","{2930903: Timestamp('2017-11-29 10:31:55+0000', tz='UTC'), 2930904: Timestamp('2017-11-28 21:24:48+0000', tz='UTC'), 2930908: Timestamp('2017-11-29 12:04:13+0000', tz='UTC')}","Another @127161 fail. Sat in living room, when an email comes through to say 'sorry we missed you'. No doorbell ring, no knock, no phonecall, no card through the door. Not sure I believe you were here!

@116245 please use a real courier!! @ArgosHelpers @127161 Have sent you the order number. Is this being redelivered today? Will the delivery person ACTUALLY ring the doorbell? @496752 @127161 We have had some issues with the deliveries that were supposed to go out, this will be with you tomorrow- sorry for an inconvinience caused",Customer is complaining about the delayed delivery and false email about failed attempt to deliver. Agent is stating that they had some issues with the scheduled delivery but will be delivered on the next day.,0 days 14:39:25
40e88e769f807adc21b06460b30dacb3,"[2248915, 2248916, 2248919, 2248921]","{2248915: Timestamp('2017-10-19 17:24:42+0000', tz='UTC'), 2248916: Timestamp('2017-09-30 11:04:25+0000', tz='UTC'), 2248919: Timestamp('2017-10-19 19:28:28+0000', tz='UTC'), 2248921: Timestamp('2017-09-30 07:19:24+0000', tz='UTC')}","@marksandspencer Have you stopped your own branded cola?! That was the nicest cola and I can't find it anywhere! @marksandspencer Bring it back for a Christmas special? @marksandspencer Hi, just wondering if there was any progress on getting this drink back for the festive period, do you have a release date yet? @655324 Again, we'll pass your feedback on to the food team - they are the team that make the decisions, so fingers crossed! :)",Customer seems cola was the nicest drink and want to bring it back at christmas festival time. Agent updated that they cannot promise as they are not confirmed to release it and also informed they will inform it to the food team.,19 days 12:09:04
f014e2b440d67c58e4077f2316f23786,"[1519591, 1519592, 1519593, 1519595]","{1519591: Timestamp('2017-11-03 15:00:59+0000', tz='UTC'), 1519592: Timestamp('2017-11-04 18:36:24+0000', tz='UTC'), 1519593: Timestamp('2017-11-06 19:35:18+0000', tz='UTC'), 1519595: Timestamp('2017-11-07 10:04:30+0000', tz='UTC')}","@MicrosoftHelps My Cortana search box turned white this morning, but I didn't change any settings. Any ideas how to revert it back to black? @214865 Thanks for the info! Let's get this resolved by following Anthony Gal's post on this link: https://t.co/nSpI2byZl0. Keep us posted. @MicrosoftHelps I ran the SFC and the DISM health and it didn't fix it :( @214865 (1/2) We suggest contacting our technical support team to see what other options can be performed to resolve the issue. https://t.co/3qcAsLFkaY",Customer is complaining about the issue with Cortana search box and tried running SFC and DISM health. Agent is suggesting to contact their technical support team to look for other options for resolving the issue.,3 days 19:03:31
a24e70e979fc88581f692c72d4b19089,"[1275834, 1275836, 1275840, 1275841]","{1275834: Timestamp('2017-10-26 15:39:34+0000', tz='UTC'), 1275836: Timestamp('2017-10-26 13:24:25+0000', tz='UTC'), 1275840: Timestamp('2017-10-26 16:20:25+0000', tz='UTC'), 1275841: Timestamp('2017-10-26 16:31:02+0000', tz='UTC')}","@marksandspencer - any chance your chevron skirt (in black) will be back in stock soon? #imissedit @127392 Is this the skirt you're after &gt; https://t.co/qbQECEEg9M it's available online now in black from sizes 10-22. @127392 Your Sister might be lucky. This skirt is available in size 8 in Exeter, if it's a special journey please call in advance...1/2 @marksandspencer Thanks so much for checking. She’s going anyway. I’ll call in the morning and see if I can reserve 👍🏻",The customer is asking about the availability of chevron skirt. The agent updated about the  skirt availability of required size.,0 days 03:06:37
d0c6ea2a8ad0ddd09686c28a53ef286d,"[1291820, 1291820, 1291823, 1291824, 1291824]","{1291820: Timestamp('2017-11-21 18:25:28+0000', tz='UTC'), 1291823: Timestamp('2017-11-21 18:19:00+0000', tz='UTC'), 1291824: Timestamp('2017-11-21 18:15:35+0000', tz='UTC')}","@UPSHelp This is response I got from @AppleSupport chat: I do not know why they referred you to us when they have your package and have access to whats going on with it. All of the shipping information that we provided to customers comes from UPS so they should have helped you with that. @422109 Our records indicate the package is in the process of being released by customs. We have no control on how long this can take, however, the package delivery date will be updated once the package is released. Please continue to track at https://t.co/5oMU69kAgc. ^TV https://t.co/wKJHDXWGRQ @422109 The package was released on Sunday, 11/19/17, however, the package can move without being scanned. The package still needs to reach the destination. Typically the scheduled delivery date would be today, 11/21, however, it has been delayed due to customs. ^TV",Customer is asking about the shipment of the ordered package and complaining for the delay of delivery. Agent updated that the package will be released and asked to DM for further assistance.,0 days 00:09:53
2e139befb270e81b4e3097658a6fd7a5,"[317070, 317071, 317072, 317074, 317077, 317078, 317079]","{317070: Timestamp('2017-10-27 08:14:46+0000', tz='UTC'), 317071: Timestamp('2017-10-27 08:19:45+0000', tz='UTC'), 317072: Timestamp('2017-10-27 08:11:36+0000', tz='UTC'), 317074: Timestamp('2017-10-27 08:32:40+0000', tz='UTC'), 317077: Timestamp('2017-10-27 09:01:36+0000', tz='UTC'), 317078: Timestamp('2017-10-27 09:05:58+0000', tz='UTC'), 317079: Timestamp('2017-10-27 09:07:34+0000', tz='UTC')}","@TMobileHelp If you're bored on a quiet evening, any tips for getting the iPhone X to appear for trade-up? App and website both show 7/8 @191677 Hi Greg. The iPhone X is now available. If you log on to your T-Mobile acct the option to pre-order the device is... https://t.co/W4jUYcMxsa @TMobileHelp I'm using the ""Pre-order iPhone X"" link here: https://t.co/zVboM3Ujgl

Is that the right one? When I get to phone selection, I only see this https://t.co/LhCMHiAMQt @TMobileHelp An iPhone 6s. It shows up on my account as eligible for the trade-in offer, which is encouraging, at least! Should I just try again later? @191677 I'm so glad you are now able to proceed with your order. Does it give a reason as to why her device isn't eligibl... https://t.co/W4jUYcMxsa @TMobileHelp No, but I decided to try the website again on a whim, and the site said it was eligible. I think logging out/in helped. Thanks a lot! @191677 Brilliant. I hope your order goes through smoothly. Any other issues just tweet and we will be here #Winning *KellieA",Customer enquires about iPhone which he wants to buy. Agent provided the link to check for offers and ask to reach out them at anytime.,0 days 00:55:58
703412b2335ee584e49b372160533bcc,"[492293, 492294, 492296, 492298, 492299]","{492293: Timestamp('2017-11-30 03:51:00+0000', tz='UTC'), 492294: Timestamp('2017-11-30 00:13:00+0000', tz='UTC'), 492296: Timestamp('2017-11-29 22:01:50+0000', tz='UTC'), 492298: Timestamp('2017-11-29 20:18:52+0000', tz='UTC'), 492299: Timestamp('2017-11-29 00:10:30+0000', tz='UTC')}","@123127 Why do I have to look up instructions on how to set up Outlook 2016 w/gmail? (ps I have Off365 &amp; IMAP is set) #kludgy @232333 Hi there. Are you still having issues setting up Outlook 2016? Can you provide more details about it? @232333 Just to clarify, are you using Office 365 Business or Personal? @232333 Thank you for this information. Do you have any anti virus installed to your device? Are you getting an error message when setting up Outlook 2016? @232333 You may just try to retype the username and password. Have you updated your password? Could you also send us a screenshot so we can further check if possible?",Customer is having an issue with setting up outlook 2016. Agent informed to send an screenshot of the error message for checking the issue.,1 days 03:40:30
de7ffcf02001ed68b10bb1824b9b5820,"[1699656, 1699657, 2098742, 2098743, 2098753]","{1699656: Timestamp('2017-11-06 19:55:02+0000', tz='UTC'), 1699657: Timestamp('2017-11-06 20:41:27+0000', tz='UTC'), 2098742: Timestamp('2017-11-07 17:21:01+0000', tz='UTC'), 2098743: Timestamp('2017-11-07 17:58:23+0000', tz='UTC'), 2098753: Timestamp('2017-11-08 17:25:07+0000', tz='UTC')}","@115890 @DellCares Is there a reason why an update has almost destroyed my computer? @481928 Sorry to hear that! Please DM us a brief description of the issue along with the system service tag and registered owner 1/2 @DellCares It’s more a windows issue but it was affecting my dell monitor. Apparently an update locked out my desktop @481928 Thank you for writing back to us! If you have a non-Dell desktop, we suggest you get in touch with Microsoft for further /1 @DellCares Thank you gentlemen. there was a problem with malicious programs inserted by @115890 but I am resolving them.",Customer is asking a reason why an update is destroying their computer. Agent updates to get back if needed for further assistance.,1 days 21:30:05
6b540aa45d6e8afe2411b788fa343cc7,"[1455916, 1455917]","{1455916: Timestamp('2017-11-02 19:48:04+0000', tz='UTC'), 1455917: Timestamp('2017-11-02 20:09:19+0000', tz='UTC')}","@VirginTrains wow your quiet carriage surpasses itself tonight on 735 Chester to Euston.  Screaming, drunks, the lot and staff don't care. @457929 We'll certainly pass on your comments regarding this, Alex ^CB",The customer is complaining that thye face extreme noise while travelling. The agent updated that they will surely pass comments regarding that.,0 days 00:21:15
84d1a82fd682bc9e508bea0f1f83d294,"[380263, 380264, 380265, 380266, 380267, 380268, 380269, 380271]","{380263: Timestamp('2017-10-09 08:22:37+0000', tz='UTC'), 380264: Timestamp('2017-10-09 14:37:25+0000', tz='UTC'), 380265: Timestamp('2017-10-09 06:19:50+0000', tz='UTC'), 380266: Timestamp('2017-10-09 16:50:57+0000', tz='UTC'), 380267: Timestamp('2017-10-09 08:22:24+0000', tz='UTC'), 380268: Timestamp('2017-10-09 08:22:05+0000', tz='UTC'), 380269: Timestamp('2017-10-09 06:11:44+0000', tz='UTC'), 380271: Timestamp('2017-10-09 02:15:56+0000', tz='UTC')}","@British_Airways hi there we have a holiday booked through you but operated by @AmericanAir. We only have 53 mins to make our connection @206194 Hi Talie, if you made your booking with our Holidays team you would have to speak to them directly.  Their contact details can be (1/2) @British_Airways I didn't book with the holidays team was literally just booked online and want help with the flights? We're abroad and 6 hours behind @206194 Apologies for the confusion, Talie. Is your booking for a flight only? If so please DM us your full name, 1/3 @206194 booking ref, email and contact number. If you have a ground element attached, such as hotel, 2/3 @206194 you'll need to contact our holidays team. Please follow this link for our contact details: https://t.co/eZHtMInQRK. 3/3 ^DS @British_Airways Do they have an online contact? As mentioned we can't ring internationally and we're just asking for some help regarding transfers @206194 You'll need to call 0208 707 4480 I'm afraid. You need to discuss any changes over the phone, sorry. ^SR",Customer enquires about the bookings which he had made with @AmericanAir instead of booking with @British_Airways. Agent states that the changes will be discuss over the phone itself.,0 days 14:35:01
76b6f8525af26884261827ef3ce3a269,"[1403648, 1403651, 1403652, 1403653, 1403656]","{1403648: Timestamp('2017-11-12 22:36:39+0000', tz='UTC'), 1403651: Timestamp('2017-11-12 04:25:24+0000', tz='UTC'), 1403652: Timestamp('2017-11-12 04:24:15+0000', tz='UTC'), 1403653: Timestamp('2017-11-12 00:23:59+0000', tz='UTC'), 1403656: Timestamp('2017-11-12 00:16:35+0000', tz='UTC')}","@SpotifyCares Same problems my friends have been complaining about. One of Why Don’t We’s song (these girls) the beat got changed and it’s more high pitched now. @SpotifyCares I usually use my phone. I also downloaded the song onto my Apple Music library and it sounds fine when I listen to it on there. @446334 Thanks! Could you give us more detail on the song's beat? Also, what phone model, operating system, and Spotify version are you using? /MT @SpotifyCares Idk the beat is just weird. I have the iPhone 7 and I just updated it today. I also have the most recent Spotify update @446334 Thanks. We'll get this reported. Great detective work! https://t.co/LpsmyUtme0 /DF",Customer is complaining about the song beat which got changed and is more high pitch now. Agent asks several questions and updates that this issue has been reported.,0 days 22:20:04
fcb939bbb392973e97ba6909eea4b649,"[1509614, 1509616, 1509617, 1509618]","{1509614: Timestamp('2017-11-03 14:18:29+0000', tz='UTC'), 1509616: Timestamp('2017-11-03 14:26:24+0000', tz='UTC'), 1509617: Timestamp('2017-11-03 14:10:31+0000', tz='UTC'), 1509618: Timestamp('2017-11-03 14:33:00+0000', tz='UTC')}","@115722 My #FIOS bill just increased 44% Why? I got no notice, just a higher bill. @470394 We understand the frustration. Do you have access to your last bill? We need to check it to see if some discounts expired. 
^TXA @VerizonSupport I just looked at last month's bill and it said that discounts expired. I thought $68/month was the regular price for lowest speed service. @470394 Ok, would you like to speak to one of our billing specialist to check your bill. 
^ADP",Customer is complaining about 44% hike in the bill without any notice. Agent states that he would speak to one of their billing specialist.,0 days 00:22:29
f8ca99f14ceadcca9b786b03285cf30a,"[352231, 352233, 352235, 352236, 352237, 2066069]","{352231: Timestamp('2017-10-08 12:43:34+0000', tz='UTC'), 352233: Timestamp('2017-10-08 10:21:36+0000', tz='UTC'), 352235: Timestamp('2017-10-08 02:42:37+0000', tz='UTC'), 352236: Timestamp('2017-10-08 10:26:24+0000', tz='UTC'), 352237: Timestamp('2017-10-07 22:36:16+0000', tz='UTC'), 2066069: Timestamp('2017-10-08 10:54:48+0000', tz='UTC')}","@British_Airways Just paid to reserve seats as seat planner showing 4 window seats left, after paying, 20+ window seats were available! #con @199773 seats could have been released by our seating team, as the often hold the front rows until the aircraft configuration is set. ^BS 2/2 @British_Airways we fly tom BA0057. Fri there were well over 100 free seats in economy yesterday barely 25, once paid over 100 again?! 1/2 @British_Airways 2/2 seat booking gives impression most seats booked to push people to pay, then after paying, find many still available. @British_Airways we fly tom BA0057. Fri there were well over 100 free seats in economy yesterday barely 25, once paid over 100 again?! 1/2 @199773 Hi Robert, seats are kept back for customers who choose not to pay for their seats and those who can't check in online. ^Linda",Customer is complaining that just paid to reserve seats as seat planner showing 4 window seats left after paying 20+ windows seats are available. Agent updated that seat selection will always show those available at the time.,0 days 14:07:18
c49761938aa5936751d0dcb46c066555,"[2699628, 2699629, 2699634, 2699636]","{2699628: Timestamp('2017-11-19 20:21:00+0000', tz='UTC'), 2699629: Timestamp('2017-11-19 20:31:18+0000', tz='UTC'), 2699634: Timestamp('2017-11-19 20:37:27+0000', tz='UTC'), 2699636: Timestamp('2017-11-19 20:00:54+0000', tz='UTC')}","@VerizonSupport I work from home, a two day wait for a technician to replace your failed equipment is really poor. @208312 When you booked the appointment, did the rep advise if they reached out to our dispatch team to see if the appointment could be expedited?
^HSB @VerizonSupport No, was told it was busy in our area and got the next appointment. @208312 It maybe busy but we can check on this. We always strive to give the best appointments that are available for techs to come out. Please follow and DM us.
^ADP",Customer complaining about the technician for not arriving to repair the equipment. Agent assures that they would provide best appointments that are available.,0 days 00:36:33
2c94b163fd6908b576475683394088e5,"[658734, 658735, 658736, 658746]","{658734: Timestamp('2017-11-22 23:04:12+0000', tz='UTC'), 658735: Timestamp('2017-11-22 21:40:28+0000', tz='UTC'), 658736: Timestamp('2017-11-23 00:40:29+0000', tz='UTC'), 658746: Timestamp('2017-11-22 23:06:19+0000', tz='UTC')}","@MicrosoftHelps What's up with Groove on W10 Mobile being so utterly broken? Why is it refusing to add music to my library, still, after two years? Are you actively seeking to put those of us who have spent hundreds of our hard-earned shekels on your hardware off using it? @MicrosoftHelps Getting no error message and no acknowledgement of the files on the SD card. Nothing at all happening. This is only the Mobile version of Groove; the Desktop version is fine. I gather the issue is the library cache being gummed with old data and needs clearing (1/2) @MicrosoftHelps (2/2) but I don't have the permissions to wipe the relevant %localappdata% subdir like on Desktop, and I am *not* prepared to hard reset my device. I either want access to %localappdata% or I want this bug to be fixed (this century, preferably). @276839 Let's fix this. We suggest that you check the app updates. From app list, go to Microsoft Store &gt; Menu &gt; Downloads and updates &gt; Get updates. Refer to this link for more info: https://t.co/cbsWoxsaeZ. Let us know how it works.",Customer is complaining about the Groove on W10 mobile which is refusing to add music to their library still after 2 years. Agent suggests to contact the Answer Desk Support for more details  through the given link.,0 days 03:00:01
2e2f39511c97d147085b8152bd597d2b,"[1544015, 1544016, 1544019, 1544021]","{1544015: Timestamp('2017-10-17 10:42:19+0000', tz='UTC'), 1544016: Timestamp('2017-10-17 02:37:32+0000', tz='UTC'), 1544019: Timestamp('2017-10-17 11:46:00+0000', tz='UTC'), 1544021: Timestamp('2017-10-17 12:27:34+0000', tz='UTC')}","Two @115821 orders delivered today, both deliveries screwed up! My house is on Google Maps, what more can I do @AmazonHelp ??? @AmazonHelp Deliveries to our home are often misdelivered...we’re on google maps but set back behind another house altho clearly visible from street @478293 Have you reached out to us to report these issues?: https://t.co/JzP7hlA23B ^KH @478293 Sorry to hear that Andrea. Are you currently having an issue with a delivery? ^RS",Customer is complaining about the missing  delivery. Agent asks whether currently they have issue with a delivery.,0 days 09:50:02
3a4ea2b7674713dbca2315d8211e3936,"[1327083, 1327087, 1327092, 1327094, 1327098]","{1327083: Timestamp('2017-10-16 12:23:34+0000', tz='UTC'), 1327087: Timestamp('2017-10-16 12:20:51+0000', tz='UTC'), 1327092: Timestamp('2017-10-16 12:32:52+0000', tz='UTC'), 1327094: Timestamp('2017-10-16 12:40:13+0000', tz='UTC'), 1327098: Timestamp('2017-10-16 12:16:32+0000', tz='UTC')}",@VirginTrains How do I get help from you? @VirginTrains Out Coventry to Eus &amp; back Eus to Coventry - can we join the train at Rugby on out leg &amp; one pax get off at rugby on way back? @153011 What sort of tickets do you have and what services are you catching to and from? ^BT @VirginTrains 2/2 Can I buy a Cov Return 1st but join &amp; get off at Rugby? @153011 2/2 as not all departures from Euston to Coventry stop at Rugby. ^BT,Customer is enquiring about travelling details can they join the train at Rugby. Agent asked the customer what sort of ticket and service they catching and inform the customer that not all departures from Euston to conventry stop at Rugby.,0 days 00:23:41
2dd22c5d616419268182089c08e78363,"[799309, 799311, 799311, 799312, 799313]","{799309: Timestamp('2017-10-16 16:43:00+0000', tz='UTC'), 799311: Timestamp('2017-10-16 16:26:34+0000', tz='UTC'), 799312: Timestamp('2017-10-16 15:21:10+0000', tz='UTC'), 799313: Timestamp('2017-10-16 16:00:32+0000', tz='UTC')}",I don't know if it is racism or poor service but @Delta skyclub service sometimes is terrible. @179244 Care to share what occured? *HDV @Delta Flying to London. Left skyclub and received late notification of delay. Went back to sky club and told agent at desk I was returning. @179244 discrimination of a person or group for any reason. Can you please DM which airport and SkyClub this took place?  *HJB... 1/2,Here customer is unhappy  with the service of sky club  where flight get delay and he gets the late notification. Here agent ask the customer to message him and ask for the location.,0 days 01:21:50
89d5e34ea1c4b5a2a5a9d38886a729cc,"[1309783, 1309784, 1309786, 1309788, 1309790, 1309793, 1309794]","{1309783: Timestamp('2017-10-27 04:47:54+0000', tz='UTC'), 1309784: Timestamp('2017-10-27 04:50:11+0000', tz='UTC'), 1309786: Timestamp('2017-10-27 04:43:49+0000', tz='UTC'), 1309788: Timestamp('2017-10-27 06:05:33+0000', tz='UTC'), 1309790: Timestamp('2017-10-27 06:32:27+0000', tz='UTC'), 1309793: Timestamp('2017-10-27 06:36:21+0000', tz='UTC'), 1309794: Timestamp('2017-10-27 06:38:55+0000', tz='UTC')}","So my #Sprint account has been labeled as ""Fraudulent"" for a year, I just found out about this today when I went to get a new phone... @426097 Hey. This is unfortunate. Is it that you visited a store and was provided with this information? Did they indicate why? - DW @sprintcare ...still wasn't a fun situation to have dropped in my lap, specially since it was last Nov when the incident happened. @sprintcare I get that. I appreciate Sprint not letting someone buy 4 iPhone 7's on my account, but it would've been nice to be notified immediately. @sprintcare Oh, they wouldn't sell me a phone cause I got married and changed my name and said they couldn't take care of that instore. It's been a day. @sprintcare Nope. Gotta send you guys some paperwork about my marriage/name change for review first, is what I was told. @426097 Once the name change is processed, all should be fine. Hope it's fixed soon. - DW","Customer complains that their account has been labelled as Fraudulent. Agent states that they are trying to protect the account and once the name change is processed, everything will be sorted out.",0 days 01:55:06
0a362d1098c0a2a5b6fc6ad17a518bde,"[1147431, 1147434, 1147437, 1147438, 1147439]","{1147431: Timestamp('2017-10-24 14:11:02+0000', tz='UTC'), 1147434: Timestamp('2017-10-24 14:10:54+0000', tz='UTC'), 1147437: Timestamp('2017-10-24 13:58:59+0000', tz='UTC'), 1147438: Timestamp('2017-10-24 13:56:01+0000', tz='UTC'), 1147439: Timestamp('2017-10-24 13:54:39+0000', tz='UTC')}","@argoshelpers Item No. 631/8198 - is this discontinued, or when will it be available in London again? @390057 ive just had a look for you and it doesn't say if or when we will be getting this item back in stock. @390057 it wont tell you on the website im afraid but i have just had a look on the stock check and it doesnt say weather we are going to get it 1/2 @390057 1/2 We do not know the date this item is due to come back into stock. The website is the first thing @390057 2/2 updated with our level of stock. We will log that you have asked about the item. - Emily",Customer is enquiring about the item which is not available currently. Agent informed that they don't know the date of this item is due to come back into stock and informed that they will log and asked about the item.,0 days 00:16:23
f64aad3277982635583f662b8ea7c5d4,"[1478971, 1478973, 1478974, 1478977]","{1478971: Timestamp('2017-11-03 06:29:57+0000', tz='UTC'), 1478973: Timestamp('2017-11-03 02:39:24+0000', tz='UTC'), 1478974: Timestamp('2017-11-03 13:27:18+0000', tz='UTC'), 1478977: Timestamp('2017-11-06 23:59:05+0000', tz='UTC')}","@AskPlayStation  hi I'm add 100 $ dollars on my account its amarican id and i have a Saudi Arabia game but I don't get the poynts ...? @463431 The region of your game and your Acount must match with the region of your DLC or in game currency, so you can use it properly. @463431 That is correct, if the region of the game is the same as the region in your account then the DLC will work. @AskPlayStation They say ( there is no content it might not be for sale yet , or might no linger be for sale. ) can you help me please",Customer is complaining that they are not getting points even after adding 100 $ on their account and its an american id and they have a Saudi arabia game. Agent updates that the region  of the game should match with the region in their account then the DLC will work fine.,3 days 21:19:41
167fa032c01c4ea1daac522d1c86d206,"[1032078, 1032081, 1032082]","{1032078: Timestamp('2017-10-15 21:35:14+0000', tz='UTC'), 1032081: Timestamp('2017-10-14 18:04:44+0000', tz='UTC'), 1032082: Timestamp('2017-10-14 18:03:47+0000', tz='UTC')}","@VirginTrains so I just paid £68 to board a train that had no seats ? Surely this aint right @364212 Oh no, did you have seats booked, Ricky? ^MW @364212 Sorry to hear this Ricky, we'll let our Web Support team know ^JH",The customer is complaining that he reserved the seat but he didn't got it. The agent confronted the customer that they will let their web team to know about it.,1 days 03:31:27
20384988557145454ff6e215d36d8a8a,"[1045254, 1045256, 1045258, 1045260, 1045261]","{1045254: Timestamp('2017-10-23 10:06:08+0000', tz='UTC'), 1045256: Timestamp('2017-10-23 10:01:47+0000', tz='UTC'), 1045258: Timestamp('2017-10-23 09:58:40+0000', tz='UTC'), 1045260: Timestamp('2017-10-23 10:00:12+0000', tz='UTC'), 1045261: Timestamp('2017-10-23 09:47:29+0000', tz='UTC')}","What is going on with the @116245 website .... literally going back and fore - to chose a store - check out - back to chose a store 😡😡😡 driving me insane! @ArgosHelpers I have my trolley ready to be checked out but it keeps going between the two screens @ArgosHelpers I’ve had the same problem on my tablet app, tablet website &amp; my phone. Will now try on the laptop. @ArgosHelpers I’ve now tried on the laptop but it is doing the same thing. @367120 Oh no :( I get this reported can you try again later please  ?~  Matt",Customer is complaining about the website literally going back and fore. Agent updated that they had reported it and get back to them after a while.,0 days 00:18:39
ce5d1a623a1b7ddbfd893fb3371e4361,"[40656, 40657, 40658, 40663]","{40656: Timestamp('2017-11-01 14:47:50+0000', tz='UTC'), 40657: Timestamp('2017-11-01 14:16:07+0000', tz='UTC'), 40658: Timestamp('2017-11-01 14:14:41+0000', tz='UTC'), 40663: Timestamp('2017-11-01 10:47:44+0000', tz='UTC')}","@SpotifyCares hi I was wondering I recently lost my bank card I was wondering if my payment would still come out of my account @124926 Got it. If your card was reported as lost, then it's likely no longer authorized by your bank to make payments and needs to be updated /TY @SpotifyCares But can I put my account number in so my payment can still comes out @124926 Currently, not directly through Spotify. However, can you DM us your account's username and email address? We'll see what we can suggest /TY",Customer is complaining about making payment without using the card. Agent is requesting for the username and email address.,0 days 04:00:06
50a735f87d123615bdd50c976d872061,"[1728160, 1728161, 1728164, 1728165, 1728167, 1737260]","{1728160: Timestamp('2017-11-07 10:59:23+0000', tz='UTC'), 1728161: Timestamp('2017-11-07 09:48:46+0000', tz='UTC'), 1728164: Timestamp('2017-11-07 09:50:27+0000', tz='UTC'), 1728165: Timestamp('2017-11-07 11:31:30+0000', tz='UTC'), 1728167: Timestamp('2017-11-07 06:37:59+0000', tz='UTC'), 1737260: Timestamp('2017-11-07 12:49:10+0000', tz='UTC')}","@British_Airways i have a few questions for you if you could get back to me that would be great @British_Airways 1. I was wondering can put a lock on my luggage that I check in to go under the plane or can I not have a lock on it. @British_Airways 2. Am I able to bring my laptop on the plane with me to watch movies on my laptop @344741 Hi Andrew. Yes, you can put a small padlock on your checked baggage. You can also take a laptop on the plane, 1/2 @British_Airways Well I'm traveling from PHX to Dublin and my flight is on Feb 15 and I want to make sure I have everything ready and prepared before that @344741 We understand, Andrew. With regards to the padlock we'd recommend you take a TSA approved lock. Do you have any other questions? ^Steph",Customer was wondering to put lock on  my luggage that can check in to go under the plane or can not have a lock on it and also can bring laptop on the plane to watch movies on my laptop. Agent says with regards to the padlock we'd recommend you take  a TSA approved lock.,0 days 06:11:11
b2fb39d2aa38edd0c5a91cbffc3fcffe,"[2703339, 2703341, 2703343, 2703344, 2703347]","{2703339: Timestamp('2017-11-19 21:56:23+0000', tz='UTC'), 2703341: Timestamp('2017-11-19 21:54:14+0000', tz='UTC'), 2703343: Timestamp('2017-11-19 22:14:35+0000', tz='UTC'), 2703344: Timestamp('2017-11-19 22:14:21+0000', tz='UTC'), 2703347: Timestamp('2017-11-19 22:20:25+0000', tz='UTC')}","@AirAsiaSupport I accidentally booked the wrong flight to Siem Reap. The US office is closed. Can someone assist me today? @759300 Oh no! Kindly DM us the booking number, we'll see what we can do, Miata. May we also know what seems to be wrong? -Miza @759300 Sorry Miata, as booking is confirmed and payment are non-refundable. However as a gesture of goodwill, we may refund in &gt;&gt; @759300 &gt;&gt; term of Credit Account if you can provide us the new booking with correct date/time. Please refer here https://t.co/Qq2k9Qqv85&gt;&gt; @759300 You can make a flight change but it is subject to Change Fee + Fare Difference, Miata. Again, as a gesture of goodwill we may &gt;&gt;",Customer has booked for a wrong flight. since the US office is closed wanted someone to assist and also want to know about the credit shell. Agent asked about the booking number from the customer and informed that since the payment is non refundable has provide URL for further assistance.,0 days 00:26:11
9585dfaf8f159f7417c2412aa82f4b6a,"[2149989, 2149991, 2149992, 2149995, 2149996, 2149997, 2149998, 2149998]","{2149989: Timestamp('2017-11-09 00:52:00+0000', tz='UTC'), 2149991: Timestamp('2017-11-09 00:54:07+0000', tz='UTC'), 2149992: Timestamp('2017-11-09 00:47:57+0000', tz='UTC'), 2149995: Timestamp('2017-11-09 01:08:31+0000', tz='UTC'), 2149996: Timestamp('2017-11-09 01:10:00+0000', tz='UTC'), 2149997: Timestamp('2017-11-09 01:23:40+0000', tz='UTC'), 2149998: Timestamp('2017-11-09 01:34:58+0000', tz='UTC')}","@115858 your last upgrade kills my battery. Any fix for this? @631881 We'd like to work with you. May we ask which iPhone you're using and current iOS version you're on? Thanks in advance. @AppleSupport iPhone 6 (partners 7+ same issue) last upgrade, 11.1 @AppleSupport Before upgrade I’d last the whole day unless I️ had crazy use. Now? 5ish hours @631881 Take a look at this article with tips on how to maximize battery life. Let us know how it goes after: https://t.co/bivpdfBNJ6 @AppleSupport Thanks but I️ pretty much do all that already. It’s entirely due to last upgrade. This tweet convo moved me from 70 to 15% alone. @631881 Let's go ahead and move to DM to take a closer look at this together. Send us a message using the link below: https://t.co/GDrqU22YpT",Here customer is facing some issue after updating the apple support app  who is using iphone6. Here agent note down the issues and sends a link where the customer can message him for the better solution.,0 days 00:47:01
ee0c3f2a6b23aa8afb1918ef1810f352,"[1694151, 1694153, 1694157, 1694158]","{1694151: Timestamp('2017-11-28 04:07:01+0000', tz='UTC'), 1694153: Timestamp('2017-11-28 04:28:17+0000', tz='UTC'), 1694157: Timestamp('2017-11-22 03:05:02+0000', tz='UTC'), 1694158: Timestamp('2017-11-22 02:56:31+0000', tz='UTC')}","@Ask_spectrum any idea when cable and internet will be up in the dr. Phillips area? It's been out all day! @514083 Hello there! Thanks for reaching out I would love to help with any service issues. Would you be able to send us a DM please with the address and phone number of the account? - AV @Ask_Spectrum can you tell me why my service is out for the 10th time in 7 days? And don't ask for my info, I already sent it to you. You are an absolute joke. I didn't think anyone could have been worse than brighthouse, but there you go proving me wrong. DO NOT USE SPECTRUM!!! @514083 Unfortunately we are unable to schedule service visits during an area outage, but once the outage is resolved we would be happy to schedule an appointment so that you do not continue to have the same issue. ^RT",Customer is facing internet and cable service down in his area. Agent informs customer to schedule an appointment once outage is resolved.,6 days 01:31:46
61c958a7774587c526640bf4ae2642b3,"[635898, 635904]","{635898: Timestamp('2017-11-22 19:34:24+0000', tz='UTC'), 635904: Timestamp('2017-11-22 19:04:54+0000', tz='UTC')}",@115722 can you guys help me? my router is plugged in and everything is connected but there’s a red globe and https://t.co/w8L8RQFVEC says i have no coax connection. please help @270787 Thank you for checking. Please follow and DM us when you get a chance. ^DDD,The customer is complaining that even though they have plugged in everything it says they have no coax connection. The agent asked to dm them even the issue persists.,0 days 00:29:30
7ea1cdcd5b92f8dbf4a38944b0061457,"[311220, 311223, 311224, 311225, 311226]","{311220: Timestamp('2017-10-07 02:54:51+0000', tz='UTC'), 311223: Timestamp('2017-10-07 02:50:28+0000', tz='UTC'), 311224: Timestamp('2017-10-07 02:48:40+0000', tz='UTC'), 311225: Timestamp('2017-10-07 03:00:53+0000', tz='UTC'), 311226: Timestamp('2017-10-07 03:02:18+0000', tz='UTC')}","@136756 @115722 Hey can you guys maybe turn up the volume on the Edge channel? Can barely hear Top Gun.. 😂😎 @190327 Hi Rob, are you having a problem with sound on all channels or just this one?
^FEM @190327 Can you check and see if this is happening on all TV's or just this one?
^FEM @190327 Disconnect the coax from the back of the box where it says FIOS TV IN, and then reconnect. Let us know if that helps. ^NHP @VerizonSupport Thanks and will try that tomorrow. Appreciate the quick response!",Customer asking to turn up the volume on the edge channel. Agent asking that having problems in all channels or just one channel and suggest to disconnect the coax from the back of the box and recoonect.,0 days 00:13:38
54a35e51d538534efa34d3b81d5f347c,"[34992, 34994, 34999, 35000]","{34992: Timestamp('2017-11-01 13:23:13+0000', tz='UTC'), 34994: Timestamp('2017-11-01 12:30:19+0000', tz='UTC'), 34999: Timestamp('2017-11-01 12:27:14+0000', tz='UTC'), 35000: Timestamp('2017-11-01 12:24:30+0000', tz='UTC')}","@O2 hi. Any way anyone can tell me whether my iPhone X will be delivered on Friday and if not when I might expect it? @123610 Hi Simon, did you pre-order online? If so, it'll be delivered in the timescale showing when you pre-ordered. @O2 Yes I ordered online and I don’t remember there being any timescale shown apart from the launch date. I have DM you the order number @123610 We've replied to your private message Simon.",Customer is asking whether their iPhone X will be delivered on Friday and if not when its expected to be delivered. Agent updates that they have replied to their private message and that's all the information they have.,0 days 00:58:43
64e3a96746e33cc6fd5df5c0f8c6b1d9,"[995767, 995769, 995770, 995773, 995776]","{995767: Timestamp('2017-10-24 13:28:11+0000', tz='UTC'), 995769: Timestamp('2017-10-24 12:38:02+0000', tz='UTC'), 995770: Timestamp('2017-10-24 12:47:05+0000', tz='UTC'), 995773: Timestamp('2017-10-24 12:31:26+0000', tz='UTC'), 995776: Timestamp('2017-10-24 04:06:21+0000', tz='UTC')}","@ATVIAssist hi can you guys help me? I just got the pumpkin pumeler and i cant equip it its said i have to unloked the normal variant first @355865 Hello there, I apologize for the delay. What platform are you currently playing on? Are you receiving any error messages? ^RN @355865  Can you provide me with a video/screenshot when you received this content? Please keep me posted. Thank you. ^RN @ATVIAssist I dont have a screen shot when i got it but its the same in the picture when i got it @355865 Let me know if you still come across this issue. If so, I'll send your case up for further review. ^RN",Customer is complaining that he had got the pumpkin pumeler and i cant equip it and its said they have to unlocked the normal variant first. Agent updated that to clear the system cache.,0 days 09:21:50
835077deca33755c9522d8e0bbe6ea40,"[2692142, 2692142, 2692143, 2692146]","{2692142: Timestamp('2017-11-19 15:35:46+0000', tz='UTC'), 2692143: Timestamp('2017-11-19 23:12:36+0000', tz='UTC'), 2692146: Timestamp('2017-11-19 16:36:22+0000', tz='UTC')}","@Tesco so arrived at cross point cafe at 15.14pm with my son to be told they were cleaning the hot drinks machine so couldn’t have one. I bought a cold drink Then several other customers followed me who were told the cafe close at 15.30!! Not according to the store opening time! @756759 Hi Ann-Marie, thanks for getting in touch. I'm really sorry you've had a negative experience in our store recently. Could you please let me know what time the café sign says it closes? 1/2 @756759 I would also like to register your comments on our internal systems for future reviews, can you DM your full name and address? TY - Jayne 2/2",The customer says that he reached the cross point cafe at 15.14pm with his son and they did not get the hot drinks out there and they were been told that they are cleaning the hot drinks machine. The agent asks at what time the cafe sign says it closes and asks to DM the full name and address of the customer to register the complaint in their internal system for future use.,0 days 07:36:50
b7316529c499d3a9ad50e748b2ecdc3e,"[1525316, 1525317, 1525318, 1525320, 1525322]","{1525316: Timestamp('2017-11-03 20:31:42+0000', tz='UTC'), 1525317: Timestamp('2017-11-03 21:55:40+0000', tz='UTC'), 1525318: Timestamp('2017-11-03 21:57:35+0000', tz='UTC'), 1525320: Timestamp('2017-11-03 22:07:53+0000', tz='UTC'), 1525322: Timestamp('2017-11-03 20:11:03+0000', tz='UTC')}","@sprintcare trying to upgrade my iPhone online but screen has a small crack. What now? @473768 Do you have insurance on your device (TEP)? -C.H @473768 Are you looking into a specific promotion that requires a trade in? -RA @sprintcare I don’t think it’s required but I’d like to trade in my 6s to iPhone 8+ @473768 Unfortunately, we cannot use your device as a trade in device as one of our requirements for trade in devices -RA",The customer says he wants to upgrade his iPhone online but the screen has a small crack and he likes to trade in his phone. The agent asks whether the customer has some insurance to the device and adds that they cannot use his device as trade in device.,0 days 01:56:50
02d94934587f98c2c154430697ca6ee6,"[778748, 778753, 778753]","{778748: Timestamp('2017-10-06 19:46:19+0000', tz='UTC'), 778753: Timestamp('2017-09-30 10:55:51+0000', tz='UTC')}","@HPSupport Need your help with Envy 5530 server connection error. Already tried HP print and scan doctor and didn't work @305970 To fix this issue, try setting Up Scan to E-mail again, using HP Software Wizard in Windows. Follow:  https://t.co/bRn3YEKqgg. ^Roopa","Customer is complaining about the connection server error. Agents asks to try setting up scan to E-mail again, using HP software wizard in windows follow:URL.",6 days 08:50:28
6278817888e84869fbf050897fbaa7e7,"[84260, 84262, 675173, 675174]","{84260: Timestamp('2017-11-23 12:01:00+0000', tz='UTC'), 84262: Timestamp('2017-11-23 10:43:54+0000', tz='UTC'), 675173: Timestamp('2017-11-23 11:18:37+0000', tz='UTC'), 675174: Timestamp('2017-11-23 11:25:00+0000', tz='UTC')}",Yet again @115830 @AmazonHelp I'm skeptical my delivery will arrive today when it's not left Preston yet... https://t.co/AvAXsAs6iW @AmazonHelp Today. @134539 Sorry to hear that you've had issues recently. Keep an eye on your tracking: https://t.co/aaDyEz1VgE for updates and keep us posted.^TI @134539 Couriers can deliver until 21:00 pm. Keep us posted about your delivery! We're here to help! ^KN,Customer is inquiring about product delivery confirmation. Agent informs customer to keep posted about delivery.,0 days 01:17:06
6668ae2b1da62a5d8bb9f7abaa49c516,"[440194, 440199, 440201, 1420808]","{440194: Timestamp('2017-10-17 08:35:15+0000', tz='UTC'), 440199: Timestamp('2017-10-16 18:24:42+0000', tz='UTC'), 440201: Timestamp('2017-10-16 17:05:43+0000', tz='UTC'), 1420808: Timestamp('2017-10-17 09:32:58+0000', tz='UTC')}","@Tesco FYI you have no frozen peas in Tesco Express Whitley Street, Reading #staple #bitofashock @219473 Hi Andrew, the smallest pack we do is Birds Eye Garden Peas 375G but unfortunately we do not stock this product. 1/2 @Tesco I did ask and was told out of stock, but are you implying Tesco Express don't stock frozen peas? Won't bother looking in future. #bizarre @219473 Hi Andrew, After looking at my stock system it does not appear that the store stock any frozen peas, only the tinned peas. Ty - Darren",The customer asks why the frozen peas were not available in the store. The agent replies unfortunately they do not store frozen peas but they do store only tinned peas.,0 days 16:27:15
c7fb64cf8f3702589717aac494d58478,"[2227234, 2227235, 2227240, 2227242, 2532776]","{2227234: Timestamp('2017-11-10 14:12:30+0000', tz='UTC'), 2227235: Timestamp('2017-11-10 11:14:47+0000', tz='UTC'), 2227240: Timestamp('2017-10-30 12:06:20+0000', tz='UTC'), 2227242: Timestamp('2017-10-30 11:42:11+0000', tz='UTC'), 2532776: Timestamp('2017-10-30 12:29:50+0000', tz='UTC')}","@AskVirginMoney been trying to access my account online for over a month but unable..promised call back - non received @AskVirginMoney our online credit card...couldn't get on last month..someone tried to help over phone with no joy. was told someone would call but didnt @650129 Ah I see, can you email your name, address and contact number over to __email__ and I'll help you out?  ^LB @AskVirginMoney this has now been 10 days without anyone ringing me...I have now been unable to get online for 2 months and I also need to change my address....can someone please sort this out for me @AskVirginMoney sorry about this, someone just rang but my wife didn't know I was expecting  the call and asked them to ring back some other time as she thought it was a junk call, can you ask them to recall us - thanks",Customer is complaining that been trying to access his account online for over a month but unable promised call back non received. Agent updated they will have a word with the team for him and find out whats going on .,11 days 02:30:19
2525b5e0ff7554f088b19aa09c5ceafd,"[2905137, 2905139, 2905140, 2905144]","{2905137: Timestamp('2017-11-28 19:27:00+0000', tz='UTC'), 2905139: Timestamp('2017-11-28 19:07:51+0000', tz='UTC'), 2905140: Timestamp('2017-11-30 06:09:02+0000', tz='UTC'), 2905144: Timestamp('2017-11-30 06:15:53+0000', tz='UTC')}","@115821 really? Not even close to sufficient packing material. Haven’t tested light with box smash shown or strip led lights 🤨 https://t.co/oti1tfCWUq @316305 I'm sorry your item arrived in this condition. We would be happy to accept your packaging feedback here: https://t.co/y3DtJlcsKN If you find that there is any damage to your item, please phone or chat to review options here: https://t.co/hApLpMlfHN ^AN @316305 Hello, I am sorry to hear about the damage. Since the product was sold by a third party seller, please do reach out to them. We are certain this will get corrected shortly. ^CR @316305 I'm sorry about the confusing information. When you have a chance reach out to us at the link provided above and we'll take another look at what options are available for you. ^MI",Ther customer says there was not even sufficient packing material and says there is a damage. The agent asks the customer to contact them if there id any damage to the product and says to reach out to the third party since it was sole by them.,1 days 11:08:02
affcd6c57c52f102f52631b0166d1852,"[372555, 372558]","{372555: Timestamp('2017-10-08 23:38:01+0000', tz='UTC'), 372558: Timestamp('2017-10-08 22:46:16+0000', tz='UTC')}","@Delta disguising staff on my flight DL1691 staff shouting for hanging my suit up. And saying my suit was an extra bag. Two horrid staff... @204277 Sean, I apologize for the poor impression that you received. We expect our agents to be helpful and professional at all times. Please... 1/3",The customer is complaining that a staff was shouting for hanging up his suit. The agent apologizes and told they expect their agents to be helpful and professional at all times.,0 days 00:51:45
3308b07e9a92b928cd61e92e9a856a93,"[113630, 113636, 113637, 113638]","{113630: Timestamp('2017-11-23 20:45:45+0000', tz='UTC'), 113636: Timestamp('2017-11-26 12:47:19+0000', tz='UTC'), 113637: Timestamp('2017-11-23 09:57:03+0000', tz='UTC'), 113638: Timestamp('2017-11-22 18:15:02+0000', tz='UTC')}","@O2 still nothing?  @118101 @121122 @121121 @141240 anyone have good high data use sim only plans for mobile? @141239 😳 We'd suggest keeping an eye on the app for the most up to date info on the offer Steven. We'd be sad to lose you. @141239 We don't offer a price match service but we'd always offer you our best available deals, are you looking for anything in particular? @O2 Sent a DM about an hour ago with all the details in",Customer wants to know about better data packs for his mobile. Agents states that they don't offer price match service and would offer best available deals.,3 days 18:32:17
d43dade8d0c960c313392118cc99937e,"[1333769, 1333772, 1333776, 1333778]","{1333769: Timestamp('2017-10-27 13:44:27+0000', tz='UTC'), 1333772: Timestamp('2017-10-27 13:31:34+0000', tz='UTC'), 1333776: Timestamp('2017-10-27 16:42:54+0000', tz='UTC'), 1333778: Timestamp('2017-10-27 17:05:36+0000', tz='UTC')}","@VirginTrains Hi there, due to get on a train this evening from Euston to Stockport, do you know there will still be disruptions at 8pm? @431152 Hi there, we're expecting residual delays but we'd advise keeping an eye on Live Updates here: https://t.co/nhoqMIlqX8 ^HP @431152 Services are now slowly resuming Francesca but ticket restrictions have been lifted ^HP @431152 You should be able to take another one of our services, but we'd advise just checking with station staff beforehand ^HP","Customer wants to know will there be still disruptions at 8 pm from Euston to Stockport. Agent updates that the services are now slowly resuming, and advises to check with station staff before getting on a train.",0 days 03:34:02
dc689367ca678b110f5e5360c83b9d02,"[1772473, 1772476, 1772481, 1772483, 1772486, 1772488]","{1772473: Timestamp('2017-10-17 22:27:04+0000', tz='UTC'), 1772476: Timestamp('2017-10-17 22:23:04+0000', tz='UTC'), 1772481: Timestamp('2017-10-17 22:42:33+0000', tz='UTC'), 1772483: Timestamp('2017-10-17 22:43:59+0000', tz='UTC'), 1772486: Timestamp('2017-10-17 23:34:33+0000', tz='UTC'), 1772488: Timestamp('2017-10-17 23:34:46+0000', tz='UTC')}","@116543 for some reason none of my games are downloading 4K assets. @XboxSupport @532725 Hi there! Let's check out our guide here for this download issue that you're seeing https://t.co/hU7IFbIJib
 ^TJ @XboxSupport I have allow 4K content to download from settings but nothing is available for me as it is other users to prep for Xbox One X @532725 I'm afraid there is no feature to pre-install 4K content. If this is something that you'd like to see available 1/2 ^TJ @532725 I see. Apologies for the confusion. For this, we recommend to keep an eye on your ready to install list for 1/3  ^TJ @532725 If you notice any issues after the Xbox One X releases, be sure to give us a shout! 3/3 ^TJ",Customer is complaining about installing 4k content on xbox one x. Agent states that there is no feature to pre-install but requests to check for ready to install list.,0 days 01:11:42
44bbeb9f9318aafe51cf89bce6134040,"[697220, 697224, 697227, 697228]","{697220: Timestamp('2017-11-25 08:01:46+0000', tz='UTC'), 697224: Timestamp('2017-11-25 08:19:34+0000', tz='UTC'), 697227: Timestamp('2017-11-25 07:53:36+0000', tz='UTC'), 697228: Timestamp('2017-11-25 07:40:47+0000', tz='UTC')}","@Ask_Spectrum great service you provide, ruining one of the better weekends in sports with horrible signals on ESPN networks.  Check out the ending to the Fl-Gonzaga game, if you can see. #fixyoursignal https://t.co/texPlk8NJ1 @286359 I apologize for the issues you are having with the services. Have your concerns been addressed? If not, I will need the account holders name and service address to review this. Can you send this information in a private message? ^CM @286359 I can submit the feedback. I will need at least the zip code to submit for that us. ^CM @286359 I apologize for any inconvenience this has caused. Are you experiencing any other issues that you need our assistance with? ^CM","Customer is complaining about the poor signals on the ESPN network. Agent requests for the name, zip code and the service address for better assistance.",0 days 00:38:47
2bca578df54e57a7c5f9871dac7b3f2f,"[709190, 709191, 709192, 709195]","{709190: Timestamp('2017-10-10 20:41:14+0000', tz='UTC'), 709191: Timestamp('2017-10-10 20:43:27+0000', tz='UTC'), 709192: Timestamp('2017-10-10 20:38:47+0000', tz='UTC'), 709195: Timestamp('2017-10-10 21:13:39+0000', tz='UTC')}","@AskPlayStation I can't get into the PlayStation store from my ps4, is there anything yall can do to help? @289573 Happy to assist! Can you provide more details? Are you getting any error codes or messages? @AskPlayStation No error codes. Just when I try to access to store, it just has the please wait loading screen. https://t.co/iRij78TF9E @289573 Please try rebuilding the database. Follow the steps on the next article: https://t.co/OOaq76kzAA",The customer is complaining that when he tried to access to store it just has the please wait loading screen. The agent asked the customer to rebuild the database and able to fix the issue.,0 days 00:34:52
dbfec27dac2dbe10f6373bf0be308995,"[682242, 682243, 682245, 682245]","{682242: Timestamp('2017-11-21 04:15:26+0000', tz='UTC'), 682243: Timestamp('2017-11-20 22:35:41+0000', tz='UTC'), 682245: Timestamp('2017-11-20 22:28:18+0000', tz='UTC')}","@SouthwestAir your San Antonio baggage agents are kinda terrible.  And the text for my delayed flight from Dallas to Detroit pissed me off!  This mean I won't get home till about 2 am and I work tomorrow. What is wrong with you that's over a 2 hour delay @282826 We're so sorry to learn of your frustration this afternoon, Sara. We would be glad to get you a status update on your flight. What are your Flight # and destination? ^AB @282826 We're sorry to hear of your continued frustration, Sara. Please feel free to DM us your confirmation number so we can take a look. ^NG https://t.co/mQmfkXW4oV",Customer complaints about delay in flight. Agent informs customer to DM his confirmation number.,0 days 05:47:08
69d192f80a2608ac5b0ba86b093c2cab,"[2712345, 2712346, 2712349, 2712350]","{2712345: Timestamp('2017-11-20 03:07:55+0000', tz='UTC'), 2712346: Timestamp('2017-11-20 02:49:00+0000', tz='UTC'), 2712349: Timestamp('2017-11-20 03:17:43+0000', tz='UTC'), 2712350: Timestamp('2017-11-20 03:19:24+0000', tz='UTC')}","@Ask_Spectrum If it wasn’t for the NBA League pass television companion I’d ask for my money back. The television part of it is complete garbage. @Ask_Spectrum The problem is that you only have 1 channel in HD. If the game isn’t on that channel the picture quality is horrible. Has nothing to do with the box it’s the fact that no HD channels come in horrible. @172951 If it is an HD channel, he will work to make sure it is coming in HD. ^CM @Ask_Spectrum The HD channels are fine it’s the none HD channels that are garbage. Until Spectrum upgrades their service from analog to all digital or all HD this problem will continue.",Customer is complaining that he needs technician who can fix the box where HD channels comes with picture quality. Agent updated that they will work on it to resolve the isuue.,0 days 00:30:24
1df6a2097caf42d7baf13454932d3249,"[843751, 843764, 843764, 843765]","{843751: Timestamp('2017-10-19 22:53:57+0000', tz='UTC'), 843764: Timestamp('2017-10-19 19:34:30+0000', tz='UTC'), 843765: Timestamp('2017-10-19 19:14:23+0000', tz='UTC')}","I’m making it a mission to tell everyone I know not to buy a service protection policy from #DirectTv and the service provider #Asurion  this has been the worst experience I have ever had . Buyer beware!!! @320621 Can you tell us little more about what's going on David? We're here to help anyway we can. ^KF @320621 Typically, it can take 24 hours for a response. ^KF",Customer is disappointing about service protection policy fro direct TV and the service provider. Agent asking more information about what happening and also telling that it took 24  hours for a response.,0 days 03:39:34
813c02b019c39aa1b2bf4707150cc952,"[1941045, 1941048, 1941051, 1941053]","{1941045: Timestamp('2017-10-29 22:07:49+0000', tz='UTC'), 1941048: Timestamp('2017-10-29 13:09:01+0000', tz='UTC'), 1941051: Timestamp('2017-10-29 12:32:36+0000', tz='UTC'), 1941053: Timestamp('2017-10-29 11:59:37+0000', tz='UTC')}","@British_Airways  We lost an iPad at terminal 5 Heathrow Airport security this past Friday October 27th. Need # to call to inquire. @British_Airways Hi, Black I pad pro, black/grey reversible case. Left at Term 5 Heathrow security. @577250 That is strange. They collect all the lost property for both Terminal 5 and Terminal 3. We give it straight to them. ^Chris @577250 I'm afraid this isn't something we can do, sorry. All items left on board or aircraft are handed in at the airport. We hope you're 1/2",Customer complains that he lost hos i pad in british airways. Agent is suggesting customer contact  with help of URL  link to get back stolen property.,0 days 10:08:12
f1b036c4eb1be22f005640ec4a99742e,"[2720258, 2720261, 2720265]","{2720258: Timestamp('2017-11-20 09:31:48+0000', tz='UTC'), 2720261: Timestamp('2017-11-20 11:48:30+0000', tz='UTC'), 2720265: Timestamp('2017-11-20 08:46:34+0000', tz='UTC')}","@azuresupport #azTechHelp Hi Azure, how ca I can I create a new user for ftp access to my virtual machine which is hosted by Azure? @763309 Thank you. One of our engineers will reach out as soon as possible.  ^SB @763309 If the issue is urgent we recommend filing a support case here: https://t.co/ZyL8ggYqRm. Feel free to keep us updated ^SB",The customer is asking that how to create a new user for ftp access to his virtual machine. The agent updated that one of their engineers will reach out as soon as possible and if the issue is urgent they recommend filing a support case over here.,0 days 03:01:56
3949b3da58316f824ac0f5b7d84b176e,"[1337471, 1337472, 1337473, 1337475]","{1337471: Timestamp('2017-10-27 17:41:14+0000', tz='UTC'), 1337472: Timestamp('2017-10-27 13:12:19+0000', tz='UTC'), 1337473: Timestamp('2017-10-27 19:17:01+0000', tz='UTC'), 1337475: Timestamp('2017-10-27 20:52:50+0000', tz='UTC')}","@SpotifyCares why can’t I change songs from my home screen or control center?? @SpotifyCares iPhone 7, iOS 11.0.3, Spotify version 8.4.24.506. Thank you! @211474 Got it. Just to check, did you start getting the issue after updating your OS or app to the latest version? /JM @211474 Could you try logging out, restarting your device, and logging back in? Does that make a difference? /JM","Customer is complaining that they are unable to play songs from their home screen or control center. Agent updates to try logging out, restarting their device and logging back in which helped the customer to resolve the issue.",0 days 07:40:31
b6f0197e2f795274b2b583f0d66187fb,"[1836527, 1836528, 1836528, 1836529, 1836533]","{1836527: Timestamp('2017-10-29 00:55:30+0000', tz='UTC'), 1836528: Timestamp('2017-10-29 00:31:25+0000', tz='UTC'), 1836529: Timestamp('2017-10-29 01:52:23+0000', tz='UTC'), 1836533: Timestamp('2017-10-29 21:41:24+0000', tz='UTC')}","@XboxSupport hello Xbox, my ark: survival game shows that it is corrupt and will not download. Tried uninstalling/reinstalling https://t.co/eRoVzqTgpB @XboxSupport That is what pops up when I try to download it....I’ve tried multiple times as well @550664 Let's have you try resetting your router/modem and power cycling: https://t.co/QENEhDawC3 ^RR @550664 Gotcha. Let's have you try resetting your console following the steps here: https://t.co/K9uQAXh0DA When following 1/2 ^JA","Customer is complaining that download and install a game on Xbox one even after reinstalling. Also states that he is getting an error message that he has tried multiple times. Agent requests to try by resetting the router/modem, power cycle and the gaming console.",0 days 21:09:59
033e77fd078fc2617baa43dfee4bf903,"[1390602, 1390603, 1390606, 1390607]","{1390602: Timestamp('2017-10-28 11:39:42+0000', tz='UTC'), 1390603: Timestamp('2017-10-28 11:38:27+0000', tz='UTC'), 1390606: Timestamp('2017-10-28 11:34:25+0000', tz='UTC'), 1390607: Timestamp('2017-10-28 11:30:22+0000', tz='UTC')}","@115722 wait... you charge for latest episodes on demand now? Are you f'n kidding me? @443464 You can go to the network app and download the app and watch it for free. 
^ADP @443464 You can try the provider’s app and website with your Verizon ID to see if additional shows are available. 
^ADP @VerizonSupport So youre saying that paying for your television service is a waste of money and i should go direct to CBS and Fox to watch TV shows?",The customer was questioning that why he was charged for watching the latest episodes. The agent asked the customer to download the network app and watch it for free.,0 days 00:09:20
0ef930d81651dc0c622809c293eb30ea,"[2367865, 2367867, 2367868]","{2367865: Timestamp('2017-11-26 17:21:36+0000', tz='UTC'), 2367867: Timestamp('2017-11-26 14:57:00+0000', tz='UTC'), 2367868: Timestamp('2017-11-27 08:14:25+0000', tz='UTC')}","@Tesco hello can you help I can't seem to find Bisto original gravy powder in any of my local stores gave you stopped selling it? @683403 Hi Helen, can you dm us your postcode and we can check your local stores for the product? Thanks - Jay @683403 Hi Helen, I have checked the stores local to yourself and can see that there is a large quantity of stock in both the Haydock Vicarage Road Express and the St Helens Extra store. Ty - Darren",Customer asking that she cant find bisto gravy powder  in any local stores. Agent requesting to send her postcode and he will check local stores for the product.,0 days 17:17:25
6df70d8b4c6efa57a8ceae605b7fb1b7,"[825312, 825315, 825315, 825317, 825318]","{825312: Timestamp('2017-10-13 00:34:01+0000', tz='UTC'), 825315: Timestamp('2017-10-13 00:18:11+0000', tz='UTC'), 825317: Timestamp('2017-10-13 00:04:16+0000', tz='UTC'), 825318: Timestamp('2017-10-13 00:06:38+0000', tz='UTC')}","one more week tell goodbye @115714.... HELLO @115911 #UnlockUnlimited #HR4HR #UnCarrier @205485 We would hate to see you leave. Can you let us know why you feel this way? -PP @205485 We saw that you're are service issues. Please send us a Direct Message, so that we can further assist you. -PP @205485 Please send us a Direct Message, so that we can further assist you. -PP",Customer has service issue with respect to network conncetivity. Agent informs customer to send an direct message so that they can assist further.,0 days 00:29:45
25d659cf1ef4559f91897d45b52a59cd,"[285398, 285399, 285403, 285404, 285407]","{285398: Timestamp('2017-10-06 14:15:29+0000', tz='UTC'), 285399: Timestamp('2017-10-06 13:57:43+0000', tz='UTC'), 285403: Timestamp('2017-10-06 14:39:22+0000', tz='UTC'), 285404: Timestamp('2017-10-06 14:48:28+0000', tz='UTC'), 285407: Timestamp('2017-10-06 16:00:07+0000', tz='UTC')}","@AmericanAir why are you SO DELAYED @AmericanAir The plane is broken!!!! This is why I never fly american, Alaska tricked me into buying this flight NEVER AGAIN @183996 We've posted a noon departure for the flight. It can still vary, based on the approval of our mechanic team. @AmericanAir Yeah I can see that, but it also keeps changing. I hope I don’t have to miss a rehearsal dinner because of your failure @183996 You can go here to sign up for notifications in case anything changes: https://t.co/h88H9iXqqT",Customer complaining about delay of his flight as he has an emergency to go for his rehearsal. Agent has posted an update of departure of flight and requested customer to sign up for the further notification.,0 days 02:02:24
f9a88036bb5380ad0ff2c0855bd376af,"[2254618, 2254619, 2254624, 2254625, 2254628]","{2254618: Timestamp('2017-11-11 12:45:33+0000', tz='UTC'), 2254619: Timestamp('2017-11-11 12:49:35+0000', tz='UTC'), 2254624: Timestamp('2017-11-10 22:55:57+0000', tz='UTC'), 2254625: Timestamp('2017-11-10 22:47:24+0000', tz='UTC'), 2254628: Timestamp('2017-11-10 21:46:15+0000', tz='UTC')}","@AmazonHelp Are you kidding me with this? It's less than 90 days since the order was placed plus I have contacted you eleventy million times about it. https://t.co/sEqSDAcz4i @AmazonHelp My second claim doesn’t show up in my orders so I can’t appeal it. Chat dude said it was because it was ‘filed manually’ @530477 I see that a member of our Social Media team is still looking into this and will reach out to you as soon as she has more information. Please keep an eye out for an e-mail. ^WJ @530477 The form will allow us to move forward with the research this order needs. Thanks, ^EM @AmazonHelp But I've already done that and it didn't 'move forward' except in the sense of 75 days instantly becoming 90 days
I've done it again
I have been asking for a refund since September",Customer complaints that he ordered 75 days ago and  missed deadline for claim as its more than 90 days. Agents informs that the form will allow them to move forward with the research on this order and get in touch directly.,0 days 15:03:20
08e9e6fcdc854c5e966c08a32b7a3a90,"[2181778, 2181783, 2181784, 2181807]","{2181778: Timestamp('2017-11-09 17:16:42+0000', tz='UTC'), 2181783: Timestamp('2017-11-09 16:27:37+0000', tz='UTC'), 2181784: Timestamp('2017-11-09 16:14:13+0000', tz='UTC'), 2181807: Timestamp('2017-11-09 16:58:57+0000', tz='UTC')}","#
@GWRHelp hi quick question what time train is there to get to Swindon from Bristol parkway to Swindon? Dan @271250 Hi Dan. You can check times here: https://t.co/nWtsIoe1eP. Lewis @271250 There is a 18.32 and a 19.03 service from Bristol Parkway  - Josh @271250 The 18.03 from Bristol Parkway arrives into Swindon at 18.28 - Josh",Customer is enquiring about the timings of the train. Agent replied that 18.03 from Bristol Parkway will arrive to Swindon at 18.28.,0 days 01:02:29
9e4ee6f513a0ed46bc40b330430d3a39,"[1046865, 1046868, 1046869, 1046870]","{1046865: Timestamp('2017-10-23 10:53:42+0000', tz='UTC'), 1046868: Timestamp('2017-10-23 11:23:38+0000', tz='UTC'), 1046869: Timestamp('2017-10-23 11:24:56+0000', tz='UTC'), 1046870: Timestamp('2017-10-23 11:27:48+0000', tz='UTC')}",@VirginTrains devastated that I booked a ticket for the wrong time and now I have 9 hours to burn 😐 @367452 What type of ticket do you have? ^PA @VirginTrains I bought it in the virgin sale a couple of months ago but for the wrong time - the station said it would be an extra £70 @367452 Unfortunately that is the only way sorry. ^PA,The customer says that he had booked the tickets for the wrong time and ask for a help. The agent responded the customer saying that he would be charged extra.,0 days 00:34:06
f43f6cb22a64dd3f1462d81629b338b0,"[1319585, 1319586, 1319591]","{1319585: Timestamp('2017-10-27 10:00:28+0000', tz='UTC'), 1319586: Timestamp('2017-10-27 08:42:31+0000', tz='UTC'), 1319591: Timestamp('2017-10-27 14:00:19+0000', tz='UTC')}","@O2 Won’t even let me go through to  disconnections. Appreciate its a busy morning but its ridiculous can’t even leave @122677 ... help! @O2 Missed a call from O2 as was in a meeting. Can you please call as yet again I couldn't connect with anyone! @428132 So we can help further, please drop us a DM with your O2 mobile number, Michael &gt; https://t.co/Xe5i4kfJ97",Customer is disappointed with network issue. Agent request customer to DM with his O2 mobile number.,0 days 05:17:48
b3b4584621ad3365d95b7c1766cd54da,"[1513618, 1513621, 1513622, 1513627]","{1513618: Timestamp('2017-11-03 18:00:29+0000', tz='UTC'), 1513621: Timestamp('2017-11-03 17:58:00+0000', tz='UTC'), 1513622: Timestamp('2017-11-03 18:08:43+0000', tz='UTC'), 1513627: Timestamp('2017-11-03 18:52:55+0000', tz='UTC')}",@AmericanAir AA does it again....can't make on line rez. Get msg to all airline. Agent untrained. Try to charge $25+ 4 Imillion mile flyer @471223 We understand how that could be frustrating and apologize if they tried to charge you. Can we help you with anything here? @471223 Please follow and DM your record locator and we'll be happy to share your comments with our leaders in Reservations for internal review. @AmericanAir Which means no credit? As expected,The customer is complaining that he was charged more than once. The agent asking the customer to dm his record locator and will share with the leaders for internal review.,0 days 00:54:55
7c83a94a0ca38bd7727f60bca5487d96,"[859281, 859282, 859282, 859283, 859284]","{859281: Timestamp('2017-10-20 17:46:46+0000', tz='UTC'), 859282: Timestamp('2017-10-20 18:27:57+0000', tz='UTC'), 859283: Timestamp('2017-10-20 16:37:31+0000', tz='UTC'), 859284: Timestamp('2017-10-20 16:34:47+0000', tz='UTC')}","Yo @GloCare how do I get a 4G LTE SIM 

I already have a SIM. @324025 Hello Issa, kindly visit he Gloworld shop with your present SIM, N100 and a valid ID for a 4G SIM replacement.  TT @GloCare Calabar, Nigeria @324025 Visit Gloworld shop or Glo  Zone at locations below.  TT https://t.co/9u6DZUGV2G","Customer is asking how to get a 4G LTE SIM. Agent informed to visit Gloworld shop with the present SIM, N100 and a valid ID for SIM replacement.",0 days 01:53:10
86a678f7826710553afd7385001d2d67,"[2107160, 2107162, 2107165]","{2107160: Timestamp('2017-11-01 18:57:53+0000', tz='UTC'), 2107162: Timestamp('2017-11-08 20:56:01+0000', tz='UTC'), 2107165: Timestamp('2017-11-09 08:20:01+0000', tz='UTC')}","@airtel_care I was charged 10naira for a smart subscription I never requested for, I need the refund of my money 07010039592 https://t.co/s17eiXjMKB @airtel_care The issue has not been resolved...... My money has not been refunded. @425420 Hello @425420, your complaint is being investigated. Please be patient. Thank you. ^Kash.",Customer is complaining about the airtel care for not refund of his money. Agent says that complaint is being investigated.,7 days 13:22:08
92211d08600723b38fcd02d4ebf8d012,"[2362523, 2362524, 2362525, 2362526, 2362527]","{2362523: Timestamp('2017-11-13 21:45:37+0000', tz='UTC'), 2362524: Timestamp('2017-11-13 21:26:46+0000', tz='UTC'), 2362525: Timestamp('2017-11-13 21:24:07+0000', tz='UTC'), 2362526: Timestamp('2017-11-13 21:21:46+0000', tz='UTC'), 2362527: Timestamp('2017-11-13 21:19:31+0000', tz='UTC')}","@VirginTrains dreadful service. Have spent the last hour trying to contact after sales to sort out a problem with an m ticket. Waited 30 mins on phone and got cut of from live chat. #notfastandimfurious @682157 Our Aftersales team are receiving a high volume of calls this evening, Caroline. Sorry to hear you were cut off ^CB @VirginTrains I need someone to sort out my ticket. I've paid. I can't load it onto the app. I would like to fetch it from the station to make sure I can travel . This is ridiculous! @682157 The Aftersales team would be best placed to assist with any issues on the app. It's not possible to alter the delivery method of the fare after purchase ^CB @682157 I'm afraid those are the only ways to reach the Aftersales team this evening ^CB",Customer is complaining that he had spent the last hour trying to contact after sales to get sort out a problem with an m ticket. Agent updated that they can be reach on number or through live chat.,0 days 00:26:06
5ca977bf826d58f3d8b87ab43facdb52,"[94519, 94532, 94535, 94536]","{94519: Timestamp('2017-11-30 15:12:50+0000', tz='UTC'), 94532: Timestamp('2017-10-25 13:18:47+0000', tz='UTC'), 94535: Timestamp('2017-10-25 07:13:43+0000', tz='UTC'), 94536: Timestamp('2017-10-24 21:40:47+0000', tz='UTC')}","@GloCare I don't remember subscribing to any caller tune but glo deducted my credit pls the remaining balance has disappeared @136527 Hello Aminu, kindly deactivate the Caller Tune by sending DEREG to 7728.  TT @GloCare Please I want to know the call tariff I'm on because I'm being charged N12 instead of N9 as in gbam plus tnx @136527 Hello Aminu, we a,apologize about it. Issue has been escalated to the unit in charge for assistance. Thank you. SO",Customer is complaining about subscribing callertune. Agent is replying that deactivate the caller tune by sending DEREG to 7728.,36 days 17:32:03
f1636d4ce122808f0482b3ff5201ae75,"[2123388, 2123391, 2123396, 2123397]","{2123388: Timestamp('2017-11-08 17:36:15+0000', tz='UTC'), 2123391: Timestamp('2017-11-08 18:57:10+0000', tz='UTC'), 2123396: Timestamp('2017-11-08 17:15:39+0000', tz='UTC'), 2123397: Timestamp('2017-11-08 17:14:35+0000', tz='UTC')}","It’s amazing how @AmericanAir could check a bag on a non-code share airline through in the past, but now useless, rude, agent Rob in MSP! @163648 We've made changes recently to our baggage policy, so it may not be possible. Our apologies for any rudeness you received. @163648 We're only seeing you booked on a one way flight, Jason. Please DM your record locator and we'll look into it. @163648 We know it's disappointing. The policy has recently changed, and bags are only checked to the destination of the each ticket.",Customer complaining about American air check the baggage non code share air line from past but now its not. Agent updated  that the baggage policy was  made changes recently and bags are only checked to the destination of each ticket.,0 days 01:42:35
249c36a2982b47b666a0b7e9ade8275e,"[2098245, 2098248, 2098248, 2098251]","{2098245: Timestamp('2017-11-08 03:54:25+0000', tz='UTC'), 2098248: Timestamp('2017-11-08 01:45:54+0000', tz='UTC'), 2098251: Timestamp('2017-11-08 00:02:16+0000', tz='UTC')}","@Ask_WellsFargo I just do not understand this vending machine language at all. Super creepy @619843 We appreciate the feedback, Jen. Did you visit a specific branch? If so, provide the address so I can share this properly. ^EB @619843 I appreciate you providing your input. I'll be sure to share your feedback with our support team. ^CS","The customer is asking why the vending machine not working because of which no one could do any transactions. The agent asks which specific branch the customer visited, the address of the branch and says they would share the feedback with their support team.",0 days 03:52:09
431171c875dca4ae5cc7d9a16724e8bd,"[2591289, 2591290, 2591292, 2591294, 2591296, 2591297]","{2591289: Timestamp('2017-11-17 01:42:17+0000', tz='UTC'), 2591290: Timestamp('2017-11-17 01:57:10+0000', tz='UTC'), 2591292: Timestamp('2017-11-17 01:38:44+0000', tz='UTC'), 2591294: Timestamp('2017-11-17 02:15:25+0000', tz='UTC'), 2591296: Timestamp('2017-11-17 01:35:51+0000', tz='UTC'), 2591297: Timestamp('2017-11-17 01:26:27+0000', tz='UTC')}",#celtics #NBAonTNT anone else having crap streaming quality with #xfinity and the game... @238592 I can look into your streaming issues. Please DM me so I can help. -GR @comcastcares every 5 minutes a 30 second pause then it comes back all pixelated until a commercial which is crisp... @comcastcares laptop..commercials are CRISP and no issues...then goes to TNT games and then pixelated...can watch a CNN Stream at same time...crisp... seems like a TNT feed issue @comcastcares now it is hiccuping every 30 seconds...the stream sucks @comcastcares Hard to say..streamign has been pretty rock solid...this is not good though.,Customer complains about the streaming issue with #xfinity and the game. Agent states that this is TNT quality issue and said that this issue will be forwarded to correct team.,0 days 00:48:58
9cf97348b75a56d6d5f33ca04df355f0,"[232068, 232070, 232071, 232077, 232078]","{232068: Timestamp('2017-10-05 10:29:52+0000', tz='UTC'), 232070: Timestamp('2017-10-04 06:19:08+0000', tz='UTC'), 232071: Timestamp('2017-10-05 16:24:59+0000', tz='UTC'), 232077: Timestamp('2017-10-04 05:51:24+0000', tz='UTC'), 232078: Timestamp('2017-10-04 05:42:58+0000', tz='UTC')}","@idea_cares 2 Why a customer should suffer due to communication gaps between idea and third party apps. I want exact offer u showcasd In app https://t.co/lbl5D4Jn5o @171252 We are sorry for the inconvenience caused to you. We have your contact details. We will get back to you shortly.
Regards,Neha L @idea_cares I did mail them details. Expecting true solution other than apologies and server downs. Travelled 10 yrs with idea,can guess ur response @171252 As checked, Your concern is in progress and we are working on the same. Pls allow us some time to update you on the same. @idea_cares Just want to ask you one thing.is this the normal pace you work or Is this the way you make customer forget issue #IdeaCustomerCare #Issues",Customer is complaining that communication gap between idea and third party apps. Agent updated that they like to inform that this offer applicable only from idea app and amp .,1 days 10:42:01
4d1fa7d646e6a5493bc893f4ee1c0acb,"[1217801, 1217803, 1217810]","{1217801: Timestamp('2017-10-25 14:15:54+0000', tz='UTC'), 1217803: Timestamp('2017-10-25 12:42:01+0000', tz='UTC'), 1217810: Timestamp('2017-10-25 15:14:28+0000', tz='UTC')}","When @116130 make a playlist for you. Is there anyway to save it. Or just save individual? @405756 Hey Danni! You just need to follow the playlist so you don't miss out. You can also add all the songs to a new playlist 🙂 /NG @405756 1: We're afraid the option we've mentioned above is not available on your Android device right now. Not to worry, you can always add... /NG",The customer is asking that is there are any ways to save a playlist. The agent responded him that the option was not available in android.,0 days 02:32:27
930ed47280b9656b912371e7b5ee9ec0,"[2012787, 2012789, 2012790, 2012793]","{2012787: Timestamp('2017-11-09 15:32:12+0000', tz='UTC'), 2012789: Timestamp('2017-11-09 16:20:59+0000', tz='UTC'), 2012790: Timestamp('2017-11-09 14:28:02+0000', tz='UTC'), 2012793: Timestamp('2017-11-07 21:23:39+0000', tz='UTC')}","@116988 hello, I’m having an issue with a prepaid card I purchased is there someone I can talk to? @595159 Good morning. We'd like to assist, however we do not have access to the Prepaid Platform via this channel. Please call @AskAmex But when I call all it does is tells me my balance on th card @595159 Please press zero and # (repeatedly) until a rep is on the line.^In",Customer faceing issue with purchased prepaid card. Agent informs customer to call on number back of the card for assistance.,1 days 18:57:20
52bebfbc89ff9c3ac569a9e3d522011c,"[1561703, 1561706, 1561708, 1561709, 1561709]","{1561703: Timestamp('2017-10-17 04:36:55+0000', tz='UTC'), 1561706: Timestamp('2017-10-17 04:52:54+0000', tz='UTC'), 1561708: Timestamp('2017-10-17 05:17:36+0000', tz='UTC'), 1561709: Timestamp('2017-10-17 05:09:05+0000', tz='UTC')}",@SW_Help nice hasn’t left the first station and late already. Impressive @SW_Help Oh good. That makes it all ok then!! Don’t worry about the huge amount of people that will now be late @465575 Due to leaving Reading late your train was behind a GWR service. You are no longer behind this train and should lose no further time. ^MB @SW_Help Nice your guard is giving a completely different reason for the delay. Need to get your stories straight,Customer is complaining that the train has not yet left the first station and late already. Agent updated that due to leaving reading late your train was behind a GWR service.,0 days 00:40:41
5ee4820e6c01543df64da885e9e2c515,"[742184, 742185, 742185, 743984, 743986]","{742184: Timestamp('2017-10-11 15:00:43+0000', tz='UTC'), 742185: Timestamp('2017-10-11 15:21:04+0000', tz='UTC'), 743984: Timestamp('2017-10-11 15:45:38+0000', tz='UTC'), 743986: Timestamp('2017-10-11 15:25:04+0000', tz='UTC')}","@115890 @121548 @HPSupport Oh almost didn't mention I've got auto updates turned off yet it still did an update @297482 Hey there, saw your tweet! The failure ID indicates a hard drive failure. Please contact HP phone support for service options. ...1/2 @297482 A software update cannot cause a hardware failure. It's just a bad coincidence. Please contact HP phone support for service options. ^Anoop @297482 Please do not worry. Just contact our phone support team and they should be able to help you. ^Anoop",Customer having an issue with laptop. Agent updated that failure ID indicates a hard drive failure So that please contact HPSupport for service options.,0 days 00:44:55
06038c42edfe3321556e51947cd208d0,"[919026, 919027, 919029, 919032, 919032, 919033, 919034, 919034]","{919026: Timestamp('2017-10-21 10:30:19+0000', tz='UTC'), 919027: Timestamp('2017-10-21 11:06:23+0000', tz='UTC'), 919029: Timestamp('2017-10-21 13:31:29+0000', tz='UTC'), 919032: Timestamp('2017-10-21 18:33:41+0000', tz='UTC'), 919033: Timestamp('2017-10-21 18:42:53+0000', tz='UTC'), 919034: Timestamp('2017-10-21 10:15:12+0000', tz='UTC')}","Trying to get through to @Tesco on the phone is like some cruel puzzle! 😂 I just need to know if they have Cat Carriers! @338169 Hi Tina, were you able to get the answer you were looking for? - Beth @Tesco Eventually. Could have walked there in that time though 🙈 I'd suggest trying the phoneline yourself &amp; you'll understand the pain. @338169 I can log your feedback on to our system internally so that your feedback is reviewed. Thank you - Brooke  2/2 @338169 Hi Tina, If you would like we can try get a hold of the store your after? or we can look for the product for you. Thank you - Brooke @Tesco Thank you, I've managed now though.",Customer is asking that they trying to get  through @ Tesco  on the  phone like some cruel puzzle. Agent is replying that were you able to get the answer you were looking for.,0 days 08:27:41
0c7ca829dad9d8f0199db931d8b861b3,"[1953425, 1953426, 1953434, 1953436]","{1953425: Timestamp('2017-11-16 20:24:27+0000', tz='UTC'), 1953426: Timestamp('2017-11-16 20:28:29+0000', tz='UTC'), 1953434: Timestamp('2017-11-16 11:30:28+0000', tz='UTC'), 1953436: Timestamp('2017-11-16 11:27:04+0000', tz='UTC')}","@115830 I then had to wait nearly 2 days for an email reply and still haven't had a refund I never complain in this manner but you don't seem to care about customers #tobigtocare 😠 @579940 Sorry to hear of the poor experience you have had. Did you receive confirmation of the refund in the email? ^ES @AmazonHelp Hi I've still not had an email or message or anything have you any idea how long this will take ?  Thank you @579940 After providing your information within the given link, you may receive a response between 24-48 hours. ^WM","The customer says he had to wait nearly 2 days for an email reply and still haven't had a refund and asks how long will it take to get reply. The agent asks whether the customer received any confirmation code and says after providing customer's information within given link, he may receives response between 24-28 hours.",0 days 09:01:25
1f0a9949ec7c6c1755dc7059dd956fc8,"[1487865, 1487867, 1487873]","{1487865: Timestamp('2017-11-03 05:36:56+0000', tz='UTC'), 1487867: Timestamp('2017-11-03 05:15:00+0000', tz='UTC'), 1487873: Timestamp('2017-11-03 17:10:35+0000', tz='UTC')}","@idea_cares has supreme court passed an order to link aadhar wid mobile no.? @465574 As it is made mandatory by DOT to link aadhar card,Please click the following link for more info https://t.co/MwGmGDaoA3 @465574 As instructed by the Government of India, it is now mandatory to link your mobile number with your Aadhaar. 2/3","Customer esquires about linking Aadhaar with mobile number. Agent informs customer that as instructed by the Government of India, it is now mandatory to link mobile number with your Aadhaar.",0 days 11:55:35
39a1ba3b5bb0f486afa4698436ee7c5e,"[1541890, 1541893, 1541893, 1541895, 1541896]","{1541890: Timestamp('2017-11-03 22:52:01+0000', tz='UTC'), 1541893: Timestamp('2017-11-03 22:37:41+0000', tz='UTC'), 1541895: Timestamp('2017-11-04 02:39:31+0000', tz='UTC'), 1541896: Timestamp('2017-11-04 03:01:28+0000', tz='UTC')}","@115821 4th broken item received by Amazon in 2 months. Done, and recommend you purchase straight from the manufacturer/company. @188736 I'm sorry to hear about this! We'd like to help the best we can. To confirm, which Amazon marketplace did you order from? ^HC @AmazonHelp Yes..the 40+ items i've ordered totalling several thousand dollars have all been thru Amazon directly. @188736 Thanks for clarifying. Options for refund/replacement of the damaged item can be viewed here: https://t.co/Y5jpI9gRhE. ^SH",Customer is complaining that the broken item is received from the amazon. Agent updated the options of refund or for the replacement of the damaged item.,0 days 04:23:47
10343db1a73c0415c284896c66d74f99,"[2931812, 2931813, 2931816]","{2931812: Timestamp('2017-11-29 08:23:14+0000', tz='UTC'), 2931813: Timestamp('2017-11-29 08:21:55+0000', tz='UTC'), 2931816: Timestamp('2017-11-29 08:15:20+0000', tz='UTC')}","Hi! Any reason why my @VirginAtlantic flight for this afternoon is already delayed of 1hr20min? @119137 @810893 This is due to one of our aircraft being unexpectedly taken out of service Sara. We've tried to avoid a delay but unfortunately despite our best efforts it's been unavoidable. sorry for any inconvenience. ^G @VirginAtlantic Thank you for the explanation! With the delay, until what time the check-in will be open?","The customer is asking whether there is any reason why his @VirginAtlantic flight for that afternoon is already delayed of 1hr20min and asks with the delay, until what time the check-in will be open. The agent informs that the delay is due to one of their aircraft being unexpectedly taken out of service.",0 days 00:07:54
0ade32c3ebc739d3f7dbcb536bf49885,"[1836911, 1836913, 1836916, 1899233]","{1836911: Timestamp('2017-10-18 06:05:26+0000', tz='UTC'), 1836913: Timestamp('2017-10-18 05:51:36+0000', tz='UTC'), 1836916: Timestamp('2017-10-18 11:58:46+0000', tz='UTC'), 1899233: Timestamp('2017-10-18 12:52:00+0000', tz='UTC')}","I’m completely fed up with you. Your services are getting worse. Bye Bye @116331 https://t.co/OCfKvE789Q @550749 We domn't want to loose you as a customer,As checked the balance has been deducted for internet usage.
Regards,
Amruta @idea_cares Once again my balance has been deducted... and I am still in wifi network. 😡😡😡 https://t.co/ySMC50hg5X @550749 Your request is still in progress, please bear with us for some time and you will get the positive resolution soon.Rgds,Sagar.",Customer is complaining about service and balance got deducted but still in wifi network. Agent inform that balance got deducted because usage of internet and informed to bear sometime for the positive resolution.,0 days 07:00:24
8dbedf6699be3ffdae313161b8a207a2,"[2163011, 2163014, 2163015, 2163017, 2163018]","{2163011: Timestamp('2017-11-09 08:59:26+0000', tz='UTC'), 2163014: Timestamp('2017-11-09 08:52:49+0000', tz='UTC'), 2163015: Timestamp('2017-11-09 08:51:41+0000', tz='UTC'), 2163017: Timestamp('2017-11-09 08:49:06+0000', tz='UTC'), 2163018: Timestamp('2017-11-09 08:43:54+0000', tz='UTC')}","@LondonMidland hello can you please tell me whether I can use this pass for Warrington to euston train on Saturday? https://t.co/uqEENhRgZz @520594 Hi, we do not run from Warrington and they are only valid to use on London Midland services. @520594 you can go from Lime St. There will be a change at Crewe or Stafford or you can go via Birmingham New St as long as it's with us! @LondonMidland Thanks for the help? Do we need to purchase tickets or can we just get on train and show our passes to conductor? @520594 yes, no need to book or buy anything else, just show them to platform &amp; on board staff as you go",Customer inquiring about the train pass. Agent suggest customer not to buy any tickets as the pass is enough for journey.,0 days 00:15:32
a01ee5b7e83fa7ebc0d6ab083d857642,"[1307542, 1307543, 1307544, 1307551, 1307553]","{1307542: Timestamp('2017-10-17 23:31:13+0000', tz='UTC'), 1307543: Timestamp('2017-10-17 23:31:29+0000', tz='UTC'), 1307544: Timestamp('2017-10-18 00:04:14+0000', tz='UTC'), 1307551: Timestamp('2017-10-17 21:54:54+0000', tz='UTC'), 1307553: Timestamp('2017-10-17 21:23:15+0000', tz='UTC')}","@XboxSupport opponent not found FIFA17 on xbox360 (NAT1 and all ports are open) help me! @425556 Hey there. Are you still unable to find a match? If so can you dm your GT and a picture of your Network Statistics? ^IS @425556 Thanks for that info. To be sure, are you able to find online matches on other games? Have you tried resetting your ^AK @425556 network by unplugging your router and modem for a solid 5 minutes? ^AK @XboxSupport Yes, i try with wolfenstein but i can’t play in new match on line",Customer is complaining that the opponent not found FIFA17 on xbox 360. Agent suggest him to send a picture of what is appearing on the screen when they are unable to play online.,0 days 02:40:59
067dce56d429db833839c98a3e029aa0,"[2709090, 2709092, 2709095, 2709096]","{2709090: Timestamp('2017-11-19 21:57:06+0000', tz='UTC'), 2709092: Timestamp('2017-11-19 20:56:25+0000', tz='UTC'), 2709095: Timestamp('2017-11-19 20:50:26+0000', tz='UTC'), 2709096: Timestamp('2017-11-19 20:40:32+0000', tz='UTC')}","Not good on a Sunday Night when your online platform says the website's security has expired @4166 - please fix it before we need it in the morning! #notimpressed #Mfltwitterati @760758 Our apologies. May we ask what specific website, are you trying to access and please send us a screenshot of the message.

Thank you. @760758 Sorry for the trouble. 
Please do this https://t.co/nZOnve6rbR then this https://t.co/zh0RHgqZJA and try to access here:
https://t.co/gKXOIsbon2

Let us know if this will work for you.

Thank you. @PearsonSupport No change as I am not prepared to change my internet security settings. It's the website which has no current valid security certificate. Hope it is resolved as soon as the UK offices open tomorrow morning. Please can you make sure they are aware.",The customer is saying that it says website's security has expired when he is in online platform and asks to resolve the issue before the uk office opens the next day morning. The agent asks the screenshot of the message and sends some of the links to resolve the issue to the customer.,0 days 01:16:34
88719b9b6a614d121c521de9e559bdee,"[2254783, 2254784, 2254785, 2254786, 2254789]","{2254783: Timestamp('2017-11-10 23:58:43+0000', tz='UTC'), 2254784: Timestamp('2017-11-11 00:04:23+0000', tz='UTC'), 2254785: Timestamp('2017-11-10 23:55:17+0000', tz='UTC'), 2254786: Timestamp('2017-11-11 00:20:02+0000', tz='UTC'), 2254789: Timestamp('2017-11-11 00:26:33+0000', tz='UTC')}","Damned if I ever set foot on a @SouthwestAir flight again. Response to the #MCO hiccup has been a comedy of errors. We're still imprisoned in the plane now, an hour and a half after they reopened the terminal. @656760 We apologize for the issues tonight. Please know this is a security issue that is affecting all airlines flying in and out of Orlando. ^CC @SouthwestAir Yes, and it's been resolved. For. Over. An. Hour. Southwest employees are confining us on an *inbound* flight, instead of letting us get off to the terminal which, again, *is already cleared.* That's not on security. That's on you. @656760 It actually has not been resolved. The terminal is currently closed to all Passengers. ^CC @SouthwestAir @126260 Yes. I know you're giving me incorrect information. That's why I'm trying to set you straight so you can find out who's responsible for the three hours time I'll have to bill you for.",Customer is complaining about the terminal of the flight. Agent updates that they will have on their way ASAP.,0 days 00:31:16
b9a16504b52ba922c1027ae4d7557f15,"[23602, 23603, 23608, 23608, 23609]","{23602: Timestamp('2017-11-01 09:23:13+0000', tz='UTC'), 23603: Timestamp('2017-11-01 09:28:35+0000', tz='UTC'), 23608: Timestamp('2017-11-01 08:27:11+0000', tz='UTC'), 23609: Timestamp('2017-11-01 08:22:56+0000', tz='UTC')}","@SW_Help any reason for the last minute cancellation of the 8:25 SUR to WAT? #Delays @121111 Hello, on the previous journey, the train encounter a fault causing a delay to the next journey. This is the reason the train ran fast. ^AE @SW_Help Some great generic info good work by the comms team. Any detailed info about when improvements will be seen at stations other than Windsor? @121111 I would suggest to keep checking the website for future announcements. Updates will be posted there.  ^AE","The customer asks what was the reason for last minute cancellation of the 8:25 SUR to WAT and asks for detailed info about when improvements will be seen at stations other than Windsor. The agent informs that on the previous journey, the train encountered a fault causing a delay to the next journey, that is the reason the train ran fast and suggests to keep checking the website for future announcements.",0 days 01:05:39
7af386f7ec6c217dcd9bb516afebc9e4,"[2733100, 2733101, 2733103, 2733105, 2733106]","{2733100: Timestamp('2017-11-20 16:25:21+0000', tz='UTC'), 2733101: Timestamp('2017-11-20 14:04:31+0000', tz='UTC'), 2733103: Timestamp('2017-11-20 18:28:48+0000', tz='UTC'), 2733105: Timestamp('2017-11-20 21:20:56+0000', tz='UTC'), 2733106: Timestamp('2017-11-20 21:19:29+0000', tz='UTC')}","@Tesco searching google for a PS4 highlighted your £199.99 offer in store (500gb plus FIFA 18) Went to store to be told it is not a genuine offer. Can this be removed? Very misleading! @Tesco Hi, open google, type in PS4 and it is top of the list for shopping on the right of the page @766089 Hi Mark, thanks for getting back in touch. It looks like this is through an outward link. As our direct site and stores are separate areas of the business with their own stock, promotions and prices can sometimes vary 1/2 @766089 Hi Mark, I'm sorry regarding this situation, allow us to elaborate. This is an offer we previously had as an online deal, as such some search engines will still contain cached results of our products and deals.

1/2 @766089 We therefore cannot be held responsible for any offers that aren't directly on our page as we have no control over cached versions of search results. Hope this makes sense, let us know if we can help further. - Thanks - David

2/2","Customer is complaining that they found PS4 highlighted their $199.99 offer in store when searched in google, when they visited the store, they got to know that the offer was not genuine. Agent updates that this offer they had previously for an online deal and they are not responsible for any offers which are not directly from their own page.",0 days 07:16:25
c8ebcad951b899f42589542bc9dd76ea,"[2257255, 2257256, 2257257, 2257262]","{2257255: Timestamp('2017-11-11 00:39:55+0000', tz='UTC'), 2257256: Timestamp('2017-11-11 00:36:13+0000', tz='UTC'), 2257257: Timestamp('2017-11-11 00:31:55+0000', tz='UTC'), 2257262: Timestamp('2017-11-11 00:24:53+0000', tz='UTC')}","@VerizonSupport I want to call up and get xfinity but my verizon phone isn't working. @653977 Thank you, was the phone service interrupted/suspended? ^JRA @VerizonSupport I KNOW THAT I DON'T HAVE A DIAL TONE AND CAN'T CALL OUT OR RECEIVE CALLS. @653977 Tom, Please send us a DM so we can access your account.
^NHP",Customer is complaining about the Verizon phone that isn't working. Agent enquires about the phone service and requests for DM to access the account.,0 days 00:15:02
2797241cdc8ed398482bd4d1da11d92d,"[402319, 402320, 402322, 402331, 402333]","{402319: Timestamp('2017-10-09 20:00:50+0000', tz='UTC'), 402320: Timestamp('2017-10-09 20:26:05+0000', tz='UTC'), 402322: Timestamp('2017-10-09 20:41:14+0000', tz='UTC'), 402331: Timestamp('2017-10-10 09:56:50+0000', tz='UTC'), 402333: Timestamp('2017-10-09 11:18:12+0000', tz='UTC')}","@115888, why can't listen to @18979 anymore? 🙁 @211169 Hi Ana, help has arrived. Are you getting an error message when trying to listen to The xx? We'll take a look /ME @SpotifyCares Thanks! No error message, I just press PLAY but nothing happens. I've tried it on other artists as well and I get the same issue @211169 Can you send over your device model/operating system and the Spotify version you're using? We'll see what we can suggest /ME @211169 Can you DM us your account's username or email address? We'll check things backstage /MU https://t.co/ldFdZRiNAt","The customer says that he can't listen to @18979 anymore and says that he is not getting any error message but nothing happens when he just pressed PLAY. The agent asks whether the customer getting any errror messages when tries to listen to The xx, then asks to send over device model/OS and the spotify version and then to DM customer's account username or email address.",0 days 22:38:38
34bc20f0479798b719171dd7de8a5983,"[875389, 875390, 875391, 880173, 880174]","{875389: Timestamp('2017-10-20 15:48:00+0000', tz='UTC'), 875390: Timestamp('2017-10-20 18:18:48+0000', tz='UTC'), 875391: Timestamp('2017-10-20 19:19:10+0000', tz='UTC'), 880173: Timestamp('2017-10-20 21:47:14+0000', tz='UTC'), 880174: Timestamp('2017-10-20 21:47:11+0000', tz='UTC')}","@Tesco you continue to exasperate your customers. Your Rugeley store tell me there is no party food deal! Why print it on your packaging? https://t.co/bphvAwlDlR @327838 Hi Ian, this does look rather strange that these are on sale saying they're part of a food deal and there is no deal. 1/2 @327838 Hi Ian, the 3 for 2 deal begins on Monday and will run until the first week of January. Kind regards - Rhys @327838 Hi Ian, I have spoke to my colleagues at that store they have advised me they aren't fully advertising the promotion until Monday 1/3 @327838 We like to get as much product onto the shop floor and we would view these as an individual food party deal. 2/3",Customer is asking about the rugeley store that why they are not dealing with party food. Agent says that to get as much product on to the shop floor and we would view these as an individual food party deal.,0 days 05:59:14
7d9654c27255bf7a42338640c0ad93f7,"[1298632, 1298634, 1298639, 1298640, 1298644]","{1298632: Timestamp('2017-10-26 22:58:14+0000', tz='UTC'), 1298634: Timestamp('2017-10-26 22:24:25+0000', tz='UTC'), 1298639: Timestamp('2017-11-04 22:33:04+0000', tz='UTC'), 1298640: Timestamp('2017-11-04 22:42:20+0000', tz='UTC'), 1298644: Timestamp('2017-11-04 19:41:01+0000', tz='UTC')}","@ComcastCares
#mobile_Care I noticed a fallen tree limb being held by the internet wires. How can this be resolved? https://t.co/BCpWaoScMH @423503 Oh no! I would be happy to help. Please DM me your address and number so I can get your account pulled up. -AR @423503 Tree limbs are not something we fix as we do not trim trees. We only tend to the lines. Is the limb still resting on it? -ZL @423503 Thank you for the pic. Tech ops is going out to look at this to determine if this is a service line or main line and what to do with it. -ZL @comcastcares Hi, a guy just came out and left. Not that i would have known, but it’s an At&amp;t line. Now I need to contact them. Thanks for all your help.",Customer is having an issue with tree limb being held by the internet wires. Agent informed the customer that tree limbs are not something they can fix and  only tech options is going out to look at this issue.,9 days 00:17:55
20ad1a6d6b053305e4634acfd7890fef,"[2426538, 2426539, 2426540, 2426545]","{2426538: Timestamp('2017-11-14 19:32:44+0000', tz='UTC'), 2426539: Timestamp('2017-11-14 23:58:19+0000', tz='UTC'), 2426540: Timestamp('2017-11-14 09:29:33+0000', tz='UTC'), 2426545: Timestamp('2017-11-15 20:11:37+0000', tz='UTC')}","@AirAsiaSupport @115802 Hi, I do need a favor to correct spelling name.my flight will be on next week. please reply my dm @696781 Hi, you would need to submit web form https://t.co/yUyvTZDtHT and attach passport copy for verification and correction. - Ed @AirAsiaSupport i had been sending but not respon.can u help me via twitt? @696781 Kindly DM us with the passport copy so we would be able to verify and correct accordingly. Thanks - Ed",Customer is inquiring about correcting the spelling of his name on the flight ticket. Agent is requesting for passport copy in order to proceed with it.,1 days 10:42:04
f3c006d7036001f3da8cdce865bd7ac9,"[1704814, 1704816, 1704818, 1704821, 1704825]","{1704814: Timestamp('2017-11-06 22:19:09+0000', tz='UTC'), 1704816: Timestamp('2017-11-06 19:14:34+0000', tz='UTC'), 1704818: Timestamp('2017-11-06 22:19:09+0000', tz='UTC'), 1704821: Timestamp('2017-11-06 19:12:25+0000', tz='UTC'), 1704825: Timestamp('2017-11-04 19:50:27+0000', tz='UTC')}","@Tesco Seriously first world problem, but can you try and encourage stores not to refrigerate red wine provided with the finest meal deal? @233806 Hi Joseph, I can understand your frustration and you're not alone. We need to display all of the Meal Deal options together. 1/2 @Tesco I understand 👍🏼 @marksandspencer have a separate area for wine — another option would be to include the meal deal wine with the normal wine? @233806 Could you please DM us your full name and e-mail? TY - Eve 2/2 @233806 Hi Joseph, I'm sorry to hear that the wine is refrigerated. I can assure I will log your feedback on our system for review. 1/2",Customer is complaining about wine is not refrigerate. Agent informed the customer that they will need to display all of the Meal Deal Options together and informed the customer to DM with Full name and E-mail.,2 days 02:28:42
a9657cc81ad2272943945304b46a73e9,"[1517695, 1517696]","{1517695: Timestamp('2017-10-16 23:42:54+0000', tz='UTC'), 1517696: Timestamp('2017-10-17 03:26:46+0000', tz='UTC')}","I wanna know why Este Corazon is the only RBD song I can find on @115888 @472114 Fingers crossed we'll be able to have all of their songs soon, but there's info about Spotify content here: https://t.co/0i8GpimuDa /CH",The customer is complaining that he can only find rbd song. The agent responded that they will be having all of the songs soon.,0 days 03:43:52
65e2fc448ac0de066241457338241bfd,"[1525, 1526, 1529, 1531, 1532, 1536, 1537, 1538, 1539]","{1525: Timestamp('2017-10-31 22:04:00+0000', tz='UTC'), 1526: Timestamp('2017-10-31 22:46:39+0000', tz='UTC'), 1529: Timestamp('2017-10-31 23:00:55+0000', tz='UTC'), 1531: Timestamp('2017-10-31 23:53:43+0000', tz='UTC'), 1532: Timestamp('2017-11-01 05:15:31+0000', tz='UTC'), 1536: Timestamp('2017-11-01 05:07:29+0000', tz='UTC'), 1537: Timestamp('2017-11-01 05:06:43+0000', tz='UTC'), 1538: Timestamp('2017-11-01 08:05:19+0000', tz='UTC'), 1539: Timestamp('2017-11-01 08:04:54+0000', tz='UTC')}","@115937 Estimated delivery Wed, 25 Oct - Fri, 27 Oct
You have paid using PaisaPay on 21/10/17. 
but i havent received it yet on 1/11/17. @116025 The seller should have delivered it by then, but as you don't have it just see https://t.co/Yh3pSrspGY if the seller can't help! ^D @116025 The contract is between you and the seller! They shipped it, but we protect you if you didn't get it if you open a case. ^D @116025 Did you view our link? We can give a refund if you don't get it! Just look at our guarantee for steps on activating it. ^D @AskeBay I am looking for the product. Let me tell you something. I bought a similar product on 9th of this month. But that was damaged  . @AskeBay and so you have provided me the refund for that. But as I was mad about this product so I ordered the same product on 21st . @AskeBay I would appreciate that I got the refund of my previous damaged product from eBay. But where are the timelines for delivery. @116025 Thank you for your reply. The estimate delivery date for this order will be available to view in your ‘Purchase History’.1/2 @116025 If you still can't see this, please DM us your full name, Zip code &amp; item number &amp; we'll advise on this date for you. 2/2^ML","Customer is complaining about the worst service where they have not received the product yet though they have crossed the timeline. Agent request to DM their name, zip code &amp, item number &amp for further assistance to know the date.",0 days 10:01:19
4dddde8231f9550ab6b3a6023c836b80,"[2416059, 2416062, 2416065, 2416748]","{2416059: Timestamp('2017-10-29 08:57:58+0000', tz='UTC'), 2416062: Timestamp('2017-10-29 08:49:12+0000', tz='UTC'), 2416065: Timestamp('2017-10-29 09:21:38+0000', tz='UTC'), 2416748: Timestamp('2017-10-31 18:26:28+0000', tz='UTC')}","@safaricom_care kindly help me my line 0726668629 doesn't connect data bundles @694399 Hi, your line is okay. You're unreachable for further instructions. Kindly restart your device and a test. ^NO @694399 We have reset the line, restart your phone. Then go to settings, wireless and networks, mobile networks, network mode and ...... @694399 2/2 Also note if you have an outstanding Okoa Jahazi you cannot transfer or receive Bonga points. ^PW",Customer is requesting to help their line 0726668629 which is doesn't connect data bundles. Agent updates that the line has been reset and requests to restart their phone.,2 days 09:37:16
7fa1d464199a698c8d4bcee13120b287,"[627999, 627999, 628001, 628004, 628006]","{627999: Timestamp('2017-11-22 15:07:00+0000', tz='UTC'), 628001: Timestamp('2017-11-22 12:40:18+0000', tz='UTC'), 628004: Timestamp('2017-11-22 23:27:26+0000', tz='UTC'), 628006: Timestamp('2017-11-22 23:37:28+0000', tz='UTC')}","@AppleSupport Sharing songs onto Twitter from @115948 no longer shows an artwork preview and details about the music. e.g. “Listen to Controlla by Drake”. Just a link is shared. What has happened? @257978 Let’s look into this together. To begin isolating the issue, can you tell us the device you’re noticing this on? Also, does this occur with one song or multiple? @257978 Which version of iOS do you have installed on your device? You can check this by going to Settings &gt; General &gt; About. @257978 Good to know. We'd like to take a closer look at this with you via DM. Reach out to us via the following link to continue: https://t.co/GDrqU22YpT",Customer is saying like the song link only  have  been posted while sharing a song on twitter. Agent updated the customer to  DM for further assistance.,0 days 10:57:10
2ce6f8e66cb9936734fda414c62b83ca,"[1926733, 1926733, 1926735, 1926736, 1926736, 1926737]","{1926733: Timestamp('2017-10-27 15:32:48+0000', tz='UTC'), 1926735: Timestamp('2017-10-29 14:59:03+0000', tz='UTC'), 1926736: Timestamp('2017-10-27 16:25:59+0000', tz='UTC'), 1926737: Timestamp('2017-10-27 16:26:00+0000', tz='UTC')}","@Tesco I keep finding bits of bone in your 20% fat beef mince... We've found three pieces in one meal today. Surely quality control problem? @468657 Hi there, I'm so sorry this has happened to you. In order for me to deal with this issue properly I'll need you to DM me the following: 1/3 @468657 Your full name &amp; address, the store you visited &amp; the price paid, a photo of the item that contains the barcode and best before date 2/3 @468657 Sadly, as you don't have the packaging I can't feed this back to our suppliers but I can still fully refund you:) Thanks, Calum",Here customer is having quality issue of fat beef mince. Agent take the details  and asked the customer to message him and also  says that he will refund his amount.,1 days 23:26:15
fbd817617078d585211e6b1128eaf1e7,"[1405865, 1405868, 1405870, 1405871, 1405873, 1405875]","{1405865: Timestamp('2017-10-20 02:09:26+0000', tz='UTC'), 1405868: Timestamp('2017-10-20 03:42:20+0000', tz='UTC'), 1405870: Timestamp('2017-10-20 05:54:00+0000', tz='UTC'), 1405871: Timestamp('2017-10-19 14:40:28+0000', tz='UTC'), 1405873: Timestamp('2017-10-19 13:44:51+0000', tz='UTC'), 1405875: Timestamp('2017-10-19 13:33:48+0000', tz='UTC')}","@idea_cares It's been 3 days I have been waiting for my services, none of UR executives were able to listen or solve the issue. @446785 Sorry for trouble. Request no. C1-100743221788 is under process for market move concern and will be sorted asap. Regards, Vicky @446785 Request you to share the two Idea number, so that we can assist you better. Regards, Vicky https://t.co/LBfZgLCSfr @446785 As checked your concern will get resolve by 21/10/2017,Please give us sometime.
Regards,
Amruta https://t.co/LBfZgLCSfr @idea_cares Can i get new SIM immediately activated with same no.s. I am left with no communication, not able to do financial transactions. Can't wait @446785 We request you to visit My Idea store for duplicate sim.
Regards,
Amruta",Customer complains about the service where they are waiting to have a  activation of 2 SIM cards. Agent requested to visit Idea store for duplicate sim.,0 days 16:20:12
7f6ad97e657308d1bd53eabcda2a4044,"[850796, 850805, 850811, 2298688]","{850796: Timestamp('2017-10-20 02:29:07+0000', tz='UTC'), 850805: Timestamp('2017-10-20 00:46:49+0000', tz='UTC'), 850811: Timestamp('2017-10-19 20:11:15+0000', tz='UTC'), 2298688: Timestamp('2017-10-19 20:29:28+0000', tz='UTC')}","@XboxSupport I was playing offline, I finished a game and when I reconnected in xbox live, my achievements did not unlock @XboxSupport Yes, i was online the whole time and I was able to unlock other achievements, but not the story's achievements @322121 That would indicate the proper steps to unlock them have not been taken or did not register. We  1 ^JL @XboxSupport I did again ""A short introduction"" I just have to play dlc's first mission, and the achievement did not unlock https://t.co/Ioep2tfBKe",Customer is complaining that their achievements have not lock when after finishing a game offline and tried to reconnect in xbox live. Agent updates that they will allow the proper teams to be aware of the issue and in meantime they recommended to wait and see if this achievement will unlock on its own.,0 days 06:17:52
0c0f601f14495eb0dcac2bd89acc1326,"[2361301, 2361302, 2361302, 2361305]","{2361301: Timestamp('2017-11-13 21:18:31+0000', tz='UTC'), 2361302: Timestamp('2017-11-13 18:10:47+0000', tz='UTC'), 2361305: Timestamp('2017-11-14 10:32:40+0000', tz='UTC')}","@British_Airways quick question: how can I change the language in which the emails are sent please? My parents don't speak English and I can't find how to set the language to French. @British_Airways How can I make sure the e-mails they receive regarding their booking are in French rather than in English? 
Is there a way to change the default language? @681853 Hi there, we can resend emails in a different language, but we're unable to change the language settings on the booking. If they get in touch, we'll be able to send the email they require. ^Chris",Customer is asking how to change the language English to french. Agent replying that he can resend the mail in a different language but  he cannot change the language settings on the booking.,0 days 16:21:53
c94352a6e267dcb02a6560df9483d87e,"[2820208, 2820210, 2820213]","{2820208: Timestamp('2017-11-27 06:23:00+0000', tz='UTC'), 2820210: Timestamp('2017-11-27 06:18:33+0000', tz='UTC'), 2820213: Timestamp('2017-11-27 09:03:00+0000', tz='UTC')}","I hv requested from Idea postpaid to Idea prepaid its been more thn 24hrs n my number is switched off, visited three idea stores and nobody is giving me proper reply,is this ur level of service #Idea_CARES if u cannot provide proper service then i should switch to other operator @786058 Sorry for the trouble caused, we request you to please share your Idea number and alternate number so that we can solve the issue.

Regards,
jyoti. @786058 Sorry for the trouble caused, we would like to inform you that it takes 7 working days for the post to pre migration process, We request you to please wait.

Regards,
jyoti.",The customer says he requested to migrate his number from postpaid to prepaid but still it has not yet been done. The agent says it would take 7 working days to complete it.,0 days 02:44:27
3e9f0a9304a4ef438aeb10ea8232da35,"[2542023, 2542024, 2542025, 2542028, 2542030]","{2542023: Timestamp('2017-11-16 11:56:54+0000', tz='UTC'), 2542024: Timestamp('2017-11-16 18:44:43+0000', tz='UTC'), 2542025: Timestamp('2017-11-16 11:54:38+0000', tz='UTC'), 2542028: Timestamp('2017-11-16 11:53:29+0000', tz='UTC'), 2542030: Timestamp('2017-11-16 11:37:07+0000', tz='UTC')}","@116245 please could you tell me if your squires gate store in Blackpool Lancashire accepts Apple Pay . Thanks @722748 Hey, we should be able to extend your reservation for a couple of days? If you would like me to do this please DM your reservation number. Natalie @ArgosHelpers I'm just thinking I can pay online to collect but will they accept the card as proof if it is snapped in half ? @722748 Hey, if you pay online for Fast Track collection you will receive an FT number and PIN via text/email and that is all you will need to collect. You will not need your card as proof. I hope this helps. Natalie @ArgosHelpers ive been trying to ring the argos store inside sainsburys at blackpool for 30 mins but no one seems to be answering",Customer asking  agent that  if its there any option for apple pay transaction. Agent provides  information regarding fast tract collection.,0 days 07:07:36
f8e917011412fa8c57c83ef2a74c76cc,"[805268, 805270, 805272, 805274, 805274]","{805268: Timestamp('2017-10-12 17:37:42+0000', tz='UTC'), 805270: Timestamp('2017-10-12 17:55:27+0000', tz='UTC'), 805272: Timestamp('2017-10-12 18:46:26+0000', tz='UTC'), 805274: Timestamp('2017-10-12 19:26:54+0000', tz='UTC')}","@CoxHelp Disconnecting randomly from the internet for up to 30 seconds at a time. @165301 Is this happening all throughout the day, randomly, or during a particular time? Are the lights on the modem going out? -Dustin @165301 Is the power from your modem connected to a surge protector or is it plugged directly into the wall? -Maria @165301 We can schedule a technician to further investigate this issue. DM your availability and a good contact number. -Maria","Customer is having an internet disconnecting issue. Agent asked whether this issue happen all the times or not and asked is the power from the modem  connected to a surge protector or is it plugged directly into the wall ,Finally  informed they will schedule a technician to further investigate this issue.",0 days 01:49:12
85dfd247802f9670fa3686c8d4f0f756,"[755250, 755253, 755255, 755256, 755257]","{755250: Timestamp('2017-10-11 18:08:12+0000', tz='UTC'), 755253: Timestamp('2017-10-13 23:31:28+0000', tz='UTC'), 755255: Timestamp('2017-10-11 18:02:44+0000', tz='UTC'), 755256: Timestamp('2017-10-11 18:00:24+0000', tz='UTC'), 755257: Timestamp('2017-10-11 17:56:05+0000', tz='UTC')}","I really wish @115714 would get its act together and let me have the service I pay for before I find a new cell service. @sprintcare No, everyone with Sprint in our house has service issues. And these problems have been going on for well over a year. So over it! @sprintcare Not only do we have the issues at home, but also out in major parts of town. @300523 @115714 Allow me to assist. Please send us a Direct Message, so that we can further assist you. -AS @300523 Hi there, this is not the way we want our valued customer feel. Please send us a Direct Message, so that we can further assist you. -RM",Customer is complaining about the poor service. Agent request to DM for further assistance.,2 days 05:35:23
fe3ae2b04b3e795b44a0d8be5d2f6cbe,"[979810, 979810, 979812, 979815, 979820]","{979810: Timestamp('2017-10-14 03:52:40+0000', tz='UTC'), 979812: Timestamp('2017-10-14 16:18:48+0000', tz='UTC'), 979815: Timestamp('2017-10-16 06:00:48+0000', tz='UTC'), 979820: Timestamp('2017-10-13 20:26:35+0000', tz='UTC')}",Hey @115888 I can't play any song by @2235 in the app. OP5. I have already un installed and deleted the cache. @SpotifyCares I have already restarted and logged out and it didn't work. The android version is 7.1.1 and the app version is 8.4.22.857. @SpotifyCares Restarting the connection didn't help. I tried it on my laptop and the songs are playing there. @352349 Thanks for giving it a try. Can you DM us your account's email address or username? We'd like to check further /RK https://t.co/ldFdZRiNAt,Customer is complaining that they are unable to play any songs in the app OP5 and they have already uninstalled and deleted the cache. After several try agent requests.,2 days 09:34:13
e3f8331c377ee09773f8040d59369dd6,"[578139, 578141, 578142, 578142, 578146, 578146]","{578139: Timestamp('2017-12-03 10:18:37+0000', tz='UTC'), 578141: Timestamp('2017-12-03 10:16:25+0000', tz='UTC'), 578142: Timestamp('2017-12-03 10:38:52+0000', tz='UTC'), 578146: Timestamp('2017-12-03 10:08:16+0000', tz='UTC')}","@GWRHelp your trains are constantly slow, delayed and uncomfortable. Get faster trains. @GWRHelp I travelled on the 9:35 am Cardiff to Paddington yesterday which was delayed. And plodded along at slow speed.🚂 @256086 I can see there was a 0926 service yesterday, is this the service you are referring to? Rachel @256086 I see. This service was delayed due to a platform alteration and following a late running service ahead. Apologies for the delay you experienced. I hope your future journeys are better. Rachel",Customer complains about the train which is been running in slow speed and delay every time. Agent apologized for the delay and said that the future journey will be better.,0 days 00:30:36
0df2c1c9fb123dffde7fd8cabb69c4ed,"[2388655, 2388656, 2388656, 2388657, 2390013, 2390022]","{2388655: Timestamp('2017-11-14 07:48:28+0000', tz='UTC'), 2388656: Timestamp('2017-11-13 21:28:04+0000', tz='UTC'), 2388657: Timestamp('2017-11-14 07:48:28+0000', tz='UTC'), 2390013: Timestamp('2017-11-14 09:08:21+0000', tz='UTC'), 2390022: Timestamp('2017-11-15 08:09:39+0000', tz='UTC')}","@airtel_care good evening, please I forgot the pin for my Data Me2U. Please can you help me reset it? @220070 months and the amount paid for data or social bundle for further assistance Thank you. (2/2) @220070 Hello @220070, in order to assist you, kindly provide the affected mobile number, last recharge, swap history within the last 12 (1/2) @airtel_care Thanks so much! @220070 Hello @220070, we acknowledge your complaint. Please be patient while we resolve the issue. Thank you. ^ED",Customer asking help to reset the pin for his data me2u. Agent asking to provide  affected mobile number  and last recharge history.,1 days 10:41:35
3efed57dde64456a8978b669d58048c2,"[62276, 62279, 62280, 62282, 62287, 62287]","{62276: Timestamp('2017-11-01 21:33:00+0000', tz='UTC'), 62279: Timestamp('2017-11-01 20:46:26+0000', tz='UTC'), 62280: Timestamp('2017-11-01 23:03:58+0000', tz='UTC'), 62282: Timestamp('2017-11-01 23:57:00+0000', tz='UTC'), 62287: Timestamp('2017-11-02 15:52:27+0000', tz='UTC')}","@AppleSupport why isn’t the weather’s widget not working no more? (Even since iOS 11.1) https://t.co/XLQNCFXKDO @130266 We want to look into this with you to be sure it's working as expected. What seems to be happening? Have you restarted? @130266 Just to confirm, are you using a third party app called 'The Weather Channel'? @130266 Just to confirm, did you take these screenshots within the similar time frame? @130266 Join us in DM by clicking on the link below. We'll continue with support in there. https://t.co/GDrqU22YpT",Customer is complaining  about the why insn't the weather's widget is not working. Agent asks to take screenshots within the similar time frame.,0 days 19:06:01
5417387cef3fbc6ffba87c44fb0eaf6d,"[2831996, 2831997, 2831999, 2832000, 2832001, 2832002]","{2831996: Timestamp('2017-11-27 13:21:40+0000', tz='UTC'), 2831997: Timestamp('2017-11-27 14:05:28+0000', tz='UTC'), 2831999: Timestamp('2017-11-27 13:18:44+0000', tz='UTC'), 2832000: Timestamp('2017-11-27 14:05:36+0000', tz='UTC'), 2832001: Timestamp('2017-11-27 14:06:45+0000', tz='UTC'), 2832002: Timestamp('2017-11-27 14:09:18+0000', tz='UTC')}","@115955 I've noticed my monthly bill increasing, it's now $70 for internet alone. What's the cost for basic internet service. I even have my own Wi-Fi router... @788491 We would like to assure you, that every effort is made to keep our prices as low as possible. Our packages are designed to provide you with the best quality services and features at a great value. If the package or service you currently have does not fi... https://t.co/Ebhwnm331i @788491 We would like to assure you, that every effort is made to keep our prices as low as possible. Our packages are designed to provide you with the best quality services and features at a great value... @788491 If the package or service you currently have does not fit your budget or needs, we encourage you to phone in to 1-800-892-4357, or visit a store location to best address that. ^RL @Ask_Spectrum So you guys have more than one INTERNET ONLY package? @788491 Pricing and packaging inquiries and changes, must be handled by a billing agent. I wish I were able to assist more with this, but it has to be handled appropriately, to ensure accurate information is provided and proper changes are made for you. ^RL",Customer complies on high internet charges. Agent assisted the customer by making some changes in the plan.,0 days 00:50:34
c5def64027a9874e7a673ba09f6818f3,"[2224481, 2224487, 2224489]","{2224481: Timestamp('2017-11-10 12:17:45+0000', tz='UTC'), 2224487: Timestamp('2017-11-11 01:08:31+0000', tz='UTC'), 2224489: Timestamp('2017-11-10 08:50:04+0000', tz='UTC')}","@Delta lost my preferred seat and now at the airport in Frankfurt Germany,can’t use the lounge was told only for business class travelers! @Delta correct, that goodwill offer to me was in regard to losing my preferred seat on Delta and spending 9 hours sandwiched between two people. 

The issue i raised with you is not being able to access the lounge, was not i had to be business class. @643902 I am very sorry. Access is only for business class ticket, members or select American express card holders.  *HFG","Customer  compiling about lost of his preferred seat. Agent informs that access is only for business class ticket, members or select American express card holders.",0 days 16:18:27
1b9155f479bf73fe8d22c58c1e717e73,"[1543928, 1543929, 1543932, 1543935]","{1543928: Timestamp('2017-11-04 05:19:34+0000', tz='UTC'), 1543929: Timestamp('2017-11-04 03:01:32+0000', tz='UTC'), 1543932: Timestamp('2017-11-04 05:50:51+0000', tz='UTC'), 1543935: Timestamp('2017-11-04 05:57:25+0000', tz='UTC')}","@AskPlayStation how the heck do I talk to a person to help with an issue? @AskPlayStation I've got two ps4. I can't access games on my 2nd one unless I make it my main system. How do I play my games on my 2nd w/o doing this? @AskPlayStation Already did this. Does not fix my issue at all. Every time I switch from one system to the other, it's asking me to activate the system i'm @478261 Totally understand. Please make sure you are following us, so we can assist you better via a Direct Message.",The customer is complaining that he can't access games on his 2nd window. The agent asked the customer to send a direct message to them for further assistance.,0 days 02:55:53
f2f09cc105fa598da7bef0b164e4910b,"[579984, 579988, 579990, 579990, 579992]","{579984: Timestamp('2017-11-30 01:17:11+0000', tz='UTC'), 579988: Timestamp('2017-11-23 01:10:25+0000', tz='UTC'), 579990: Timestamp('2017-11-22 21:16:09+0000', tz='UTC'), 579992: Timestamp('2017-11-18 17:02:10+0000', tz='UTC')}",@MicrosoftHelps I need assistance in getting my account back. I have been hacked @MicrosoftHelps I'm talking to Xbox support tryna resolve this issue. Whoever did this somehow changed my email address. So I don't contact the support to team to help because it's saying my account doesn't exist. I have pictures showing my email and the one someone changed it too as well @256597 Got it. This article should guide you in recovering your account: https://t.co/VhZhnF51Dh. Let us know how it goes. @MicrosoftHelps No not yet. Apparently I'm in tier 3 some Global team is trying to help me get it back. I don't know if it's going to work or not.,Customer is requesting to get assisted in getting  their account back which has been hacked. Agent updates to keep them updated with the outcome since the customer said that some global team is trying to help and also requests to let them know if they need further assistance.,11 days 08:15:01
a8669085ef49b09f2d67d58bbc1657b6,"[2802891, 2802893, 2802894, 2802898, 2802899]","{2802891: Timestamp('2017-11-22 01:28:29+0000', tz='UTC'), 2802893: Timestamp('2017-11-22 01:28:39+0000', tz='UTC'), 2802894: Timestamp('2017-11-22 01:15:00+0000', tz='UTC'), 2802898: Timestamp('2017-11-22 01:16:41+0000', tz='UTC'), 2802899: Timestamp('2017-11-22 01:11:47+0000', tz='UTC')}","@AskPlayStation Hi, so I purchased the Battlefield 1 Premium Pass today, I bought it after hearing it upgrades the game, although this was not the case as it was an ended limited time thing, they did nothing to inform me that this was the case, so now I’m looking for a refund @781871 Hello Andy! For refund information, please check the following link: https://t.co/MInrgZSl48 @AskPlayStation That link doesn’t work, it’s the only link that doesn’t work @781871 We have sent you a DM. @781871 Please check your DM's for more instructions.",Customer complaints about the refund for purchasing premier pass. Agent has sent DM to the customer for further assistance.,0 days 00:16:52
61740dd81d67884d000e4b0e4f02170d,"[1626467, 1626469, 1626469, 1626471, 1626471]","{1626467: Timestamp('2017-11-05 17:59:57+0000', tz='UTC'), 1626469: Timestamp('2017-11-05 22:43:23+0000', tz='UTC'), 1626471: Timestamp('2017-11-05 23:37:52+0000', tz='UTC')}","I'm in the running to win British Airways Venice flights thanks to @235956 #competition #giveaway #FlyBA https://t.co/Bg7F5xooTu @British_Airways I can't check in. App says there is no ticket number. Despite having picked seat etc I have never received an email receipt for the booking @117215 I'm sorry to hear you're having difficulty checking in. Can you DM us your booking ref, email address and telephone number so that 1/2","The customer says that he is in the running to win British Airways Venice flights but the app says there is no ticket number and adds that he have never received an email receipt for the booking. The agent apologises since the customer is facing difficulty in Checking in and asks to DM the booking ref, email address and telephone number to assist further.",0 days 05:37:55
834da82a080eff67605b5138fe89ac57,"[341257, 341258, 341259, 341259, 341262, 341263]","{341257: Timestamp('2017-10-08 00:36:23+0000', tz='UTC'), 341258: Timestamp('2017-10-01 00:39:36+0000', tz='UTC'), 341259: Timestamp('2017-10-08 00:58:02+0000', tz='UTC'), 341262: Timestamp('2017-10-21 18:13:17+0000', tz='UTC'), 341263: Timestamp('2017-10-22 16:48:36+0000', tz='UTC')}","Also, Adobe Acrobat Pro is just as shitty and crash-prone as I remember it. @AdobeCare ""Fill and Sign"" chooses inconsistent decimal font sizes that I have to fix manually, and crashes every few minutes. @197539 Hi, does this happen with all PDF forms that you using for ""Fill and Sign""? Have you updated the app yet? ^SV @197539 Hi Sandra, I would suggest to reinstall the Adobe Reader app to see if this helps the issue. Please post this issue on our forums too. ^SV @AdobeCare Uninstalling Reader and rebooting worked to resolve the file permissions problem.",Customer compling about adobe acrobat  fill and sign chooses inconsistent decimal font sizes even if he fix manually crashes every few minutes. Agent suggests to reinstall the adobe reader app.,21 days 16:09:00
beca63ff805c3faacf3892d689adfbed,"[2665151, 2665153, 2665156, 2665157, 2665161]","{2665151: Timestamp('2017-10-31 08:49:30+0000', tz='UTC'), 2665153: Timestamp('2017-10-31 08:38:27+0000', tz='UTC'), 2665156: Timestamp('2017-10-31 09:45:42+0000', tz='UTC'), 2665157: Timestamp('2017-10-31 09:45:01+0000', tz='UTC'), 2665161: Timestamp('2017-10-31 11:00:19+0000', tz='UTC')}","@nationalrailenq why does your website show me this when I click my password reset link sent to me 2 minutes ago? https://t.co/J0ENt06oPx @452352 Hi, would you be able to try logging in / requesting a new code? If that doesn't work I will ask someone to look into it for you @452352 You will have ordered your ticket from the train operators website. Do you have a confirmation email? (1) @452352 This will tell you which company you bought it from and you will be able to log in and track your ticket on their site. (2) @nationalrailenq The login is used to 'save' a route you are looking at for prices etc. I click the button and it says I need to register to use the feature.",Customer is complaining that why does the website show them this when they click on password rest link sent to him 2 minutes ago. Agent suggest to send DM their email address so they can ask someone to reset the password for them.,0 days 02:21:52
9bea9f9182b235a2ebe6a7e48c26c754,"[245025, 245026, 245030, 245031]","{245025: Timestamp('2017-10-05 13:49:35+0000', tz='UTC'), 245026: Timestamp('2017-10-05 16:00:31+0000', tz='UTC'), 245030: Timestamp('2017-10-06 05:59:28+0000', tz='UTC'), 245031: Timestamp('2017-10-06 05:59:05+0000', tz='UTC')}","Truly atrocious service from @British_Airways landed with 65 minutes to spare but delays after landing meant connection missed @174177 Sincere apologies for the disruption to your journey, Paul. We'll certainly feed this back to the Airport manager for you. ^Lisa @British_Airways We did. Because BA rerouted us via Air Berlin they do not offer a lost luggage delivery service so we now need to make a 2 hour round (1/2) @British_Airways trip back to the airport to collect our bags IF/when they turn up.",Here customer is unhappy with the British airways services where they lost luggage at air berlin. Here agent note down the complain and take the feedback for better service.,0 days 16:09:53
a14a4785e586cd1d939cebe52404199a,"[2280548, 2280548, 2280552, 2280555, 2280555, 2280557]","{2280548: Timestamp('2017-11-11 20:25:47+0000', tz='UTC'), 2280552: Timestamp('2017-11-12 15:21:04+0000', tz='UTC'), 2280555: Timestamp('2017-11-11 16:46:00+0000', tz='UTC'), 2280557: Timestamp('2017-11-11 11:36:58+0000', tz='UTC')}","@applesupport have You seen this before ? #MacBookPro https://t.co/s1V1pclDtv @662950 We want your Mac working for you; we'll do all we can to help. To start, do you recall when this vertical line first appeared? Does this line appear every time you start up your Mac, and does it ever go away? @662950 We'd like to try a few steps to see if we can reach a resolution for this. The first is an SMC reset. Please do the steps for your specific type of Mac here: https://t.co/460MSj5yQz @662950 Let's move on and reset the NVRAM on your Mac. Let us know if you see any changes to your display then: https://t.co/sf0JEbUJVS",Customer is complaining about the vertical lines which is appearing on the display. Agent suggested to use few steps one is to reset SMC and second to reset NVRAM to the mac and asks to DM to plan for further assistance.,1 days 03:44:06
58f174fa0f798d43029c208891b93960,"[2297777, 2297778, 2297779, 2297783]","{2297777: Timestamp('2017-11-12 14:33:14+0000', tz='UTC'), 2297778: Timestamp('2017-11-12 13:57:51+0000', tz='UTC'), 2297779: Timestamp('2017-11-12 14:42:31+0000', tz='UTC'), 2297783: Timestamp('2017-11-12 16:08:10+0000', tz='UTC')}","@115830 I'm boiling with frustration trying to send an email about an order that's failed to be  delivered 😠 @AmazonHelp I googled the answer to find if I cancelled everything to start again, I'd be able to convey that I couldn't rtn that which hadn't been received. However, it now appears original &amp; replacement are arriving today. The saga continues @415856 If you'd like to contact us phone or chat, we'd be more than happy to take a closer look at the order(s) with you and see if there's anything we can do to help: https://t.co/JzP7hlA23B

Please let us know if there's anything further we can do to assist! ^KN @AmazonHelp Update. Amazon has sent email acknowledging non delivery &amp; full refund. Thanks for your help",Customer is frustrated that the order is failed to delivered and also want the product to replace with original. Agent apologised for the inconvenience and informed to assist better in future.,0 days 02:10:19
50142bb0ce8d414d29d18c17bff1a303,"[318947, 318949, 318952, 318953]","{318947: Timestamp('2017-10-07 13:08:08+0000', tz='UTC'), 318949: Timestamp('2017-10-07 11:34:49+0000', tz='UTC'), 318952: Timestamp('2017-10-06 20:11:15+0000', tz='UTC'), 318953: Timestamp('2017-10-07 00:54:43+0000', tz='UTC')}","@British_Airways still no updates. 2 members of staff at Verona Airport unable to share news on where the bus is... no news on app or web... https://t.co/aXfYUKkSKH @192093 Hi Jack,  we're working to source transport to VCE and we'll advise when this has been confirmed. However, our ground handling 1/2 @British_Airways And... the app is not updated, so having to use Google to try and figure out what is happening. This is totally unacceptable. @192093 We quite agree, Jack. We're in touch with the airport asking the managers to resolve the issue. ^Julie",Customer is complaining about the app with no updates about travel. Agent updated that they are working on the source transport to VCE and they will advise once it has been  confirmed and also updated that there are in touch with airport manager to resolve the issue.,0 days 16:56:53
759efc74f4451167bacb74b6f23d7261,"[1846015, 1846024, 1846025, 1846026]","{1846015: Timestamp('2017-08-17 17:53:22+0000', tz='UTC'), 1846024: Timestamp('2017-07-17 19:34:10+0000', tz='UTC'), 1846025: Timestamp('2017-07-17 15:44:55+0000', tz='UTC'), 1846026: Timestamp('2017-07-17 15:15:55+0000', tz='UTC')}","@SpotifyCares do you guys plan to ever fix the shuffle issues? (win10mobile and desktop) https://t.co/e6SVhcZUXE @552951 Hi Remi! We’ve recently made some improvements to our shuffle algorithm. We’d love to hear your feedback here: https://t.co/T3vZnSL3od /AU @SpotifyCares Try to shuffle on artists ""Rancid""; will get track ""Ruby Soho"" and many recent track mutliple times while nothing from their older albums. @552951 Hey Remi! We're still currently working on it. Rest assure that our devs are hard at work to bring you the best Spotify experience /QI",Customer is complaining about the shuffling of tracks in the Spotify app. Agent states that they have made some improvements to their shuffling algorithm.,31 days 02:37:27
fed9d21027bdff0a8dc645ad0d413fcd,"[213715, 213716, 213717, 213720, 213723]","{213715: Timestamp('2017-10-04 18:41:00+0000', tz='UTC'), 213716: Timestamp('2017-10-04 18:32:46+0000', tz='UTC'), 213717: Timestamp('2017-10-04 18:12:00+0000', tz='UTC'), 213720: Timestamp('2017-10-04 18:31:55+0000', tz='UTC'), 213723: Timestamp('2017-10-04 18:07:56+0000', tz='UTC')}","@NikeSupport Ur app didn’t record .8 mile today. Training 4 1/2 marathon using app. Can u put mile/time back in or should I just cry now? @166741 Let's see what we can do, Angela. What device, operating system and version of the app are you using? @NikeSupport Completely stopped and started a fresh run then it was fine. @NikeSupport I know I did the full 6 miles, I just need the app to know so it can use it for my coaching.  Really liking it other than glitch today @166741 We're glad to hear you're liking the app, Angela. Can you DM us your NikePlus email? https://t.co/dsJjx1OYXB","Customer is having an issue with Nike support app not working properly. Agent asked the customer that what device,current version, OS he is using and also informed to DM them with NikePlus Email.",0 days 00:33:04
a30d99e7b22b9ddc10ea969cc33dbf7e,"[847527, 847529, 847531, 847533]","{847527: Timestamp('2017-10-20 22:02:09+0000', tz='UTC'), 847529: Timestamp('2017-10-19 00:16:29+0000', tz='UTC'), 847531: Timestamp('2017-10-19 00:07:27+0000', tz='UTC'), 847533: Timestamp('2017-10-19 00:03:37+0000', tz='UTC')}","@115714 you have at least 8 if not more employees and only two of them are helping customers..... @sprintcare Work on customer service please...... @321437 Please DM us providing the store information to further assist! - AW @321437 Hey, we hope that your issue was addressed at the store. A feedback can also be submitted on https://t.co/0qT1rLBLtN. -ResolutionSup SR",Customer is complaining that the employees at the store are not helping customers. Agent requests for the store information and to submit a feedback.,1 days 21:58:32
66bfb05b9e97f84cdcadaece664484b5,"[1890723, 1890728, 1890730, 1890733]","{1890723: Timestamp('2017-11-26 08:44:15+0000', tz='UTC'), 1890728: Timestamp('2017-11-26 08:53:32+0000', tz='UTC'), 1890730: Timestamp('2017-11-26 08:20:55+0000', tz='UTC'), 1890733: Timestamp('2017-11-26 08:14:28+0000', tz='UTC')}",@GWRHelp is there no trains running to Guildford this morning? First one at 12 today and takes nearly 2 hours?! @563850 Thank you. There are scheduled engineering works in place so replacement bus services are running between Reading and Wokingham. You can then catch a train from Wokingham to Guildford. Natalie @GWRHelp Unfortunately Natalie whenever I go to find bus times it comes up with this message... https://t.co/wKbmbzPOnn @563850 Here's the next service. Natalie https://t.co/dbv70oMgHd,Customer inquires about trains availability. Agent provide an URL for next service available.,0 days 00:39:04
69bbdf1a6ca8f75bf379ddb3c492265f,"[586250, 586251, 586251, 586252, 586253]","{586250: Timestamp('2017-12-03 15:15:06+0000', tz='UTC'), 586251: Timestamp('2017-12-03 14:54:08+0000', tz='UTC'), 586252: Timestamp('2017-12-03 15:35:08+0000', tz='UTC'), 586253: Timestamp('2017-12-03 15:42:46+0000', tz='UTC')}","@ATVIAssist why is the SPM in free for all different? Says I have a 3 to 5 spm in games even tho I get 3000+ in 5 mins? @ATVIAssist PS4, gamer tag Livid_cN... free for all is destroying my SPM because for a 6 min game it's saying I'm only getting 4 score which is weird to me unless I'm not understanding something. Leaderboards say I avg. A 3.61.. shouldn't that be 361? https://t.co/vqsmI4QeIq @258431 Is this occurring on all matches? Also, please exit the leaderboard menu and relaunch it. Is it still displaying the values as such (0.00)? ^EG @ATVIAssist Exited and relaunched and still showing the same. Raised it to 3.63 tho lol. Yes this is happening every match. You can see my last 5 match spm in the one pic and I can give you an updated pic because I been playing all morning. Thanks for the help and quick response. https://t.co/DPaDEUGSVi",Customer is saying that why in free for all different. Customer says he have a 3 to 5 spm even if it gets 3000+ in 5 mins. Agent asked the customer about the platform of game and gametag.,0 days 00:48:38
0d001549ff307642a06d12f48e4d4922,"[1985936, 1985939, 1985940, 1985942, 1985943]","{1985936: Timestamp('2017-10-18 18:27:58+0000', tz='UTC'), 1985939: Timestamp('2017-10-18 21:10:00+0000', tz='UTC'), 1985940: Timestamp('2017-10-18 17:57:30+0000', tz='UTC'), 1985942: Timestamp('2017-10-18 22:01:25+0000', tz='UTC'), 1985943: Timestamp('2017-10-18 21:57:51+0000', tz='UTC')}","If I have to boot my @118197 laptop up one more time today, I think I get a free sub. @587873 system service tag, registered owner's name and email for our reference and we will be happy to assist you. ^SK 3/3 @DellCares Every time I close laptop and open it later, when I try to log into Windows it just spins. @587873 on your system? Kindly run the system diagnostics to isolate any hardware issues on the system. How to run 2/3 @587873 diagnostics: https://t.co/T1OqHKRA3h
Please share the system service tag via direct message 3/3","Customer having an issue with his laptop. Agent asked the system service tag,registered owner name and an email for assist and informed to run the system diagnostics to isolate any hardware issue in the system and also inform to DM for the same.",0 days 04:03:55
ee8cb1d6f092eb2bbba6d64fdc42217b,"[1278516, 1278518, 1278523, 1278523, 1278526]","{1278516: Timestamp('2017-10-26 16:34:28+0000', tz='UTC'), 1278518: Timestamp('2017-10-26 16:36:31+0000', tz='UTC'), 1278523: Timestamp('2017-10-26 16:24:59+0000', tz='UTC'), 1278526: Timestamp('2017-10-26 16:23:23+0000', tz='UTC')}","@GWRHelp what's the points failure impacting trains around FIT? You guys have had better weeks haven't you.. @419197 Hi Tom, what journey are you making? Infrastructure faults would contribute to season ticket compensation yes. -Andy @GWRHelp And are we fixed now? @419197 Yes normal working has resumed but may be some residual delays because of congestion. -Andy",The customer asks what's the points failure impacting trains around FIT and asks whether it is fixed now. The agent asks what journey the customer was making and informs that infrastructure faults would contribute to season ticket compensation and adds that normal working has resumed now.,0 days 00:13:08
b8d2e809b855a5a1977ba12264d8dde6,"[1474188, 1474190, 1474191, 1474192]","{1474188: Timestamp('2017-11-02 21:47:26+0000', tz='UTC'), 1474190: Timestamp('2017-11-02 21:48:10+0000', tz='UTC'), 1474191: Timestamp('2017-11-02 21:52:25+0000', tz='UTC'), 1474192: Timestamp('2017-11-02 21:55:03+0000', tz='UTC')}","@TMobileHelp @115913 Like I said I’ve already tried to resolve this issue and after 4 months #tmobile screwed me @462214 @115913 We're John's Executive Social Media team and we truly want to explore all options. We're just a DM away. https://t.co/lH0SH5fy2m *MikeRice @TMobileHelp @115913 Talk to Lauren Lois @115913 assistant she handled this situation so poorly that the minute my phones are paid off seriously thinking swt @462214 @115913 My offer for my team and I to dive into this is a sincere one, Gilbert. I hope that you'll reach out. https://t.co/lH0SH5fy2m *MikeRice",Customer wants his issue to be resolved and complains about the assistants for not resolving it. Agent states that they would offer to help resolve the issue.,0 days 00:07:37
9b4e274ace08dbbcdb2dbac1ad0a0007,"[1442772, 1442774, 1442775, 1442776, 1442778]","{1442772: Timestamp('2017-11-02 12:44:10+0000', tz='UTC'), 1442774: Timestamp('2017-11-02 22:57:15+0000', tz='UTC'), 1442775: Timestamp('2017-11-03 06:49:06+0000', tz='UTC'), 1442776: Timestamp('2017-11-04 08:59:12+0000', tz='UTC'), 1442778: Timestamp('2017-11-05 10:25:42+0000', tz='UTC')}","@sainsburys I bought a single duvet by mistake ( they were mixed up on the shelf)was allowed refund but was told duvet would be put in skip @68453 This would not have been thrown in the bin. We donate any left over products to different charities including the food bank...1/2 @sainsburys I hope you’re right. The girl at customer services insisted repeatedly that it was going in the skip. I hope she was wrong. @68453 Please be rest assured this would most definitely not be going to the skip, it would be issued to charity. Mariya @68453 The manager will ensure all of our colleagues are updated with the correct information. I'm sorry you were given false info Delia! Dee",Customer is complaining about the purchased single duvet by mistake. Agent states that the left over products to different charities.,2 days 21:41:32
0b43f2c64e8193aa5baaaedf10996168,"[669065, 669067, 669072, 669073]","{669065: Timestamp('2017-11-23 04:30:59+0000', tz='UTC'), 669067: Timestamp('2017-11-23 04:02:42+0000', tz='UTC'), 669072: Timestamp('2017-11-15 05:15:16+0000', tz='UTC'), 669073: Timestamp('2017-11-15 03:18:15+0000', tz='UTC')}","@XboxSupport I’ve got an A button on brand new one x controller that doesn’t seem to register every time. What can I do? @279553 Hi there. To be sure have you tried this with brand new batteries or with a USB cable?  ^JL @XboxSupport Yeah, so still having issues with the A button on my Scorpio controller. Any other ideas? @279553 In this case, let's have you check in with our chat team for some further assistance with getting that repaired https://t.co/aWWrMN54Vu ^JL",Customer is complaining about a button which is not functioning in his gaming controller. Agent is requesting to try out using a new battery or usb cable.,8 days 01:12:44
8c5e2e8a0fc202501e0e771427aca615,"[1339985, 1339986, 1339987, 1339990, 1339991]","{1339985: Timestamp('2017-10-27 15:21:31+0000', tz='UTC'), 1339986: Timestamp('2017-10-27 15:06:24+0000', tz='UTC'), 1339987: Timestamp('2017-10-27 15:32:39+0000', tz='UTC'), 1339990: Timestamp('2017-10-27 14:24:33+0000', tz='UTC'), 1339991: Timestamp('2017-10-27 12:27:11+0000', tz='UTC')}","Do I need to reconnect to shazam every time I shazam a new song because they don't appear in the spotify shazam playlist😫 @SpotifyCares @386661 Hey, that doesn't sound right! Can you let us know your device, operating system, and Spotify version? We'll see what we can suggest /JP @SpotifyCares Iphone and mac, both of them have the latest spotify update @SpotifyCares Yeah both, I mean I'm using the same account on both of them anyways so @386661 Got it, but is Shazam installed on both devices? On which device is your Shazam being disconnected? /JP",Customer is complaining that they need to reconnectt to shazam everytime because they don't appear in the spotify shazam playlist. Agent updated that try logging out from both apps restarting his phone and logging back in.,0 days 03:05:28
bfc29fd12cc8543641a6dfb19293d5d9,"[450920, 450921, 450923, 452178]","{450920: Timestamp('2017-11-30 21:47:23+0000', tz='UTC'), 450921: Timestamp('2017-11-30 22:06:24+0000', tz='UTC'), 450923: Timestamp('2017-11-30 21:58:44+0000', tz='UTC'), 452178: Timestamp('2017-11-30 22:13:14+0000', tz='UTC')}","@Delta I waited over 40 minutes for my bag on Saturday in Atlanta when I returned from Cabo San Lucas. @221917 We must do better, Kevin. Company policy allows you to report our failure to deliver your bags on time up to 3 days after it's occurred. I regret that this period has passed to seek recourse, but you may follow this link to seek recourse for late baggage... 1/2 @221917 Certainly hoping it won't happen again and that the provided link will be unnecessary. We have the ""Bags On Time Guarantee"" for your benefit, and so please feel urged to report delayed baggage right away should it occur again. We hope your future travel is delay-free! *ADB @221917 Oh, doggone. Yes, it was worth a shot this time, yet we cannot manipulate the date. It must be reported no later than three days to be investigated.

From here out, hope this won't be the case as you've described and that your bags arrive expeditiously to you within 20 mins. *ADB",Customer is complaining that they waited over 40 mins for their bag on Saturday in Atlanta when they returned from Cabo San Lucas. Agent updates that it must be reported no later than three days to be investicated.,0 days 00:25:51
a821a6d93a6b995b780368fbd8af8ba2,"[2468120, 2468121, 2468122, 2468125, 2468126]","{2468120: Timestamp('2017-10-29 21:24:27+0000', tz='UTC'), 2468121: Timestamp('2017-10-29 21:25:06+0000', tz='UTC'), 2468122: Timestamp('2017-10-29 21:17:24+0000', tz='UTC'), 2468125: Timestamp('2017-10-29 21:46:00+0000', tz='UTC'), 2468126: Timestamp('2017-10-29 21:46:48+0000', tz='UTC')}","@AppleSupport my phone is so messed up, this is what my lock screen is. No time nothing on it!!! 😐😐😐 https://t.co/dz4mK9govX @AppleSupport Well I faked to you guys the other day about how my phone keeps freezing and doing weird things. This is the first for the lock screen (con) @AppleSupport To not show the info on the front. But through the day it still freezes about 10 times between apps and juston the home page @568492 When you use the side button, are you holding it long enough to see the ""Slide to Power off"" screen? @AppleSupport Yes and it works. Does the iPhone 7 not have the restart with the side and the home button??",Customer is complaining that his phone is getting freeze and ding weird things. Agent updated that to DM with the country that they are located in to continue.,0 days 00:29:24
69ec96fae842e64847d333faaed8e1e7,"[1502238, 1502242, 1502243, 1502244]","{1502238: Timestamp('2017-11-03 15:39:23+0000', tz='UTC'), 1502242: Timestamp('2017-11-03 10:47:49+0000', tz='UTC'), 1502243: Timestamp('2017-11-03 08:55:09+0000', tz='UTC'), 1502244: Timestamp('2017-11-03 10:48:49+0000', tz='UTC')}",@British_Airways 935 Ncl to London delayed so London to Chicago will have left by the time I get there @468680 Hi Neil. I'm sorry your flight has been delayed this morning due to the fog in the London area. Our colleagues at London Heathrow will 1/2 @468680 be able to look at the rebooking options when you arrive there. I'm sorry we can't reroute you via Amsterdam or Dublin. ^Kev 2/2 @468680 The staff at the desks are doing their best to get all passengers rebooked as quickly as possible. ^Sarah 2/2,Customer is complaining about delayed of flight.So he missing another flight. Agent updated that staff at the desk are doing their best to get all passengers rebooked as quickly as possible.,0 days 06:44:14
ce6d7803ea178c722fd8b76d3b593594,"[2464729, 2464730, 2464731, 2464733, 2464736]","{2464729: Timestamp('2017-11-15 09:29:36+0000', tz='UTC'), 2464730: Timestamp('2017-11-15 09:36:17+0000', tz='UTC'), 2464731: Timestamp('2017-11-15 06:22:18+0000', tz='UTC'), 2464733: Timestamp('2017-11-15 13:08:41+0000', tz='UTC'), 2464736: Timestamp('2017-11-15 22:09:10+0000', tz='UTC')}","@sainsburys I’d like to thank you for the Sainsbury’s lorry parked up outside Brunswick Terrace in Hove, running its engine from 4:30am for two hours. It really was the perfect start to the day. 👌 @705374 Hi Iain, really sorry about that. Could you DM me on the below link the registration number please? Mariya https://t.co/MdMtnTlX6H @sainsburys I don’t have the reg. please just ask your drivers not to park up for hours with their engines running in residential areas including Hove seafront. @sainsburys Brunswick Terrace is BN3 1HL which is parallel to Kingsway ie the seafront road. @705374 Hi Iain, just to let you know that this has all been forwarded onto our depot who will be able to identify the colleague involved. The appropriate action will be taken. Sorry again for the trouble. Corey",Customer complained on sainburys lorry driver for making a huge sound near his house. Agent ask the customer to DM of registration number and postal code of the area.,0 days 15:46:52
4cf81f761f94e0b5a2324c06fe917273,"[2530676, 2530678, 2530685, 2530686, 2530687, 2530687]","{2530676: Timestamp('2017-10-30 10:44:16+0000', tz='UTC'), 2530678: Timestamp('2017-10-30 10:46:28+0000', tz='UTC'), 2530685: Timestamp('2017-10-30 10:17:24+0000', tz='UTC'), 2530686: Timestamp('2017-10-30 10:10:22+0000', tz='UTC'), 2530687: Timestamp('2017-10-30 10:06:55+0000', tz='UTC')}","@azuresupport #azTechHelp do Verizon CDN endpoints cache files differently in different locations? I get Hits in EU and misses on AU edges @720368 We found some documentation that might help with this: https://t.co/PsSxykvKle Let us know if this has been useful.  ^SB @AzureSupport Sorry, the mentioned options no longer seem to be available (or visible) @AzureSupport Nope. Not getting 404s -have 200s but cache misses for files previously downloaded. In EU I get cache hits; in AU: 0 hits; same config @720368 Could you post this on https://t.co/FbVx3Di4A0 and send us the link? We'll have an engineer take a look.  ^SB",Customer asking about  version cdn endpoints cache files differently in different location and he gets hits in EU  and misses on AU edges. Agents updating that he found some documentation that might help with this url.,0 days 00:39:33
8751f1f4267268d55f3e080137cb998e,"[1529682, 1529684, 1529685, 1529688, 1529689, 1529690, 1529690]","{1529682: Timestamp('2017-11-03 21:45:46+0000', tz='UTC'), 1529684: Timestamp('2017-11-03 19:31:32+0000', tz='UTC'), 1529685: Timestamp('2017-11-04 00:41:24+0000', tz='UTC'), 1529688: Timestamp('2017-11-05 16:01:07+0000', tz='UTC'), 1529689: Timestamp('2017-10-31 15:24:07+0000', tz='UTC'), 1529690: Timestamp('2017-10-31 08:41:34+0000', tz='UTC')}","@XboxSupport Hi. Please could I have an email address for complaints. Thanks. @474761 You can learn about filing reports for Code of Conduct https://t.co/77ZtVbP4cR violations here https://t.co/uWk4X6KjuM . ^JS @XboxSupport Please can I have the address to complain about a product. Thanks. @XboxSupport It’s pretty much unusable. I’ve seen loads of similar cases online. Expected a lot better for the high price. @474761 We're sorry to hear about your controller! If you would like to leave feedback, you can do so here 1/3 ^JA @XboxSupport Can I have an email address which I can make a complaint to please. Thanks",Customer asking email address to complain about product. Agent suggests that using the URL link he can learn about filling report and violation.,5 days 07:19:33
891e230cf8ef1c0871c22c953f030d35,"[746139, 746142, 746145, 746146]","{746139: Timestamp('2017-10-11 16:42:38+0000', tz='UTC'), 746142: Timestamp('2017-10-12 07:10:15+0000', tz='UTC'), 746145: Timestamp('2017-10-11 14:58:49+0000', tz='UTC'), 746146: Timestamp('2017-10-11 08:18:02+0000', tz='UTC')}","@British_Airways 
    stranded in bkk with my
little girl ella 10 years old
ba cancel my open ticket
 have no money to buy
  another ticket? @British_Airways british embassy try to help
  but all calls go to india
they make a decision in india?? @298372 This doesn’t sound right Jeremy, can you please DM us your booking reference, email address and phone number? ^Kieran @298372 Hi Jeremy. We’ll need you’re booking reference, email address and contact number to look at this for you. Please DM us the information. ^DR","Customer is complaining about not getting the refund for cancelled ticket. Agent is requesting for the booking reference, email address and contact number.",0 days 22:52:13
fa3e2976dfe85cc49003ac33231dbf36,"[837361, 837362, 837363, 837364, 837368, 837371]","{837361: Timestamp('2017-10-13 09:57:13+0000', tz='UTC'), 837362: Timestamp('2017-10-13 10:32:13+0000', tz='UTC'), 837363: Timestamp('2017-10-13 09:54:55+0000', tz='UTC'), 837364: Timestamp('2017-10-13 10:36:57+0000', tz='UTC'), 837368: Timestamp('2017-10-13 11:03:12+0000', tz='UTC'), 837371: Timestamp('2017-10-13 09:57:12+0000', tz='UTC')}","@AzureSupport Signed in as subscription owner and can't see my subscription or raise support ticket - is there someone I can contact? @319286 We recommend filing a free subscription management support case here: https://t.co/heO4tfFVts. If  1 ^BG @319286 you have already tried this, do you get any error message?  2 ^BG @AzureSupport I have (signed in as different user user):

You don't have support permission to create a support request. @319286 Could you send us a screenshot of the error message? ^BG @319286 please click here: https://t.co/heO4tfFVts. Then click on +New support request and choose Subscription management as the Issue Type. 2 ^BG",The customer says that he Signed in as a subscription owner and can't see his subscription and he asks to raise the ticket to get the issue resolved. The agent recommends filling a free subscription management support case in the link provided and asks whether he gets any error messages and then asks to send the screenshot of the error message and follow the provided link for further assistance.,0 days 01:08:17
3ca1cf2c119239e0bf2697f6378e641e,"[22562, 22564, 22564, 22565]","{22562: Timestamp('2017-11-01 08:22:55+0000', tz='UTC'), 22564: Timestamp('2017-11-01 14:11:33+0000', tz='UTC'), 22565: Timestamp('2017-11-01 15:09:58+0000', tz='UTC')}","@115821 would have made sense if there was record of it being delivered but it still said “shipped”.... @120930 We'd like to take another look into this with you. Please reach out via phone/chat here: https://t.co/hApLpMlfHN ^TK @AmazonHelp s/o to Amer at customer service for being helpful and understanding, as well as helping me actually get my money back!",Customer is complaining about the failed delivery of a product. Agent requests to reach out via phone chat to take another look.,0 days 06:47:03
efbc33d88b67c0870ab9fba1e3e2a7ff,"[2622852, 2622853, 2622854, 2622855]","{2622852: Timestamp('2017-11-17 16:39:28+0000', tz='UTC'), 2622853: Timestamp('2017-11-17 16:40:30+0000', tz='UTC'), 2622854: Timestamp('2017-11-17 16:28:14+0000', tz='UTC'), 2622855: Timestamp('2017-11-17 16:45:14+0000', tz='UTC')}","@SpotifyCares Also, I am from Holland and there is a special deal for Students, the price for premium month is 5 euro. I pay 10 euro each month. Can I change it? And can I link my ideal for it? Because they only accept Creditcard for it.. @740998 At the moment the student discount is not payable with iDeal, but we'll pass your feedback on that its something you'd like to see. Sorry for any inconveniences /DF @SpotifyCares It’s lowkey crazy, because Holland never pays with credit cards, everyone uses iDeal, most of them are students like me. @740998 We can see how that’d be handy. Thanks for taking the time to reach out – your feedback's been noted 📝 /DF",Customer inquires about iDeal student offer. Agent informs customer that his feedback is being noted.,0 days 00:17:00
297b655c5cf7b706c727b75c0058fd55,"[15954, 15958, 15961, 15963, 15964]","{15954: Timestamp('2017-11-01 03:32:36+0000', tz='UTC'), 15958: Timestamp('2017-11-01 04:02:19+0000', tz='UTC'), 15961: Timestamp('2017-10-30 23:15:00+0000', tz='UTC'), 15963: Timestamp('2017-10-30 20:13:44+0000', tz='UTC'), 15964: Timestamp('2017-10-29 19:33:27+0000', tz='UTC')}","@hulu_support my live tv still isn’t working. I’ve tried all the reset stuff.  Non-live works fine. When will live tv work again? @119498 Oh no! We did have a hiccup earlier on Sunday, but this should now be resolved: https://t.co/iwd4qdktMg. Still running into this? @119498 Sorry to hear we weren't able to immediately remedy the issue! We'll share the feedback as we continue to make enhancements. @hulu_support 110.97 download
19.26 upload
24 latency
Those are my WiFi speeds. I think they are more than adequate @hulu_support Apple TV, PC running Crome and Firefox, iPhone. None of them work. I have also tried cellular data in addition to my internet service",Customer is complaining about the live tv which is not working even after trying all the reset stuff where all non live is working fine. Agent apologizes for the inconvenience and updates that their phone team will be able to provide more insight and they will be sharing the feedback to them.,2 days 08:28:52
faded407885483a15548a32b37c352df,"[857995, 857999, 858000, 858001, 858002]","{857995: Timestamp('2017-10-20 17:15:06+0000', tz='UTC'), 857999: Timestamp('2017-10-20 16:40:59+0000', tz='UTC'), 858000: Timestamp('2017-10-20 15:04:23+0000', tz='UTC'), 858001: Timestamp('2017-10-19 22:26:03+0000', tz='UTC'), 858002: Timestamp('2017-10-19 21:24:00+0000', tz='UTC')}",Spotify keeps giving me an error saying songs aren't available over &amp; over again. Both mobile &amp; desktop. Its frustrating. Help @SpotifyCares @323748 Hi Mike! Can you let us know the operating system and version of Spotify on your mobile phone and desktop? We'll see what we can suggest /FR @SpotifyCares Hi! I'm running OS Seirra with 1.0.65.320.gac7a8e02 and iOS 11.0.3 with the latest version of the app. Thank you! @323748 Could you send us the model of your iPhone &amp; the exact app version on it? You can check this in Your Library &gt; Settings &gt; About Spotify /LP @SpotifyCares Logging in/out helps for a few minutes with most songs. But once I've played on both desktop &amp; mobile the songs are showing as unavailable.,Customer is complaining  that spotify keeps giving me an error that songs aren't available over & amp over again. Agent updated that to send DM his accounts username or email address .,0 days 19:51:06
d5f69cad6623d2228d74a7212590449f,"[802771, 802778, 802781, 802785, 802785]","{802771: Timestamp('2017-10-12 16:16:02+0000', tz='UTC'), 802778: Timestamp('2017-10-13 14:54:42+0000', tz='UTC'), 802781: Timestamp('2017-10-12 15:31:28+0000', tz='UTC'), 802785: Timestamp('2017-10-12 15:30:42+0000', tz='UTC')}",@35320 u need 2 sort out ur new traffic lights on @Morrisons roundabout. Cars queued all the way to back of supermarket car 1/2 @35320 @Morrisons Park because the lights at morrisons don't work in sync with roundabout. #chaos 2/2 @311292 Gosh so sorry! Not the best look! Which store is this@so I can report it to the Store Manager. Raj @311292 We've passed your comments onto see what we can do :) - Polly,"The customer suggests to sort out new traffic lights on Morrisons roundabout, says that the cars are queued all the way because the lights at Morrisons don't work in sync with roundabout. The agent asks which store the problem was at so that he can report it to the Store Manager and adds that they have passed the comments onto see what they can do.",0 days 23:24:00
376fbae545976161f58103a3236304d6,"[1354937, 1354944]","{1354937: Timestamp('2017-10-27 19:05:28+0000', tz='UTC'), 1354944: Timestamp('2017-10-27 16:20:46+0000', tz='UTC')}","Net (@115900 )being fucky (like last night). DL's coming &amp; going like crazy, &amp; up speed is almost 0. #stream looking iffy #twitchkittens https://t.co/F82PT2OBqX @435959 Please feel free to send me a DM with your full address and account associated phone number. -JW",The customer is complaining that the internet is almost at 0 speed. The agent asked to dm with full name and account associated phone number.,0 days 02:44:42
a3f874a261f5c77f322ee4ae9e6c68ed,"[144493, 144494, 144499, 144499, 144501]","{144493: Timestamp('2017-11-24 14:11:39+0000', tz='UTC'), 144494: Timestamp('2017-11-24 13:26:59+0000', tz='UTC'), 144499: Timestamp('2017-11-24 14:30:07+0000', tz='UTC'), 144501: Timestamp('2017-11-24 13:13:53+0000', tz='UTC')}","@116245 have got to be the worst company eveeer! They’ve completely gone down hill it’s ridiculous! @ArgosHelpers Doubt it, the only thing you can really do is recruite staff that are less rude &amp; unhelpful? I swear your customer service is getting worse :( @ArgosHelpers I was basically told I couldn’t take a toy back cause I didn’t have the recipet even thou I’ve never had the problem before. So now I’m stuck with a toy I don’t want @121224 We would require proof of purchase to show the toy was purchased from us, however, this doesn't always have to be a receipt. It can be an e-receipt or bank statement also. - Katy",Customer is complaining  about staff and services of the company. Agent updated the customer to  DM for for further assiatance.,0 days 01:16:14
fcff43ed1e8e883f704d14410546a429,"[1618961, 1618963, 1618964, 1618969, 1618972]","{1618961: Timestamp('2017-10-28 22:20:26+0000', tz='UTC'), 1618963: Timestamp('2017-10-28 18:15:33+0000', tz='UTC'), 1618964: Timestamp('2017-10-29 06:30:13+0000', tz='UTC'), 1618969: Timestamp('2017-10-29 06:58:37+0000', tz='UTC'), 1618972: Timestamp('2017-10-29 07:31:14+0000', tz='UTC')}","@AirAsiaSupport Please resolve case 00206044 for name change of my 6 family members. Kindly help. @496322 Hi, changes not allowed once checked-in. Just approach the Document Check counter on departure date for verification. Thanks -PR @496322 Hi , Kindly clear the pending amount for booking EHHD7S before our team can proceed with the name amendment. Thanks - Khairul @496322 &gt;&gt; it has been escalated to the respective team to proceed with the amendment. You will received the revised itinerary soon. @496322 Hi there, We have amend the name accordingly. Kindly check your mailbox. Thanks-Sha",Customer is requesting to amend the name with the flight tickets of his 6 family members. Agent states the issue has been escalated to the respective team and will amend the name accordingly.,0 days 13:15:41
a43ba991cc0815fa0f6b614ce4a0691f,"[907287, 907288, 907293, 907295]","{907287: Timestamp('2017-10-21 02:23:44+0000', tz='UTC'), 907288: Timestamp('2017-10-21 02:04:29+0000', tz='UTC'), 907293: Timestamp('2017-10-21 02:45:28+0000', tz='UTC'), 907295: Timestamp('2017-10-21 02:50:29+0000', tz='UTC')}","How I’m paying for @115725  you raised my fees and took away the one channel my mom actually watches?! My contract almost up too... #bye @VerizonSupport I received the information as to why  the channel was removed but you increase my bill now I’m paying $250 no thank you @277278 Understood, are you authorized on the account by chance? ^JRA @277278 Great! Our billing office is currently closed, however we can create you a link to use for the morning is that ok?
^JAY",Customer is complaining about the removal of certain channels even after paying the fee for them. Agent states that their billing office is currently closed and requests to reach back in the next morning.,0 days 00:46:00
3e69960c1a82b938d79b2a5b4cfbb222,"[823427, 823428, 823434]","{823427: Timestamp('2017-10-12 20:46:21+0000', tz='UTC'), 823428: Timestamp('2017-10-13 01:39:33+0000', tz='UTC'), 823434: Timestamp('2017-10-15 02:17:00+0000', tz='UTC')}",@MicrosoftHelps the spam coming to my Outlook inbox is increasing no matter how much I report or block. @316151 Thank you for the info. We suggest changing the level of protection in the Junk Email Filter: https://t.co/AHKdUITjaE. @316151 You may check this link for an alternative way on how to manage your email spams: https://t.co/UWZjt5jniC. Keep us notified. https://t.co/3qcAsLFkaY,"Customer is complaining that even after reporting and blocking, the spam is increasing in their outlook inbox. Agent provides an URL where they can check for an alternative way to manage their email spams.",2 days 05:30:39
faaf7c8f9eaba973102e222163a3b0f6,"[266699, 266701, 266706, 266710]","{266699: Timestamp('2017-10-06 02:16:31+0000', tz='UTC'), 266701: Timestamp('2017-10-07 16:20:30+0000', tz='UTC'), 266706: Timestamp('2017-10-08 04:47:55+0000', tz='UTC'), 266710: Timestamp('2017-10-05 23:21:39+0000', tz='UTC')}","@115758 @2097 . Finished Grand Slam but I can’t open the supply drop for it! Help please! @179552 If you don't mind, can you provide a video of the issue you're experiencing? ^JP @179552

Please unplug your console and router for 10 minutes. After that play through 5-10 more complete matches for the rewards. ^JW @ATVIAssist 10 hours later and still no change! Wondering when this problem will get fixed?",Customer is complaining about not being able to open the supply drop in a game. Agent is requesting for a video of the issue and suggests to unplug the router and console for 10 minutes.,2 days 05:26:16
4e05e3e03b38590b4ec6036d7e209c95,"[2196693, 2196694, 2196697, 2196697]","{2196693: Timestamp('2017-11-10 16:14:31+0000', tz='UTC'), 2196694: Timestamp('2017-11-10 01:49:40+0000', tz='UTC'), 2196697: Timestamp('2017-11-10 21:12:55+0000', tz='UTC')}","@Delta with the tri-fecta today. Maintenance delay cause us to miss flight, lose seats and destroyed our car seat. Thanks ! @Delta a refund for losing my C+ seats I paid for and the new seat we had to buy, for starters. @642666 Rob, I am not able to see the purchase receipt for the DC+ seats you purchased. Do you minding clarifying for which flight this was and If you could please, share your 006 receipt numbers for the purchase? Thank you.  *HFG",Customer is requesting for the refund for losing C+ seats that he paid for. Agent is requesting for the information on the flight and to share the receipt number.,0 days 19:23:15
742628108bcaab82ab988d550650a3ee,"[1239671, 1239672, 1239675, 1239677, 1239678]","{1239671: Timestamp('2017-11-07 15:30:41+0000', tz='UTC'), 1239672: Timestamp('2017-11-07 15:39:24+0000', tz='UTC'), 1239675: Timestamp('2017-11-07 15:46:46+0000', tz='UTC'), 1239677: Timestamp('2017-11-07 14:34:45+0000', tz='UTC'), 1239678: Timestamp('2017-11-07 14:29:58+0000', tz='UTC')}","@116245 that’s a very short sale 😞 @410763 Hello, i do apologise our prices are subject to change, as stated in our terms and conditions. - Emily @410763 Hi, can I take the catalogue number for the drone, so I can advise you better - Carl @ArgosHelpers Hi,634/9772. At 9:20/30 last night I got a notification you had a tech sale, this drone was included at £349, by this morning it’s £499. @410763 (2/2) In the future, you can reverse the product for the next day and we honour the price, or you could have purchased it online - Carl","The customer complains that it was a very short sale, he got a notification that he had a tech sale, the drone was included at $349, but by the next morning it's $499 and he could not purchase it since he left his wallet at office the previous day. The agent apologises since their prices are subject to change, as stated in their terms and conditions and requests to provide the catalogue number for the drone, so he can advise better and suggests that in future days the product can be reserved for the next days.",0 days 01:16:48
2823816ad8211c60b160ea2e0ada65ab,"[2770758, 2770759, 2770760, 2770765]","{2770758: Timestamp('2017-11-21 13:28:00+0000', tz='UTC'), 2770759: Timestamp('2017-11-21 14:41:51+0000', tz='UTC'), 2770760: Timestamp('2017-11-21 04:49:20+0000', tz='UTC'), 2770765: Timestamp('2017-11-21 16:12:02+0000', tz='UTC')}","@AppleSupport okay everytime i play a song it uninstalls it and im forced to reinstall it and it uninstalls again @774551 We'd like to help. Are you playing a song through the Music app? Also, which device and software version are you using? @AppleSupport yes and i’m using an iphone 7 with the latest update @774551 Did you download them for offline listening? If so, were you on Wi-Fi or cellular? Let us know the answer in DM where we’ll pick up the conversation. https://t.co/GDrqU22YpT","Customer is saying that everytime  a song played, it get uninstall and they are  forced to reinstall it. Agent asks to answer in DM where they will  pick up the conversation.",0 days 11:22:42
42926ce77be9da50a0dc9225e9a89323,"[897232, 897234, 897234, 897234, 897235, 897237]","{897232: Timestamp('2017-10-21 03:24:18+0000', tz='UTC'), 897234: Timestamp('2017-10-21 03:23:00+0000', tz='UTC'), 897235: Timestamp('2017-10-21 03:35:33+0000', tz='UTC'), 897237: Timestamp('2017-10-21 03:40:21+0000', tz='UTC')}","@Delta HI! I have a flight tomorrow ( Sea-Lax) at 2 pm. Can i take an earlier fligth? Do i need to pay? I am a SkyPriority customer. @333065 Hello Max. Please follow/DM your confirmation number and I will gladly take a look. *ACJ @333065 Max, that confirmation number is not finding a Delta reservation. Ours will start with an F, G, H , or J. *ACJ @333065 Yes, if it's Aeroméxico ticket, they will have to process the changes. *ACJ","The customer by stating that he is a SkyPriority customer says that he have a flight for the net day (Sea-Lax) at 2pm and asks whether he can take an early flight. The agent asks to DM the confirmation number and informs that the confirmation number is not finding a Delta reservation, and adds that if it's Aeromexico ticket, they will have to process the changes.",0 days 00:17:21
530a13e2b75bbc5b20dd6e3f8b295861,"[269198, 269198, 269201, 269206, 269207]","{269198: Timestamp('2017-10-06 01:14:12+0000', tz='UTC'), 269201: Timestamp('2017-10-06 14:44:31+0000', tz='UTC'), 269206: Timestamp('2017-10-06 00:09:22+0000', tz='UTC'), 269207: Timestamp('2017-10-06 00:09:05+0000', tz='UTC')}","WTF is going on with @115888? When I click to play a song in the web version, it plays a different song than the one I clicked to play! @115888 I wish I had some desktop recording software so I could show you. @180192 You can press Ctrl+Shift+N to open an incognito window. It helps avoid cached data/cookies from interfering the process. Keep us posted! /AP @SpotifyCares Well, things seem to be working now. It's playing the right song now. I guess shutting off my computer &amp; turning it back on fixed it.",Customer complaining that he  is unable to play the music  in spotfy music app. Agent ask the customer to open that app in  incognito mode and it  BTW  it resolved itself.,0 days 14:35:26
39e5f0270c5bc5440be7648651c7c22a,"[2501170, 2501172, 2501173, 2501174, 2501175]","{2501170: Timestamp('2017-11-15 23:57:20+0000', tz='UTC'), 2501172: Timestamp('2017-11-16 05:34:15+0000', tz='UTC'), 2501173: Timestamp('2017-11-16 05:43:52+0000', tz='UTC'), 2501174: Timestamp('2017-11-16 09:20:54+0000', tz='UTC'), 2501175: Timestamp('2017-11-16 09:20:43+0000', tz='UTC')}","@AirAsiaSupport Thank you.. May I know is it the name must be all capital letter? @713497 it does not matter if its in small or big letters.As long as the spelling is correct .it is fine..=) .Thanks-Emir @AirAsiaSupport May I know if I want change my flight charges will be how much? @713497 &gt;&gt;  flight change fee and fare difference(if new fare is higher) will be charged. 
You can only &gt;&gt; @713497 &gt;&gt; make changes up to 48 hours before schedule time departure. -Jimy",Customer is enquiring about entering name while booking a flight and about the additional charges for changing the flight. Agent states that the flight change fee along with fare difference will be charged and suggests to make changes up to 48 hour prior to scheduled departure.,0 days 09:23:34
c27520ae8e310ea7ef115733cd29e8d4,"[1562799, 1562800, 1562801, 1562802, 1562803, 1562806, 1562808, 1562809]","{1562799: Timestamp('2017-11-04 10:15:33+0000', tz='UTC'), 1562800: Timestamp('2017-11-04 10:16:08+0000', tz='UTC'), 1562801: Timestamp('2017-11-04 10:10:19+0000', tz='UTC'), 1562802: Timestamp('2017-11-04 10:19:57+0000', tz='UTC'), 1562803: Timestamp('2017-11-04 10:26:05+0000', tz='UTC'), 1562806: Timestamp('2017-11-04 10:30:57+0000', tz='UTC'), 1562808: Timestamp('2017-11-04 09:54:00+0000', tz='UTC'), 1562809: Timestamp('2017-11-03 23:52:41+0000', tz='UTC')}","Why does @marksandspencer at Marylebone close BEFORE station closes. 22 potential customers in 8 minutes.The delight on his face says it all https://t.co/N7BzJROGO6 @482662 Hi Rob. We need to make sure we have enough time to get the store cleaned and sorted ready for the next day before the station closes! @marksandspencer True, but not related to when staff start turning customers away while others shop. What are official opening times of that store please? @482662 The store shuts at 11pm. @marksandspencer and opens at? @482662 7am Mon - Fri and 8am on Sat and Sun. @marksandspencer This needs to be reviewed, staff are trying to be helpful and open the doors later but leave customers with an inconsistent experience @482662 We'll get your comments passed over to the store management team Rob.",Customer is complaining about early closing of stores and turning away the customers. Agent states it is due to the time required to clean the store and the comments will be passed to the store management.,0 days 10:38:16
fb4eb0a9a67d8cfd9e412ee91c3f6915,"[2148861, 2148861, 2148862]","{2148861: Timestamp('2017-11-08 21:59:36+0000', tz='UTC'), 2148862: Timestamp('2017-11-09 12:53:01+0000', tz='UTC')}","Hello, @British_Airways! I have a problem booking my tickets. When i want to verify my payment with the secure code i receive on my phone, i press enter to finish my transaction but nothing happens, and theres no *send* button. What can i do? @631564 We’re sorry you’re having this issue, Mona. Have you tried to empty cache or delete temporary Internet files?^Corry",Customer is complaining for not being able to book tickets from his phone. Agent suggests to try out by clearing cache/cookies from the device.,0 days 14:53:25
02082347b503e1793cb225af34530ca1,"[1663364, 1663371]","{1663364: Timestamp('2017-11-06 09:11:49+0000', tz='UTC'), 1663371: Timestamp('2017-11-06 11:53:59+0000', tz='UTC')}","@SW_Help 3 trains cancelled in WoT but I've never saw so many fast trains going by. Fixing your reliability by leaving some of us stranded? @507043 Hi Salustiano, if you were delayed 30 minutes or more, you can claim for Delay Repay here: https://t.co/u9dx5QOZDs  ^JH",The customer is complaining that the train was delay. The agent updated that if they were delayed about 30 mins or more they can claim for delay repay.,0 days 02:42:10
9968f1140b2c8e7b5dda02f5fc656d86,"[2689103, 2689104, 2689104, 2689104, 2689105, 2689106, 2689108, 2689111, 2689112, 2689113, 2689114]","{2689103: Timestamp('2017-11-19 15:38:56+0000', tz='UTC'), 2689104: Timestamp('2017-11-19 15:26:53+0000', tz='UTC'), 2689105: Timestamp('2017-11-19 15:44:03+0000', tz='UTC'), 2689106: Timestamp('2017-11-19 15:43:44+0000', tz='UTC'), 2689108: Timestamp('2017-11-19 15:51:30+0000', tz='UTC'), 2689111: Timestamp('2017-11-19 16:18:31+0000', tz='UTC'), 2689112: Timestamp('2017-11-19 16:17:54+0000', tz='UTC'), 2689113: Timestamp('2017-11-19 16:36:54+0000', tz='UTC'), 2689114: Timestamp('2017-11-19 16:39:09+0000', tz='UTC')}","@VirginTrains hi. I had to swap trains to Glasgow in Lancaster due to delay. Left my new blue scarf in overhead near luggage coach b. (15:53 Preston train) Heading to Glasgow 5 mins behind, can someone grab it for me please. Was a gift! @VirginTrains Fab. It’s above the luggage rack at coach b. (Closest to lower numbers) it’s a lighter blue thick wool scarf. The train left Preston at 15:53 heading to Glasgow central. I’m on the one behind (14:41 to GCC) had to swap as my train was slightly delayed. @756065 1/2 No problem Niico, can we just double check the time of the service though please as we don't run a 15:53 train from Pre-Glc @756065 2/2 but we do run a 14:53, was it this one? ^HP @756065 No worries Niico, we'll get a message our to the Train Manager now and will let you know as soon as we have an update ^HP @756065 1/2 Hi again, Nico, was this a H&amp;M scarf? If so, the TM has this and will hand it in at Glasgow for you 😊 You're actually ahead @756065 2/2 of the train now by a few mins, but if you wait at Glasgow, he'll be walking down the platform to bring this in for you :) @VirginTrains Awwww this is fantastic!! Yep it’s an H&amp;M scarf. Thank you so much for all your efforts really appreciated xx @756065 No problem at all, Niico, glad we could help 😊  Enjoy the rest of your weekend  ^HP","Customer is seeking in help has he has left the scarf in luggage coach b due to delay of train he is requesting to get him that scarf back. Agent states that if he wait at Glasgow, the train manager will get that scarf for him.",0 days 01:12:16
1eaf47c50e23d44b83d441155046cb55,"[22695, 22704, 22705, 22705]","{22695: Timestamp('2017-11-30 19:09:05+0000', tz='UTC'), 22704: Timestamp('2017-11-30 07:12:41+0000', tz='UTC'), 22705: Timestamp('2017-11-30 06:01:35+0000', tz='UTC')}","@Ask_Spectrum Why isn’t my router going online????????? Answer that for me. It makes no sense at this point. It already drops connection atleast once a day and now it’s been offline for awhile now. Enlighten me. @120960 Good evening! I would really like to help with your internet services. When you can plz DM your phone number and address to chat? ^DT @120960 Thanks, I'm pulling up the schedule now. ^JH",Customer is facing problem with his router connection going offline or down. Agents informs customer about pulling up the schedule.,0 days 13:07:30
fc69e72fde39c9e2cdfbd9532425e01e,"[1184209, 1184211, 1184214, 1184215]","{1184209: Timestamp('2017-10-24 22:46:39+0000', tz='UTC'), 1184211: Timestamp('2017-10-24 22:38:16+0000', tz='UTC'), 1184214: Timestamp('2017-10-24 22:29:58+0000', tz='UTC'), 1184215: Timestamp('2017-10-24 22:21:38+0000', tz='UTC')}","So when's @115888 gonna let us sort albums by length and release date, I wanna access EPs/new releases quickly @398465 Hey! There's info on sorting and filtering here: https://t.co/5hjtm5AdqM. Checking out Fresh Finds and Release Radar should also help 🙂 /AR @SpotifyCares Maybe a nice option for premium users would be to manually organize your albums into a sort of meta playlist, I think this would be [3/2] @398465 We're afraid this isn't currently possible. To help make it happen, add your vote for a similar idea at https://t.co/e4LI1pbSdX /AR",Customer having an issue with sorting and filtering the albums. Agent sent the URL which is having the information of sorting and filtering.,0 days 00:25:01
98d4f1d2e38f936e0844162a408c7b67,"[1196084, 1196085, 1196086, 1196089, 1196091, 1196093, 1196095]","{1196084: Timestamp('2017-10-25 04:15:46+0000', tz='UTC'), 1196085: Timestamp('2017-10-24 23:16:17+0000', tz='UTC'), 1196086: Timestamp('2017-10-25 04:19:34+0000', tz='UTC'), 1196089: Timestamp('2017-10-25 14:45:05+0000', tz='UTC'), 1196091: Timestamp('2017-10-25 15:21:49+0000', tz='UTC'), 1196093: Timestamp('2017-10-25 16:33:11+0000', tz='UTC'), 1196095: Timestamp('2017-10-25 16:37:06+0000', tz='UTC')}","@AskPlayStation I'm trying to play dl games I bought on my PS3 n it's saying the licensing needs update n the store under maintenance wtd? @AskPlayStation I did that and I can search the Internet but the ps store says it's undergoing maintenance, is it or is my ps3 messed up after I updated it @401040 Thank you for clarify. We suggest to deactivate and reactivate your PS3 system, More details are here: https://t.co/PYoDDUyYuz @401040 Hi There! You can find the PS1 and PS2 games available for PS3 on the following link: https://t.co/Ylx1DUtYEk @401040 In the main menu please go to PSN&gt; PS Store and delete it from there, then re-install it. @AskPlayStation I have the ps store but I have legacy of kain soul reaver I can't play it but its in the store and it's saying I have to update the license @401040 Let's look into that. Please make sure you are following us, so we can assist you better via a Direct Message.",Customer complains that he is unable to play the games which he bought on ps3 which says that licensing needs update and ps store is undergoing maintenance. Agent provided some details to be followed and ask to check DM for further instructions.,0 days 17:20:49
95a6cc1f7cd2ae74794cf63ebaec6476,"[173319, 173327, 173327, 173330, 173333]","{173319: Timestamp('2017-11-24 22:43:55+0000', tz='UTC'), 173327: Timestamp('2017-11-24 23:24:55+0000', tz='UTC'), 173330: Timestamp('2017-11-24 23:39:09+0000', tz='UTC'), 173333: Timestamp('2017-11-24 22:27:23+0000', tz='UTC')}","@hulu_support I am sick and tired of being in the middle of a show and an ad pops up plays for a sec and freezes making me restart the show and hoping that the ad plays right the next time which 9 times outta 10 it freezes again #FixYOURSHITHULU @156566 Gotcha! Try clearing your cache, using a different browser, as well as: https://t.co/6xNmexfdiX. Let us know how things go! @156566 (1/2) We're looking into the Google Pixel ad issue. We usually troubleshoot on a case-by-case basis, as each setup is different. @156566 When we're dealing with a known issue we always own up to it, but what you've described does not fall into that category. 1/2","Customer is complaining about the ad pop ups and freezing which makes them to restart the show and ad plays right the next time which 9 times out of 10 it freezes again. Agent updates that when they are dealing with the known issue they can always own up to, but what they have described does not fall into the category and asks that have they tried any troubleshooting.",0 days 01:11:46
0f33f048fc6ba00bbfbe2c5a9a4471d8,"[968187, 968189]","{968187: Timestamp('2017-10-22 00:39:14+0000', tz='UTC'), 968189: Timestamp('2017-10-21 21:04:13+0000', tz='UTC')}",@AskPayPal Helloooo!!! Anybody there!!! are u sleeping!! I have a serious issue and you've been ignoring my tweets and DMs!! @349822 Hey there. We have seen your DM and have replied. Looking forward to helping you out. ^BV,The customer is seeking  help to resolve his issues. The agent says they have responded to his DM.,0 days 03:35:01
940fb21d1c060a2d997fce235b15885d,"[1710420, 1710423, 1715843, 1715846]","{1710420: Timestamp('2017-11-07 01:45:52+0000', tz='UTC'), 1710423: Timestamp('2017-11-06 23:45:12+0000', tz='UTC'), 1715843: Timestamp('2017-11-07 03:59:02+0000', tz='UTC'), 1715846: Timestamp('2017-11-07 04:05:24+0000', tz='UTC')}",@115714 full bars in the city of Green Bay on a new iPhone 8 plus and still in 1x https://t.co/3E9DENFvq7 @sprintcare Now I upgraded to the iPhone 8 plus and I’m still having reception issues @359512 Have you done any troubleshooting steps or visit Sprint store at all during the time you have been having issues? -OA @359512 Please message me in the direct message so I can better assist. -OA,The customer is complaining that they have an reception issue. The agent asking the customer to message them in the direct so that they can assist better.,0 days 04:20:12
fdb975f1c7221ff90baa89fa0c320d80,"[822734, 822735, 822736, 822739, 822740]","{822734: Timestamp('2017-10-12 23:21:38+0000', tz='UTC'), 822735: Timestamp('2017-10-12 23:17:18+0000', tz='UTC'), 822736: Timestamp('2017-10-12 23:38:29+0000', tz='UTC'), 822739: Timestamp('2017-10-13 00:23:15+0000', tz='UTC'), 822740: Timestamp('2017-10-13 00:51:46+0000', tz='UTC')}","@AppleSupport having a strange problem with Apple Watch since last update please help! 😩 @AppleSupport I can’t see people’s texts who don’t own Apple products. Like, the watch shows when they text me but I can’t open the message app to read it @315979 We know how important it is to be able to see your messages. Which model Apple Watch and watchOS are you using? @315979 Thanks. Let's go through the steps at the bottom of this article: https://t.co/c02ifgvYsE Let us know if this helps. https://t.co/GDrqU22YpT @AppleSupport Seems to be working alright now. Thank you",Customer having an issue with Apple watch. Agent asked the customer about the model of the apple watch and sent the URL to solve this issue.Finally issue got resolved.,0 days 01:34:28
1d330a4bd28f067454a9dd8f1d0e6cd7,"[736895, 736900, 736901, 736903]","{736895: Timestamp('2017-11-19 10:34:00+0000', tz='UTC'), 736900: Timestamp('2017-11-16 00:45:13+0000', tz='UTC'), 736901: Timestamp('2017-11-16 00:03:29+0000', tz='UTC'), 736903: Timestamp('2017-11-15 20:56:40+0000', tz='UTC')}","Its been 4-hours and I’m at 57% of the latest Microsoft update 💃🏻🤷🏻‍♀️🤦🏻‍♀️ @296265 Oh dear! Let's get this sorted, Nani. Which version of Windows are you using? Please tell us more details about your concern. @MicrosoftHelps Windows 10...Most recent update...Began around 10pm last night...Shutdown computer at 1am because I needed to sleep...Started up again at about 8am today...Finally got done (I hope) at 1:30pm this afternoon. @296265 Hi, Nani. Has the update finished? Just checking if you need further help. https://t.co/3qcAsLFkaY","The customer says that the latest Microsoft update is taking too long, like it's updated only 57% since 4 hours. The agent asks which version of Windows the customer is using and shares a link to help resolving the issue.",3 days 13:37:20
0bd760c9e29c7beb303d6cfed8b3d5cf,"[1433804, 1433805, 1433807, 1433809]","{1433804: Timestamp('2017-11-04 08:31:01+0000', tz='UTC'), 1433805: Timestamp('2017-10-29 15:13:57+0000', tz='UTC'), 1433807: Timestamp('2017-10-29 15:08:22+0000', tz='UTC'), 1433809: Timestamp('2017-10-29 12:26:49+0000', tz='UTC')}","@Tesco I have heard that you make a free from Christmas cake kit, will this be available in Kidderminster? (Please say yes!) @Tesco Very exciting! Do you know where abouts I can find it? I couldn't see it this week when I looked. @355045 Hi Rachel, you should be able to find the kits on the right hand side of aisle 33. I hope this helps, Leah. @355045 Hi Rachel, we have the Free From Vanilla cake kit and Free From Chocolate Christmas Pudding kits available. Thanks - Ian",Customer is enquiring about the Christmas cake it. Agent updated the customer that they have free from Vanilla cake kit and free chocolate Christmas pudding kits available.,5 days 20:04:12
9b9c40ba4f4d9e975c3da47d1d4f6741,"[1584905, 1584907]","{1584905: Timestamp('2017-11-04 21:10:58+0000', tz='UTC'), 1584907: Timestamp('2017-11-04 20:41:56+0000', tz='UTC')}",@115714 The Moto Z2's are garbage and you know it. Why did you sell me two of them?! https://t.co/XHf7ivHviF @487676 Let our repair reps take a look at it.,The customer is complaining that their moto z2 was not at all good and not functioning. The agent responded and told repair reps to take a look at it.,0 days 00:29:02
18c93a1f1c4d4cbe69a975950ebb4dcb,"[2784610, 2784612, 2784613, 2784614]","{2784610: Timestamp('2017-11-21 18:51:01+0000', tz='UTC'), 2784612: Timestamp('2017-11-22 00:30:24+0000', tz='UTC'), 2784613: Timestamp('2017-11-21 18:04:13+0000', tz='UTC'), 2784614: Timestamp('2017-11-21 17:46:29+0000', tz='UTC')}","@AppleSupport I’ve fully updated my phone and it is still freezing for 10 or so seconds when switching to and from the emoji keyboard. Anything I can do to fix this??? @247210 Thanks for reaching out, we're here to partner up with you and look for the best solution to your issue. Are you having this issue with your Messages app or a third party app to send/receive messages? @247210 By any chance, are you experiencing a similar issue throughout the whole device or only when you attempt to use your keyboard? We want to make sure that we narrow down the issue between the keyboard or the overall system performance. @247210 We appreciate the info that you've provided us so far. Please provide us with your current location (region) in a DM and we'll take it from there. https://t.co/GDrqU2kzhr",Customer is having an issue with phone has it is freezing for 10 seconds when switching to and from  the emoji keyboard. Agent asked is having this issue with message app or any third party app and informed to provide current location in a DM. So that they can look into it.,0 days 06:43:55
d42302c9690520d8e7944b83905b76af,"[1863277, 1863279, 1863282, 1863284, 1863286]","{1863277: Timestamp('2017-10-20 12:49:21+0000', tz='UTC'), 1863279: Timestamp('2017-10-20 12:46:17+0000', tz='UTC'), 1863282: Timestamp('2017-10-20 13:15:32+0000', tz='UTC'), 1863284: Timestamp('2017-10-20 12:27:46+0000', tz='UTC'), 1863286: Timestamp('2017-10-20 07:20:02+0000', tz='UTC')}","About to drop @115888. Bugging out and won’t play any frank ocean tracks whether they are saved or not. @SpotifyCares iPhone 6 Plus/iOS 11.0.3 and I’m using Spotify mobile ver. 8.4.22.515 @SpotifyCares No error message. The player disappears when you click on a song and the app doesn’t appear to be doing anything. @556756 Hmm. Can you try logging out of Spotify, restarting your device, and logging back in to see if that helps? Keep us posted /NY @556756 Alright. Can you DM us your account's email address? We'll check things behind the scenes /NY https://t.co/ldFdZRiNAt",Customer complains that he is unable to play a music in Spotify music app. Agent updated the customer to  DM  for account information to  further assistance.,0 days 05:55:30
6477fbb75c1f6443167715befb456ff0,"[1857704, 1857705, 1857706]","{1857704: Timestamp('2017-10-18 08:50:42+0000', tz='UTC'), 1857705: Timestamp('2017-10-18 07:23:44+0000', tz='UTC'), 1857706: Timestamp('2017-10-18 08:52:57+0000', tz='UTC')}","@VirginTrains Hi, full train prices still don't seem to be out for the whole Christmas period - can you confirm when they'll be released? @VirginTrains 27th or 28th Dec - a one way is coming out at £80 for 1 adult &amp; has been for the last 4 weeks at least. @131551 Hi Matt. The tickets for 27th will be released tomorrow and 28th will be released on 20/10. ^BT",Customer is asking when the full train prices will be released since it didn't seem to be out for the whole Christmas period. Agent updates that the tickets for 27th will be released tomorrow and 28th will be released on 20/10.,0 days 01:29:13
90a3117bb8666d47cfd303300ef0f84e,"[658754, 658756, 658760]","{658754: Timestamp('2017-11-23 10:58:52+0000', tz='UTC'), 658756: Timestamp('2017-11-21 14:03:04+0000', tz='UTC'), 658760: Timestamp('2017-11-21 09:27:55+0000', tz='UTC')}","@MicrosoftHelps I have a Surface Pro 4 i7 and my screen panel has started flickering up and down, bought in US Microsoft Store in Feb 2016 but I am now in UK how to get support @276841 We appreciate your response. We suggest that you update your display adapter on the device manager by following the steps on this link: https://t.co/sH41IJGu3m Feel free to tweet us back if you need further assistance. @276841 In this case, we suggest that you contact our Answer Desk for further assistance. Here's the link: https://t.co/NBcdyLuTL3",Customer has problem with his screen panel which has started flickering up and down. Agent suggest to contact their answer desk for further assistance.,2 days 01:30:57
61cdacd1f58eaa149123a52d46da29f5,"[2093591, 2093592, 2093593, 2093596]","{2093591: Timestamp('2017-11-05 00:21:31+0000', tz='UTC'), 2093592: Timestamp('2017-11-05 00:09:46+0000', tz='UTC'), 2093593: Timestamp('2017-11-05 00:19:29+0000', tz='UTC'), 2093596: Timestamp('2017-11-04 23:56:55+0000', tz='UTC')}","@mediatemplehelp All sites are down on my Grid. @mediatemplehelp I see an Abuse Notice in my account for several of my Wordpress sites. Not sure what this is about? @433738 I see, it looks like there was a support request sent out regarding the service being compromised, the sites we likely disabled as a result. @433738 I would suggest reviewing the file list provided in the notice and/or updating the open support request with any additional questions.","Customer is complaining that all the sites are down on their grid. Agent suggests to go through and remove/replace the listed files, once cleaned they can rescan the sever and enable the sites.",0 days 00:24:36
0d08a099fa2b67d7e733ddaec28eed84,"[1859908, 1859908, 1859916, 1859919, 1859919]","{1859908: Timestamp('2017-10-19 22:23:25+0000', tz='UTC'), 1859916: Timestamp('2017-10-19 14:14:01+0000', tz='UTC'), 1859919: Timestamp('2017-10-19 12:46:32+0000', tz='UTC')}","Hey @115722, Check out my @55 result! https://t.co/QNI1xmeqC5 #speedtest - I pay for 100/100 . Help please? @177474 Are you able to test the speed on a wired device? 
^TDC @177474 Once you use the 3rd party router and WiFi connect your speed drops.  There is nothing we can do unless you have our router.
^ACM",Customer is asking to check the speed test for which he pay 100. Agent says that nothing can do unless have their router.,0 days 09:36:53
9f734836b083f57771ccfc29917cac7c,"[729310, 729311, 729312, 729320]","{729310: Timestamp('2017-10-11 08:59:05+0000', tz='UTC'), 729311: Timestamp('2017-10-11 09:02:33+0000', tz='UTC'), 729312: Timestamp('2017-10-11 08:49:48+0000', tz='UTC'), 729320: Timestamp('2017-10-11 08:58:50+0000', tz='UTC')}","@Safaricom_Care how do u explain this???? Within 20 MNS 1gb gone???? Seriously????? https://t.co/SBB1mlhRcu @294683 Check tips on how to manage your data here https://t.co/WGlXTp1nzl. We will also like you to (cont) @294683 access billing here https://t.co/YIF9X1BJXQ. Incase you still have any problem, DM your number for help. ^WN @Safaricom_Care this is not the first time am using this subscription,, it lasts 1 week minimum,, I need value for my subscription",Here customer complain about internet issue where 1 gb of data is gone within 20 minutes. Here Agents sends a link where customer can find how to manage  data and also tells him  to message if it wont get resolve so that thier team can help her over it.,0 days 00:12:45
d07924e25d64556e9f44bad175a38f4a,"[2064438, 2064440, 2064440, 2064445, 2064446]","{2064438: Timestamp('2017-11-08 01:47:58+0000', tz='UTC'), 2064440: Timestamp('2017-11-08 01:37:06+0000', tz='UTC'), 2064445: Timestamp('2017-11-08 03:25:58+0000', tz='UTC'), 2064446: Timestamp('2017-11-08 03:27:47+0000', tz='UTC')}","@Tesco Please double check the fresh produce before putting thrm on the shelves. Virtually all of your cherry tomato packets were mouldy! @326002 Hi there, I'm really sorry that the cherry tomato's were mouldy. Which store was this in please? TY - Paul @326002 Was the packet you bought OK? If not can you DM me your full name, address, email, the barcode, price paid and batch/SC codes? 1/3 @Tesco The tomatoes I bought were okay :)
Just thought it best to bring to your attention that many of the other packets contained mouldy tomatoes.",The customer says that the cherry tomato's in the store he visited were mouldy. The agent asks the store's information and says that the remaining stocks will be checked.,0 days 01:50:41
14da08e883b55176bb3547c6123d8735,"[10458, 10469, 10473, 10474, 10475]","{10458: Timestamp('2017-11-01 00:19:00+0000', tz='UTC'), 10469: Timestamp('2017-11-01 00:45:00+0000', tz='UTC'), 10473: Timestamp('2017-11-01 01:28:00+0000', tz='UTC'), 10474: Timestamp('2017-11-01 00:16:30+0000', tz='UTC'), 10475: Timestamp('2017-11-01 00:13:37+0000', tz='UTC')}","Our cable is down so my mom called @115722. She’s been on hold for over an hour. This is ridiculous @117904 That is a long time to wait. We can help here. Are other services down or just the TV?
^HSB @117904 What error message is being shown on the TV?
^HSB @117904 Please press and hold down the ""Alarm Silence"" or ""ONT Reset"" button for about 15 seconds. The network terminal to reboot.
^HSB @117904 Thanks for trying. Please follow and DM us to continue. 
^HSB",Customer is having an issue with channel unavailability on Tv. Agent informed the customer to do some basic trouble shooting then ask them to send DM for continue the same.,0 days 01:14:23
11114c1b3bf3362b9656e7079689afba,"[1739228, 1739235]","{1739228: Timestamp('2017-11-07 16:06:31+0000', tz='UTC'), 1739235: Timestamp('2017-11-08 15:43:07+0000', tz='UTC')}",@115888 any idea when you’ll fix the WiFi glitch? Music won’t load when connected to work WiFi. Forums show this is a known issue? @524904 Could you send us your account's username or email address? We'll take a look backstage /TM,The customer is complaining that music won't load when connected to work wifi. The agent asked to restart and send username and account email address.,0 days 23:36:36
2c1f44e6c4b3ceb00a6821eb0a17dae6,"[1235070, 1235071, 1235072, 1235073, 1235076, 1235077]","{1235070: Timestamp('2017-10-25 18:13:33+0000', tz='UTC'), 1235071: Timestamp('2017-10-25 18:26:18+0000', tz='UTC'), 1235072: Timestamp('2017-10-25 18:08:38+0000', tz='UTC'), 1235073: Timestamp('2017-10-25 18:35:52+0000', tz='UTC'), 1235076: Timestamp('2017-10-25 18:06:23+0000', tz='UTC'), 1235077: Timestamp('2017-10-25 17:54:58+0000', tz='UTC')}","@nationalrailenq @LondonMidland Hi. When is the next train expected to leave Euston and arrive at Milton Keynes? @249770 Hi there, lines have now re-opened so services will begin to run. @nationalrailenq Ok. Is there still a replacement bus service running from Luton Main to Milton Keynes? @249770 I believe so yes, if you speak to station staff, they will advise. @nationalrailenq Just arrived at Luton Main. No staff have been told about a bus service. There is no bus. I've got a taxi. Where can I claim taxi receipt? @249770 I'm sorry to hear this, you will need to claim delay repay by visiting he train operators website you were travelling with.",Customer is enquiring about the timings of the next train and also asking about bus service. Agent replied that they need to claim delay repay by visiting train operators website.,0 days 00:40:54
f1d35fe2ed813e7084216afe7c0bfd7b,"[764911, 764913, 764917, 764918, 764919, 764921, 764923]","{764911: Timestamp('2017-10-11 21:58:40+0000', tz='UTC'), 764913: Timestamp('2017-10-11 21:22:56+0000', tz='UTC'), 764917: Timestamp('2017-10-12 00:41:25+0000', tz='UTC'), 764918: Timestamp('2017-10-12 13:13:10+0000', tz='UTC'), 764919: Timestamp('2017-10-12 13:16:23+0000', tz='UTC'), 764921: Timestamp('2017-10-12 13:33:54+0000', tz='UTC'), 764923: Timestamp('2017-10-12 13:39:08+0000', tz='UTC')}","@Delta Hi Delta, my parents are elderly and flying with you in a couple weeks. Is there someone I can speak with to help them? @302818 Do you have the confirmation  number and I will be glad to take a look? *HRO @302818 If they need assistance with connections or at the airport I will be glad to arrange that for them. Thank you.  *HRO @Delta Can we help them get to the taxi area ok at JFK? @302818 We can add a wheelchair or Meet and Assist to the record. *ALS @302818 Unfortunately, we don't have anyone that can assist with carrying their bags. *ALS @Delta No to carry, helping them lift on plane, etc.",Customer asks for the help to have a convenience as their aged parents are travelling from flight. Agent replied that they can assist them at the airport and states that they don't have anyone who can carry their bags.,0 days 16:16:12
bdc147b48e71ea8a0051787bae66fd49,"[1926509, 1926511, 1926515, 1926517]","{1926509: Timestamp('2017-10-27 15:33:19+0000', tz='UTC'), 1926511: Timestamp('2017-10-27 15:26:15+0000', tz='UTC'), 1926515: Timestamp('2017-11-08 11:51:38+0000', tz='UTC'), 1926517: Timestamp('2017-11-08 12:34:22+0000', tz='UTC')}","@ArgosHelpers could you let me know if you expect the lol surprise big surprise: 725/4811 to be back in stock? if so, when? @424326 HIya, we are having some more stock of these coming back in around the beginning of November, as of yet there are no dates for this - Lara @424326 HI there we are due to receive further stock towards the end of November - Sheree @424326 Hi, yes both are currently out of stock due to such high demand, we are due more stock on both items very soon - Imanni",Customer is asking help that let them know if they expect the lol surprise 725/4811 to be back in stock. Agent updated that they both are currently out of stock due to high demand.,11 days 21:08:07
4e5958ca27a9801cf10fcda63a5caff3,"[178172, 178173, 178174, 178176, 178176]","{178172: Timestamp('2017-11-25 00:48:51+0000', tz='UTC'), 178173: Timestamp('2017-11-25 01:03:27+0000', tz='UTC'), 178174: Timestamp('2017-11-24 21:46:47+0000', tz='UTC'), 178176: Timestamp('2017-11-25 03:53:00+0000', tz='UTC')}","@MicrosoftHelps My Epson Dot Matrix printer stopped working on my Windows 10 Pc’s for no reason, need this for work, any fixes?? @157996 Hi, Rolando. Let's investigate this further. Were there changes made to your device prior to this issue? Are you getting any error messages? What troubleshooting steps have you tried so far? @MicrosoftHelps No changes, just the normal windows 10 updates  the printer is a epson 300 lx ii the PC is a windows 10 Lenovo all in one. @157996 1/2 Microsoft and your printer manufacturer have determined the cause of the issue and are working together on a solution. This problem is not related to the printer driver, so installing current or older printer drivers will not resolve the issue.",Customer is complaining that Epson dot matrix printer stopped working on his windows 10 Pc's for no reason need this for work any fixes. Agent updated that Microsoft will provide an update as soon as the issue is resolved.,0 days 06:06:13
47251e24638f787e37d700999e309e1a,"[1017186, 1017194, 1017195, 1017196]","{1017186: Timestamp('2017-10-14 15:34:36+0000', tz='UTC'), 1017194: Timestamp('2017-10-14 16:51:24+0000', tz='UTC'), 1017195: Timestamp('2017-10-14 15:33:38+0000', tz='UTC'), 1017196: Timestamp('2017-10-14 15:24:42+0000', tz='UTC')}","@SouthwestAir arrived at FLL only to find hotel I booked through you is closed and I wasn’t notified. Not how I expected to start my vac!! @343031 Oh no, Zach! Did you book it online or through a Vacation Package? ^SW @SouthwestAir I booked it online after I booked my flight @343031 Zach, feel free to give us a call at 1-800-IFLYSWA if we can help with rebooking or requesting a refund. ^SW",Customer complaining about cancellation on hotel booking. Agent informs customer to call at 1-800- IFLYSWA to help with rebooking or for requesting a refund.,0 days 01:26:42
cb5e044af251e7cec4dbd10e101a80f0,"[2113196, 2113205, 2113206]","{2113196: Timestamp('2017-11-08 15:50:42+0000', tz='UTC'), 2113205: Timestamp('2017-11-08 13:43:24+0000', tz='UTC'), 2113206: Timestamp('2017-11-08 15:13:41+0000', tz='UTC')}","@116016 won’t let me upgrade to #SapphireReserve bc I’ve only had the preferred card for 11 months. Guess Ill be taking my $63k in charges in 11 months to @117157. #badpolicy #poorcustomerservice @623116 2/3 prevents us from changing a product if the annual fee will increase on an account that has not been open for at @623116 2/2 account is at least 12 months old, we would love to assist you with changing your card. We ask for your patience in this. ^SC","Customer is complaining that is not letting them to upgrade to Sapphire Reserve because they only had the preferred card for 11 months. Agent updates that once the account is at least 12 months old, they would love to assist them with changing their card.",0 days 02:07:18
cb38cc9c6e6b3d79d5f96759ff4ee4f2,"[734209, 734214, 734217]","{734209: Timestamp('2017-10-11 12:42:45+0000', tz='UTC'), 734214: Timestamp('2017-10-11 11:20:39+0000', tz='UTC'), 734217: Timestamp('2017-10-11 11:11:24+0000', tz='UTC')}","I shouldn't have to say this but if my flight doesn't make it back home in time 4 @3276, we gonna have a problem @AmericanAir @295673 Our Finnair friends will have you wheels up as quickly as they can and on your way. @AmericanAir We waited an hour for them to tell us that we need to wait another hour to hear the status of our flight.",Customer is complaining about the delay in flight and tells that if flight doesn't make it on time then it will be a problem. Agent updates that their Finnair friends will have wheel ups as quick as they can do and updates to check directly with Finnair.,0 days 01:31:21
17f3be231950f68b4d642597687cbd02,"[2460329, 2460331]","{2460329: Timestamp('2017-11-15 07:09:16+0000', tz='UTC'), 2460331: Timestamp('2017-11-15 06:59:49+0000', tz='UTC')}","@Safaricom_Care refund the money you deducted  from my line 0716967895 yesternight without sending me the tunukiwa mbs I had requested for..Asap @704523  Hi, we have advised on call. We are following up on the issue under ticket number  1-DFOI8R4 .^CH",The customer is asking for the refund that was deducted on his line 0716967895. The agent apologizes and told them that they are working on the issue to fix it soon.,0 days 00:09:27
3912147a9e51918abfffc44d8730cc52,"[726451, 726457, 726458, 726460, 726460]","{726451: Timestamp('2017-10-11 05:37:09+0000', tz='UTC'), 726457: Timestamp('2017-10-12 01:27:43+0000', tz='UTC'), 726458: Timestamp('2017-10-11 05:31:41+0000', tz='UTC'), 726460: Timestamp('2017-10-11 05:13:47+0000', tz='UTC')}","@AskPlayStation I have internet connection but am receiving a CE-33992-6 error code when trying to log in. All of my games are locked. @294018 Sorry to know that. Please power cycle your network devices and try again, steps here: https://t.co/UUMNDRIFMj @294018 Please go to Safe Mode and select Restore Default Settings. Steps here: https://t.co/OOaq76kzAA @294018 No worries! For assistance with deactivating your consoles remotely, please refer to the following link: https://t.co/cJq9w5ZFg5",Customer complaining about his network connection  and getting  error code and some of his games are locked. Agent suggest to power cycle his network devices and  suggests to deactivate his consoles remotely and try using URL.,0 days 20:13:56
b9f8a67a3f374bedc6144aec87b73a18,"[720394, 720399, 720400, 720408]","{720394: Timestamp('2017-11-05 12:24:42+0000', tz='UTC'), 720399: Timestamp('2017-11-05 11:21:31+0000', tz='UTC'), 720400: Timestamp('2017-11-05 10:51:11+0000', tz='UTC'), 720408: Timestamp('2017-11-05 13:03:42+0000', tz='UTC')}","@VirginTrains please can you advise why the 10:38 from Liverpool to Euston is still sitting at Lime Street? How long until we leave? @292420 Apologies Peter, this is due to a signalling failure I'm afraid but we hope to have you on the move asap ^HP @VirginTrains How do I get a refund for the useless WIFI one just paid £5 to use? @292420 Sorry to hear that Peter. You can watch movies and TV shows via our BEAM app, as this works on a separate network to our wifi",The customer is asking why the train is delayed in the journey and asking method to get refund for not being able to use wifi. Agent is responding the delay is due to signalling failure and suggesting to use BEAM app as it works on separate network to their wifi.,0 days 02:12:31
e23a4cfc30e3347220142cddab92d31a,"[881610, 881611, 881613, 881614, 881615]","{881610: Timestamp('2017-10-21 19:44:50+0000', tz='UTC'), 881611: Timestamp('2017-10-21 19:44:23+0000', tz='UTC'), 881613: Timestamp('2017-10-20 19:07:09+0000', tz='UTC'), 881614: Timestamp('2017-10-20 19:12:59+0000', tz='UTC'), 881615: Timestamp('2017-10-19 19:03:57+0000', tz='UTC')}","@sainsburys absolutely disguisted with this mouldy in date cheese I bought on Tuesday. Sent my 9 month to nursery with these. P***ed off! https://t.co/8ap6QZNKS1 @329337 Oh, sorry Adele! Is your little one okay? Which store did you get these from? Can you please show me a pic of the barcode? Daryl. @sainsburys This was the second one he had but wasn’t noticed on the first so we have had a sick baby today. We got it from Barnstaple, Devon @329337 Sorry Adele, I hope he's o the mend soon. Can you DM your full address and telephone number by clicking the link below. We'd... 1/2 @329337 ...like to pass your info to our Executive Office for further investigation. Thanks, Mel. 2/2 https://t.co/MdMtnTlX6H","Customer is complaining about the product that he as purchased which makes his baby sick. Agent updated to send the picture of the barcode  and also DM full address,telephone number for further investigation.",2 days 00:40:53
eccfb40c8b6a002ed01961b24d0ed554,"[2116061, 2116061, 2116061, 2116064, 2116065]","{2116061: Timestamp('2017-11-08 12:46:25+0000', tz='UTC'), 2116064: Timestamp('2017-11-08 15:23:02+0000', tz='UTC'), 2116065: Timestamp('2017-11-08 15:22:52+0000', tz='UTC')}","@ArgosHelpers why is fast track slower than just ordering? Placed order Sunday, still waiting for 2 items. One missing in store, one still not delivered. Annoying to say the least @623775 Thanks, I have spoken to the Longbridge store due to system error, you items haven't allocated correctly... @623775 ... The 2 items you are waiting for a in stock and you can collect them immediately. - Kelly",Customer is complaining about the 2 items he ordered in which one is undelivered and the other is out of stock. Agent states that the information customer received was due to system error and requests to collect them immediately from the store.,0 days 02:36:37
92f1fd8b569586ac8ae86b12e24eae75,"[1949836, 1949837, 1949839, 1949843]","{1949836: Timestamp('2017-10-29 12:33:57+0000', tz='UTC'), 1949837: Timestamp('2017-10-29 12:49:40+0000', tz='UTC'), 1949839: Timestamp('2017-10-29 12:51:59+0000', tz='UTC'), 1949843: Timestamp('2017-10-29 09:23:14+0000', tz='UTC')}","@ArgosHelpers bought a Dyson fluffy cordless 2 wks ago &amp; battery lasts 10mins not the 20mins stated. Will I be able to get a replacement? @579189 DYSON LIMITED  0800 298 0298
Mon - Fri 08:00am to 8.00pm Sat - Sun 08:00 to 6:00pm
__email__

They may be able to help
alyson @ArgosHelpers Think I will try to take it to the store, it’s been charged and used twice just want a replacement that works. Thanks @579189 That's fine but Dyson do prefer to deal with their own after-sales care, so it may be a quicker and easier process to phone them.
Alyson","Customer is complaining about the battery of Dyson fluffy cordless which was bought 2 weeks ago and lasts for only 10 mins rather than 20 mins which was stated and asks whether it can be replaced. Agent updates that Dyson do prefer to deal with their own after - sales care, so it might be quicker and easier process for them on phone.",0 days 03:28:45
7ce108a8a856507fef3ecf4c4c57afd2,"[238812, 238814, 238821, 238825, 238826]","{238812: Timestamp('2017-10-04 09:45:27+0000', tz='UTC'), 238814: Timestamp('2017-10-04 09:28:21+0000', tz='UTC'), 238821: Timestamp('2017-10-04 01:43:00+0000', tz='UTC'), 238825: Timestamp('2017-10-04 00:53:27+0000', tz='UTC'), 238826: Timestamp('2017-10-03 23:53:23+0000', tz='UTC')}","@116331 @idea_cares migrated from prepaid to postpaid yesterday but due to address verification error, postpaid hasn't started. https://t.co/u2kS7CgPyq @161357 Apologies for the trouble. Request you to visit your nearest my Idea store for further assistance.(1/2)
Regards,
Darshan. @161357 We will raise this concern to higher authority be rest assure.
Regards,
Amruta @idea_cares Please call 9574008368 they are giving me false assurance since 12 noon that their sales executive is visiting me. What is reality. #care @161357 We request you to wait for sometime,we will get in touch with you.
Regards,
Amruta","Customer is asking when migrated from prepaid to postpaid, it has not started due to address verification error. Agent requests to wait for sometime and they will get in touch.",0 days 09:52:04
603019803c62dcdc135e26fc8798bc73,"[2971362, 2971367, 2971367, 2971370]","{2971362: Timestamp('2017-11-30 01:24:00+0000', tz='UTC'), 2971367: Timestamp('2017-11-30 00:50:58+0000', tz='UTC'), 2971370: Timestamp('2017-11-30 00:40:23+0000', tz='UTC')}","@VerizonSupport My internet went out and it now says limited on my router has an orange light any way i can get help on how to fix or a number to call? @819581 We can help! Try a manual reboot. Do so by unplugging the router and unscrewing the coax cable. After 3mins, re-screw the coax cable and plug in the router. This should help! Let us know. ^DDG @819581 Can you unplug the power for about 30 seconds to a minute then return the power?
^HSB",Customer is complaining that their internet went out and now it says its limited on router which has an orange light and asks how can they get help to fix this issue. Agent updates several solutions which didn't make any change and requested to follow and DM so that they can have a closer look into this issue.,0 days 00:43:37
0a550cad40a29dc96e573d1e837d85a9,"[2763889, 2763891, 2763892, 2763893]","{2763889: Timestamp('2017-11-21 13:28:34+0000', tz='UTC'), 2763891: Timestamp('2017-11-21 08:10:02+0000', tz='UTC'), 2763892: Timestamp('2017-11-21 08:03:42+0000', tz='UTC'), 2763893: Timestamp('2017-11-21 07:36:33+0000', tz='UTC')}","@116245 can you check order FT287235 for me. I purchased the Paw Patrol monkey temple on this order and it said in stock but it doesn’t seem to be on the actual order for some reason? But you’ve taken my money? Please make sure the item is on the order for when I collect @270801 Hi I am sorry but this item has been cancelled and refunded due to no stock available. ~ Catherine @ArgosHelpers How can you sell me it though, I want the whole thing cancelling then as I’m travelling to get that item. You can’t sell me an item that’s clearly not in stock. What a joke. Either cancel my order or source me the item by Thursday or a complaint will be going in @270801 Hi Tom, My name is Mandy and I am the duty manager here today, Can you please DM us so that we can reply, I look forward to your reply","The customer says that he purchased the Paw Patrol monkey temple, it was in stock but it doesn't seem to be on the actual order for some reason and says that they can't sell him an item that's clearly not in stock. The agent says that the item has been cancelled and refunded due to no stock availability and asks to DM to assist further on the issue.",0 days 05:52:01
41f441f640bf1e579e6f5f9ed21be2c0,"[2520550, 2520550, 2520553, 2520556]","{2520550: Timestamp('2017-11-16 01:41:35+0000', tz='UTC'), 2520553: Timestamp('2017-11-16 01:24:06+0000', tz='UTC'), 2520556: Timestamp('2017-11-16 01:20:25+0000', tz='UTC')}","@AmazonHelp My order was to arrive by 8pm today and when I called to inquire they simply said “tomorrow” @AmazonHelp Nothing! It was 50 miles from me 3:50 am and no updates until after 8pm today @677334 I'd like to make sure this is escalated directly to our transportation team. Please provide additional information here: https://t.co/r6PbgLU7bN, so we can look into this further for you. ^JN",Customer is complaining about delayed and rescheduled delivery. Agent states the issue has been escalated to their transportation team.,0 days 00:21:10
8f02f099c45f60b65e019c8ff6b17f6f,"[2124540, 2124540, 2124541, 2124542, 2124543]","{2124540: Timestamp('2017-11-08 19:05:35+0000', tz='UTC'), 2124541: Timestamp('2017-11-08 19:08:40+0000', tz='UTC'), 2124542: Timestamp('2017-11-08 17:41:34+0000', tz='UTC'), 2124543: Timestamp('2017-11-08 17:33:28+0000', tz='UTC')}","@GWRHelp I’m on the 17.20 from Newbury which left 7mins late. I only had 6 mins to make 18.09 connection to Bath. Can it be held? @251819 Hi Sophie. If operationally possible we would look to hold but it can;t be guaranteed I'm afraid. Lewis @GWRHelp Newbury to Bath changing at Westbury. 17.20 delayed, so missed 18.09, 18.38 cancelled. Should be at family dinner now. Not Westbury. @251819 Sorry that this is the case Sophie. A broken down cross country train in the Bristol Parkway area has caused delays and cancellations - Josh",The customer says that the train delayed by 7 minutes and he missed out another one because of the delay and missed family dinner. The agent informs that a broken down cross country train in Bristol Parkway area has caused delays and cancellations.,0 days 01:35:12
364718ce1bbe836efae4c3339f24db6d,"[2543481, 2543482, 2543482, 2543483, 2559453]","{2543481: Timestamp('2017-11-16 13:03:14+0000', tz='UTC'), 2543482: Timestamp('2017-11-16 13:01:10+0000', tz='UTC'), 2543483: Timestamp('2017-11-16 17:12:22+0000', tz='UTC'), 2559453: Timestamp('2017-11-17 00:08:57+0000', tz='UTC')}","@AdobeCare My Lr Classic sync to cloud is stuck at 159 images uploading and 16 pending. How to clear the queue and get sync working again? @723072 We're looping in an expert who can help you out here. They will reply as soon as they're available. Thanks ^NR https://t.co/iuwZCjz4Or @723072 Hi Tore, could you please check this link &amp; let us know how many images do you see synced here: https://t.co/kPNFSDYDeQ .   ^Sahil @723072 We're looping in an expert who can help you out here. They will reply as soon as they're available. ^Raj",Customer complaining that his lr classic sync to cloud is stuck at 159 images and 16 pending. Agent suggest that they are looping in an expert they can help him over their and telling that to check the link and let he know how many images do he see synced using URL.,0 days 11:07:47
32aad42d89af6b0d9c34463456145bbd,"[1533553, 1533555, 1533557, 1533559, 1533560]","{1533553: Timestamp('2017-11-03 23:29:50+0000', tz='UTC'), 1533555: Timestamp('2017-11-03 23:27:10+0000', tz='UTC'), 1533557: Timestamp('2017-11-04 01:14:09+0000', tz='UTC'), 1533559: Timestamp('2017-11-03 23:21:55+0000', tz='UTC'), 1533560: Timestamp('2017-11-03 23:17:57+0000', tz='UTC')}","@AskPlayStation ive been trying to use youre support chat but it wont work and im having problems starting up some games i need help @475599 Here to help! Are you getting any error code or message? 
Please provide us more details about the issue @AskPlayStation no no error code i went to start up the game but when i get to the main menu to press start or x it wont work on all my games @475599 That's odd. Please try rebuilding the database. Follow the steps on the next article: https://t.co/OOaq76kzAA @AskPlayStation all we had to do was unplug the remote but thanks",The customer is having problem in starting up some games and says its resolved after unplugging the remote. The agent is asking for error code or message and asks the customer to rebuild the database by providing procedural steps.,0 days 01:56:12
11db60ec3386930ad884d55e8c75a473,"[15007, 15008, 15012, 15014]","{15007: Timestamp('2017-11-22 13:46:14+0000', tz='UTC'), 15008: Timestamp('2017-11-22 14:57:48+0000', tz='UTC'), 15012: Timestamp('2017-11-22 13:44:17+0000', tz='UTC'), 15014: Timestamp('2017-11-22 13:36:26+0000', tz='UTC')}","@SouthwestAir I heard a wonderful and heart-warming story from my @115873 passenger yesterday about the airline helping her after breaking her foot. It doesn't surprise me. Southwest is a great company. @SouthwestAir @115873 The main reason seems to be that you don't appear on Google's flight search. May I suggest you make this your new slogan: ""Our flights won't appear on search engines."" @119261 Ha, you're right! We don't offer flights on 3rd party sites. We really appreciate you being an advocate for us. Please DM your Rapid Rewards # for some extra love. ^MR @SouthwestAir I don't have a rapid rewards number, unfortunately.","Customer is very delightful with the service when they heard heart warming story from the passengers how the airline helped after breaking her foot. Agent was really appreciated with the feedback and asks the customer to DM rapid rewards, if not then provides an URL where they can enroll the rapid rewards.",0 days 01:21:22
b39a2b182f7a4e2e2c59f7ff23746f13,"[1188316, 1188317, 1188319, 1188321, 1188322]","{1188316: Timestamp('2017-10-15 21:24:52+0000', tz='UTC'), 1188317: Timestamp('2017-10-15 22:10:04+0000', tz='UTC'), 1188319: Timestamp('2017-10-15 21:14:50+0000', tz='UTC'), 1188321: Timestamp('2017-10-15 22:25:27+0000', tz='UTC'), 1188322: Timestamp('2017-10-15 22:27:30+0000', tz='UTC')}",After 2 @115858 iOS updates my iPhone 6 is still stuttering to start. Looks like it’ s a Samsung coming @399446 We'd like to help. Are you currently running iOS 11.0.3? You can check in Settings &gt; General &gt; About @AppleSupport It is staggering in action @399446 Please send us a DM and we can chat with you there. https://t.co/GDrqU22YpT @AppleSupport Out and about presently will do when back in office. Thank you. Geoff,Customer complains about  issue on update of i phone. Agent updated the customer to  DM for further assisatane.,0 days 01:12:40
eb0bbbe9f74933eb4140524d68b0a940,"[66582, 66584, 66589, 66592, 66596]","{66582: Timestamp('2017-11-30 08:04:01+0000', tz='UTC'), 66584: Timestamp('2017-11-30 08:00:05+0000', tz='UTC'), 66589: Timestamp('2017-12-01 19:44:33+0000', tz='UTC'), 66592: Timestamp('2017-12-01 21:58:07+0000', tz='UTC'), 66596: Timestamp('2017-12-03 11:32:24+0000', tz='UTC')}","@118056 How do I disable the Text Analytics API or at least regenerate the keys? @131225 Can you create a forum post with the tag “text-analytics-api” and send us the link? https://t.co/ylSGtw9O3B ^SN @131225 You can use the following PowerShell cmdlets to delete the account: https://t.co/60UEkB2Mnv ^JI @AzureSupport I cancelled the service through Azure, but is active in the other link( website)? @131225 Understood, please could you Direct Message us with your Sub ID so we can take a closer look at this?  ^DY
 https://t.co/EYpi1mphGM",Customer is asking how to disable the text analytics API or to regenerate the keys. Agents updates to DM with their Sub ID to take a closer look.,3 days 03:32:19
e60253d36fbc96ad637879d03b8f34ef,"[2412483, 2412484, 2412485, 2412490, 2412490]","{2412483: Timestamp('2017-11-14 16:55:29+0000', tz='UTC'), 2412484: Timestamp('2017-11-14 17:02:42+0000', tz='UTC'), 2412485: Timestamp('2017-11-14 16:20:27+0000', tz='UTC'), 2412490: Timestamp('2017-11-15 15:49:00+0000', tz='UTC')}",Updated my phone now Siri randomly comes on &amp; music randomly stops playing. Fix it! @AppleSupport @693551 We want to be sure that you can use Siri and listen to your music as you'd expect. Which music app are you using? Are you connected to any Bluetooth devices when you experience this behavior? @AppleSupport Apple Music &amp; Spotify. Connected via apple head phones. No Bluetooth devices @693551 Do you have a different pair of headphones you could use to test with? Does the same issue occur? Please DM us your answer. https://t.co/GDrqU22YpT,Customer is complaining about music randomly stops playing. Agent updated that if the pair of headphones could use to test with and if the same issue occur then DM us your answer.,0 days 23:28:33
a3c52cfac1c31d747c0b1e881624be9f,"[2396768, 2396770, 2396770, 2396778, 2396783]","{2396768: Timestamp('2017-11-14 12:47:25+0000', tz='UTC'), 2396770: Timestamp('2017-11-14 12:45:11+0000', tz='UTC'), 2396778: Timestamp('2017-11-14 13:54:46+0000', tz='UTC'), 2396783: Timestamp('2017-11-14 12:36:42+0000', tz='UTC')}","@VirginTrains @127472 Yes, been lied to over and over again by #Virgin staff over unused train tickets and refund. #Disgraceful @VirginTrains @127472 Yes (AGAIN!) Was told not to travel due to WC ML disruption and I would receive a full refund, sent tix - no refund. Wrote &amp; complained - nothing, spoke online, was told to I would be contacted in 48-72 hours, again nothing! @508348 @127472 Did you apply through your point of purchase because that is who should issue the refund. ^PA @508348 @127472 I'm afraid there isn't anything we can do I'm afraid as the tickets were not tracked there is no way to find them and a refund is not due. ^PA",Customer wants the refund for the unused ticket. Agent states that the tickets were not tracked and cannot refund it.,0 days 01:18:04
4d1f377c393c1adab988290d2203c7e5,"[1156101, 1156102, 1156110, 1156111, 1156112]","{1156101: Timestamp('2017-07-06 15:48:16+0000', tz='UTC'), 1156102: Timestamp('2017-10-24 17:37:43+0000', tz='UTC'), 1156110: Timestamp('2017-10-26 14:32:32+0000', tz='UTC'), 1156111: Timestamp('2017-07-06 14:36:33+0000', tz='UTC'), 1156112: Timestamp('2017-07-06 14:23:20+0000', tz='UTC')}","@DropboxSupport Please add support for other U2F capable browsers like Opera and Firefox (via plugin). Having to use codes is a right pain!! @391961 Hey there, we can pass this suggestion to our dev team as a possible improvement! @391961 Thanks again! We’ve made a note of this and passed over your feedback to our Developers ✍️ @DropboxSupport It's now October and it still doesn't work. Google 'sms 2fa insecure' to see why you should drop SMS 2FA and enable U2F in _all_ browsers. @391961 Hi again, can you let us know which OS are you using? Please DM us details so we can further look into this! Thanks!",Customer is requesting to add support for other U2F capable browers. Agent updated that they will pass this suggestion to dev team for improvement and informed to DM the details  to further look in to this.,112 days 00:09:12
171181733f56019b6933e192e68e6619,"[740366, 740372, 740372]","{740366: Timestamp('2017-10-12 11:31:51+0000', tz='UTC'), 740372: Timestamp('2017-10-06 06:49:53+0000', tz='UTC')}","@sainsburys 1st use of your Hot Curl Brush. Melted and bend under heat &amp; a pinch point that's ripped my hair out!! 😱 https://t.co/tdR4yUw9ml @297065 I'm very sorry Helena, the store should've refunded you. Could you DM me the name of the colleague you spoke with? Click below. Ewan https://t.co/MdMtnTlX6H",The customer is complaining that hot curl brush was melted and bend. The agent confronted saying that he will get refunded and ask him to dm the name of the colleague that he spoke with.,6 days 04:41:58
f05d8e1497f3a2d69dc97475e0d2b10f,"[2813171, 2813173, 2813174, 2813178, 2813179]","{2813171: Timestamp('2017-11-27 01:36:47+0000', tz='UTC'), 2813173: Timestamp('2017-11-27 02:31:31+0000', tz='UTC'), 2813174: Timestamp('2017-11-27 01:24:11+0000', tz='UTC'), 2813178: Timestamp('2017-11-27 02:36:38+0000', tz='UTC'), 2813179: Timestamp('2017-11-27 02:38:14+0000', tz='UTC')}","@AmericanAir the flight attendants aren't tending to all the aggravated customers. Still here, an hour an a half later https://t.co/h7Cm4Quh7T @784386 Once we get the OK from Air Traffic Control, we'll have you wheels up. Our sincere apologies for the delay. @AmericanAir That would be great but the flight attendant confronted me and escalated a situtation which led me to being kicked off the plane. @AmericanAir We got rebooked. But that's not te problem, it's the work ethic and horrible customer service which we experienced on the plane. @784386 Please DM us your record locator so we can take a look.",Customer is complaining about the service where the flight attendants aren't tending to all the aggravated customers and made them wait for an hour an a half later. Agent requests to DM their record locator so that they can have a look on this issue.,0 days 01:14:03
ab5cbde03e2173fc452fc576827ccbcd,"[426507, 426512, 426515]","{426507: Timestamp('2017-10-10 13:13:27+0000', tz='UTC'), 426512: Timestamp('2017-10-09 17:12:15+0000', tz='UTC'), 426515: Timestamp('2017-10-09 16:58:55+0000', tz='UTC')}","@119433 
Can your people please finish escalating and resolve this issue 1-D3NB5VD,it's been pending for a week now! @216443 @119433 We apologise for the inordinate delay and assure you as we did earlier that it is being resolved. We implore for patience.^TT @Safaricom_Care Apologies accepted. All is forgiven and forgotten. 
Thanks to James  who handled this 1-D3NB5VD expeditiously.",Customer is complaining about not resolving the issue- D3NB5VD. Agent updated that they will look into it and resolve ASAP. Finally the issue got resolved.,0 days 20:14:32
9d1442683c08db05472645ecfc6b1f4a,"[1533456, 1533462, 1533465, 1533466]","{1533456: Timestamp('2017-11-03 23:29:30+0000', tz='UTC'), 1533462: Timestamp('2017-11-03 23:25:26+0000', tz='UTC'), 1533465: Timestamp('2017-11-03 23:06:56+0000', tz='UTC'), 1533466: Timestamp('2017-11-03 23:01:13+0000', tz='UTC')}","@VerizonSupport my router won’t restart. stuck on orange. live in Hackensack NJ. @475576 Let's check for outages in your area. Click the link below to get started. ^NHP
https://t.co/xq2vGcwc3z @475576 On the back of the router use the pointed end of a paper clip to press and hold the Reset button for 10 seconds.
^NHP @475576 Are you able to rest your battery backup box?
^NHP",Customer is unable to restart the router. Agent updated to check the back of the router use the pointed end of a paper clip and hold the Reset button for 10 seconds.,0 days 00:28:17
b9c55e7edf92d8010f3e276ceea0de52,"[2306735, 2306740, 2306740, 2306741]","{2306735: Timestamp('2017-10-19 21:42:56+0000', tz='UTC'), 2306740: Timestamp('2017-10-19 21:17:28+0000', tz='UTC'), 2306741: Timestamp('2017-10-19 21:12:00+0000', tz='UTC')}","Not off to a great start @115714 @ Sprint Store in Glendale, AZ https://t.co/TFeXzxg01T @206880 Can you let us know why you feel this way? We would like to look into this for you. -PP @206880 I am here to help allow me to go over the thread. -FR",Customer complaining about not off to a great start. Agent is replying that he would like to look into this for him.,0 days 00:30:56
ff5aa563c0e66872038021e7d51c63e5,"[2851393, 2851394, 2851396, 2851397]","{2851393: Timestamp('2017-11-27 19:53:44+0000', tz='UTC'), 2851394: Timestamp('2017-11-27 18:44:50+0000', tz='UTC'), 2851396: Timestamp('2017-11-27 19:53:31+0000', tz='UTC'), 2851397: Timestamp('2017-11-27 19:53:25+0000', tz='UTC')}","@Tesco so I bought some greens to go with my healthy dinner, and I got an extra surprise...I had to throw all my food out #Thanksbutnothanks https://t.co/gZ652txZ9e @792818 When growing our veg, we encourage our suppliers to use minimal pesticides as possible. This allows the insects that are beneficial to help our crops thrive. 1/4 @792818 Our suppliers do inspect where appropriate, wash the veg at several stages through the growing and harvesting stages. However on rare occasion we may miss something &amp; I understand that this has been disappointing for you. 2/4 @792818 Finally, would you like a refund via email or the post? - Rocsi 6/6",Customer is disappointed with the greens bought to have with their dinner which they had to throw all out. Agent apologies for the inconvenience and asks whether that they would like to refund via mail or post.,0 days 01:08:54
ce38d2296c1c00e8afdf1a7cbe385f63,"[2244883, 2244885, 2244885, 2244887, 2326161, 2326162]","{2244883: Timestamp('2017-11-10 22:20:04+0000', tz='UTC'), 2244885: Timestamp('2017-11-10 21:36:12+0000', tz='UTC'), 2244887: Timestamp('2017-11-10 21:33:01+0000', tz='UTC'), 2326161: Timestamp('2017-11-14 21:34:27+0000', tz='UTC'), 2326162: Timestamp('2017-11-14 21:37:48+0000', tz='UTC')}","@AskAmex if I have a credit on a cancelled card can I get the credit transferred to an active card? @654341 Hi John, yes you can request that. Do you have access to your account online? ^Clarissa @654341 Will you have time tomorrow morning to chat securely online so I can process the request for you? ^Clarissa @AskAmex I was able to do it in via the amex chat, sorry for the late response, thanks @654341 No worries, glad to hear it was resolved. Feel free to tweet us in the future. Have a nice day. ^Clarissa",Customer is asking about can he get a credit transferred to an  active card. Agent is telling  that they can request   and asking to access to your  account online.,4 days 00:04:47
fcfafa85b8c54ee373f470b35e48ed27,"[1087116, 1087118]","{1087116: Timestamp('2017-10-23 18:39:40+0000', tz='UTC'), 1087118: Timestamp('2017-10-23 15:51:37+0000', tz='UTC')}","3rd time I chatted for help in 13 days. 0 help @MicrosoftHelps online chatters just tell me to update; again &amp;again &amp; again. Never works https://t.co/j2llezbTlZ @376448 Help is here, Matthew! Have you tried to install the update manually? If not, please refer to this link: https://t.co/JcaAhEMcyN.",The customer is complaining that he was facing issues even after several updates. The agent asked have they tried to install the update manually.,0 days 02:48:03
02530fb6ef030183f059fe8baa10ce5b,"[1836684, 1836685, 1836686, 1836687, 1836691, 1836691]","{1836684: Timestamp('2017-10-18 16:54:20+0000', tz='UTC'), 1836685: Timestamp('2017-10-18 16:25:36+0000', tz='UTC'), 1836686: Timestamp('2017-10-18 16:54:21+0000', tz='UTC'), 1836687: Timestamp('2017-10-18 16:54:20+0000', tz='UTC'), 1836691: Timestamp('2017-10-18 16:21:24+0000', tz='UTC')}",@Delta my wife is on flight 5251 with our 16 month old daughter.  She called me in tears due to awful treatment by a flight attendant @Delta We've been loyal Delta customers for years and years. @550692 That’s not good. We expect our team to provide exemplary service at all times. I apologize this was not her experience. Thank you for... 1/3 @550692 ...bringing this to our attention. I will be sure to send your comments to Inflight leadership for future training and... 2/3 @550692 ...improvements to our service. *AAB 3/3,Customer is complaining about awful treatment by a flight attendant. Agent replying that his team to expect exemplary service at all times  and ask to send  his comments to improve their service.,0 days 00:32:57
9440cfaa8fb0cf49159414a3b3521fdf,"[1383282, 1383285, 1383289]","{1383282: Timestamp('2017-10-19 08:56:09+0000', tz='UTC'), 1383285: Timestamp('2017-10-19 06:55:08+0000', tz='UTC'), 1383289: Timestamp('2017-10-19 05:53:34+0000', tz='UTC')}","@AdobeCare do the new updates have macOS High Sierra support? @441922 We're looping in an expert who can help you out here. They will reply as soon as they're available. ^Raj @441922 Hi Ian, Yes it does, please refer the system requirements: https://t.co/xH1dG73YEE
Thanks. ^MG",Customer is questioning that does the new updates have macOS High sierra support. Agent updates that they are looping in an expert and updates that it does support macOS High Sierra and requests to refer the system requirements in the given URL.,0 days 03:02:35
3282835b87c4db1717128fd9fe1f0370,"[109062, 109062, 109063, 109064]","{109062: Timestamp('2017-11-23 20:20:05+0000', tz='UTC'), 109063: Timestamp('2017-11-23 19:01:30+0000', tz='UTC'), 109064: Timestamp('2017-11-23 18:30:05+0000', tz='UTC')}","@AppleSupport I can’t add music to my playlists/library using Apple Music. It doesn’t save any music and it’s very annoying. I have latest iOS. @140208 Did this issue begin today? Do you receive any type of error message when trying to add songs? @140208 If you open Apple Music, go to the Library page and choose ""Songs"" at the top, are the songs you're adding appearing there? Do you use Apple Music on any other device? Meet us in DM to continue. https://t.co/GDrqU22YpT",Customer unable to add the music play list or library using Apple Music. Agent asked the customer is there any error message while adding and informed the customer to DM for continuation.,0 days 01:50:00
6d5edf11302082b66cb6bd0df9ae3c61,"[1436514, 1436518, 2028839]","{1436514: Timestamp('2017-11-01 02:26:53+0000', tz='UTC'), 1436518: Timestamp('2017-11-15 11:13:41+0000', tz='UTC'), 2028839: Timestamp('2017-11-03 10:31:35+0000', tz='UTC')}","@SCsupport  why do I keep getting this error please help invalid_client: The client identifier provided is invalid. @SCsupport I tried to go on discovery sounds and they need me to connect to SoundCloud and that pops up @453490 Hi, sorry to hear you're having trouble with this. Unfortunately we're not affiliated with discovery sounds. Thanks /D",Customer is complaining about getting the error like The client identifier provided is invalid. Agent apologies for the trouble and updates that they are not affiliated with discovery sounds.,14 days 08:46:48
2be85c73e89eb3b78922bbb7185b79f6,"[156598, 156599, 156600, 156600, 156602, 156603, 156604]","{156598: Timestamp('2017-11-24 13:59:57+0000', tz='UTC'), 156599: Timestamp('2017-11-22 15:18:03+0000', tz='UTC'), 156600: Timestamp('2017-11-22 00:12:06+0000', tz='UTC'), 156602: Timestamp('2017-11-21 17:12:19+0000', tz='UTC'), 156603: Timestamp('2017-10-29 16:49:48+0000', tz='UTC'), 156604: Timestamp('2017-11-21 17:13:58+0000', tz='UTC')}","Hey Guys, @149964 @TfL 
Please can you check your inbox, i sent a message a few days ago. We need to sort this out. :/
#guiltyconscience https://t.co/uVgZv2Uofg @151969 btw, if your ""hole punched"" Oyster card is attached to an online web account, you can still get a refund of the balance when you cancel it online. Regards Chiedu @151969 btw, if your ""hole punched"" Oyster card is attached to an online web account, you can still get a refund of the balance when you cancel it online. Regards Chiedu @TfL Hi Cheidu, thanks for getting back to me. No worries about the late reply, it's cool. I bought a new oyster card so that's sorted but how do I pay you back for the journey? I don't want the police coming to me in 20 years time, locking me up just when life was about to get good. @151969 Hi Saadia, don't worry, I doubt the police will come a knockin' :-)
We don't encourage travelling without a valid ticket.
However, if you really want to pay your fare (to ease your conscience), a donation to a charity of your choosing would suffice.

Regards
Chiedu @TfL Thanks Chiedu, i'll make a donation to the amazing Children's charity @8700. Hope you have a lovely day/weekend. :)",Customer is asking to check the inbox where they have sent a messages few days ago to sort it out the issue. Agent states that without valid ticket they will not allow to travel..,25 days 21:10:09
2b233b7aa8a8456f255587f3ab3171cd,"[183795, 183797, 183802, 183802, 183802]","{183795: Timestamp('2017-11-25 01:40:43+0000', tz='UTC'), 183797: Timestamp('2017-11-25 01:38:45+0000', tz='UTC'), 183802: Timestamp('2017-11-26 06:12:20+0000', tz='UTC')}","@AdobeCare I tried to utilize the trial period for Creative Suite, but got sick and couldn't do so.  Is there any way I can have another trial? @159229 The trial for Creative cloud is for 7 days. Have you tried it? https://t.co/hOaxLaZuRm . ^Raj @159229 Hi, we're so sorry for the frustrating experience. The software is same for both trial and paid versions. A trial app can be used only once for 7 days on 1 computer and email id. The plan can be purchased here. https://t.co/qOe6jmmF5N. Let us know if this helps! Thanks ^A",Customer is complaining about not able to utilize the trail period of creative suite. Agent updated that trial app can be used once for 7 days on 1 computer and  email id and also send the URL of the plan for purchase.,1 days 04:33:35
7436ef1ba64e3243faa40a44e3909d92,"[1599566, 1599570, 1599573, 1599574, 1599574]","{1599566: Timestamp('2017-11-05 03:56:28+0000', tz='UTC'), 1599570: Timestamp('2017-11-05 03:48:24+0000', tz='UTC'), 1599573: Timestamp('2017-11-05 03:45:30+0000', tz='UTC'), 1599574: Timestamp('2017-11-05 03:44:15+0000', tz='UTC')}","@115722 your service has been terrible.  Can’t be on hold any longer. Please clean up the scattered picture @491187 We'd like to help! Is it happening on all channels? ^DDD @491187 Thanks! Let's get to work. Can you try disconnecting both power and coax cables from the box and wall jack? ^DDD @491187 Understood, we are here 24/7 when you are ready. ^RMD",Customer having an issue with the channels. Agent updated that to disconnect both power and coax cables from the box and wall jack and also inform that they all ways ready to do 24/7  service.,0 days 00:12:13
b9334740f13ac9604986c36d393296c7,"[393221, 393223, 393225, 393227, 1333194]","{393221: Timestamp('2017-10-09 17:06:08+0000', tz='UTC'), 393223: Timestamp('2017-10-09 16:45:34+0000', tz='UTC'), 393225: Timestamp('2017-10-16 12:51:10+0000', tz='UTC'), 393227: Timestamp('2017-10-09 16:38:22+0000', tz='UTC'), 1333194: Timestamp('2017-10-16 12:53:06+0000', tz='UTC')}","If you ever used @115911, check your accounts. They charged me for months after I canceled my account and refuse to return the money. @209136 Melissa we would never want to leave that impression. What's going on? Send us a DM with more info so our Help team may assist. *JasmineS @209136 Hey Melissa! We work hard for you here at T-Force to find you a solution, meet us in DM! https://t.co/QwRncnQuHg *CameronMadore Update on my @115911 situation. Took 2 days, 2 communication platforms, and talking to 20 different people, but someone finally listened. I've finally been reimbursed! I also recommend anyone w/similar billing issues contact @TMobileHelp via Twitter. Calling was useless for me.",Customer is complaining about the bill he received even after cancelling the account and requests for the refund. Agent requests to reach out via Direct message so that their help team could assist.,6 days 20:14:44
e2d5c90f0d2d2050b784379bdaf941da,"[675716, 675717, 675718, 675720]","{675716: Timestamp('2017-11-23 10:52:08+0000', tz='UTC'), 675717: Timestamp('2017-11-23 10:35:14+0000', tz='UTC'), 675718: Timestamp('2017-11-23 11:22:44+0000', tz='UTC'), 675720: Timestamp('2017-11-23 11:44:38+0000', tz='UTC')}","@AirAsiaSupport can I change my seat from 17c to 1c @AirAsiaSupport I used app for checkin and got seat no 17c, if possible changed to 1c. My booking reference is FNFSFD , family name is Harahap @281178 &gt;&gt; birth to proceed with this purchase. The payment can be done via our check in counter before departure. Thanks - Nod @AirAsiaSupport Ok, I choose 1A for flight QZ257 on 24th Nov",Customer wants to change their seat from 17c to 1c. Agent updates that their seat has been set as per requested and they can make payment at the service counter on departure day.,0 days 01:09:24
b70a19b9660e84b61be741de13c35b44,"[1006729, 1006730, 1006733, 1006735]","{1006729: Timestamp('2017-10-22 19:58:31+0000', tz='UTC'), 1006730: Timestamp('2017-10-22 19:57:58+0000', tz='UTC'), 1006733: Timestamp('2017-10-22 20:21:19+0000', tz='UTC'), 1006735: Timestamp('2017-10-22 17:36:07+0000', tz='UTC')}","@115714 and at the end of waiting in line twice your people can't even give consistent information @sprintcare Another said it takes 72 hrs then another said it instant. Manager is rude, confrontational and not unhelpful. @sprintcare Can do what needs to be done when i cant get clear direction. Have been i ln store now for 3.25 hrs @358228 Yes, that is frustrating.  To add an authorized delegate is all you need to do?  I have the EXACT steps, please DM me! -MB",Customer is complaining about the end of waiting in the line twice people can't even give consistent information. Agent asks to have exact steps and asks to DM.,0 days 02:45:12
734d45041e681b088034eef724a584c6,"[1854376, 1854377, 1854380]","{1854376: Timestamp('2017-10-19 10:08:20+0000', tz='UTC'), 1854377: Timestamp('2017-10-19 06:25:45+0000', tz='UTC'), 1854380: Timestamp('2017-10-18 08:24:09+0000', tz='UTC')}","@SW_Help you sent me an email on 15/9 to say my Delay Repay compensation would be paid ref DR-7205-4211, but i still haven’t got it? why? @175802 Hi, Sorry to hear you have not received your refund.  I've checked with the team and its showing as paid on the system, it would show on 1/3 @175802 Hi, please contact __email__ or __email__ for further information on this. ^BK",Customer enquirers about delay in repay  compensation. Agent informed customer to contact through email for further information.,1 days 01:44:11
1a57c10dc1caaca5f93e825ae5e8883a,"[868498, 868500, 868502]","{868498: Timestamp('2017-10-13 16:56:41+0000', tz='UTC'), 868500: Timestamp('2017-10-13 14:41:43+0000', tz='UTC'), 868502: Timestamp('2017-10-13 14:28:37+0000', tz='UTC')}","@Delta Upgraded to economy plus. Won't assign seat forSecond flight.  Shrug &amp; say it may be a middle seat. What did I pay for? #Deltastinks @326212 Hello, Sonia. Follow/DM your confirm # for assistance.  *ARD @326212 No aisle seats, only a middle seat is available.  *ARD",Customer enquirers about seating in flight. Agent informs customer that only middle seat is avialble.,0 days 02:28:04
ebf68bcd09a1ce06545f9834907866b0,"[2706144, 2706147, 2706151, 2706152]","{2706144: Timestamp('2017-11-19 23:17:00+0000', tz='UTC'), 2706147: Timestamp('2017-11-19 23:28:50+0000', tz='UTC'), 2706151: Timestamp('2017-11-19 23:10:58+0000', tz='UTC'), 2706152: Timestamp('2017-11-19 23:05:17+0000', tz='UTC')}","@VerizonSupport a number of recordings on a new, almost empty DVR are unplayable: “Unable to play the selected program. Please try again.” I also get an error on the FIOS Mobile app. Other recordings work fine. Help? https://t.co/3tbDSwKAhm @183240 Help as arrived! Are the recordings that will not play also from 11/16?
^HSB @183240 Thanks for confirming. Can you please reboot the cable box and try to access the recordings again? If you have not already tried this. 
^HSB @183240 As we are having an issue with DVR viewing could you reboot the router and then your cable box. ^RMD",Customer complaining that unable to play the selected program. Agent is replying that reboot the cable box and try to access the recording again.,0 days 00:23:33
7e4ff76ff2a898c9be528ce1c0f66756,"[1429328, 1429329, 1429335, 1429337, 1429338]","{1429328: Timestamp('2017-11-02 06:56:00+0000', tz='UTC'), 1429329: Timestamp('2017-11-02 06:56:54+0000', tz='UTC'), 1429335: Timestamp('2017-11-02 06:34:55+0000', tz='UTC'), 1429337: Timestamp('2017-11-02 06:32:00+0000', tz='UTC'), 1429338: Timestamp('2017-11-02 06:28:21+0000', tz='UTC')}","@115722 had your service for about 12 hours and now the internet isn’t working at all...... not very happy right now. @451988 Oh no! We are sorry to hear that. What lights do you see on the router? 
^TXA @451988 Thank you, is it just the internet or are all your Fios services impacted? ^JRA @451988 There should be a battery unit that powers your service. It is located sometimes in a closet or basement.
^TXA @VerizonSupport Prolly in the basement. It just came back on for a minute....now it’s off again.",Here customer faces some internet issue while plugging to router. Here agent note down the issues and gives the better assistance.,0 days 00:28:33
ea750639760fdb130d2f9c242d731f75,"[782297, 782303, 782307, 782307, 782309]","{782297: Timestamp('2017-10-12 07:20:31+0000', tz='UTC'), 782303: Timestamp('2017-10-12 10:15:28+0000', tz='UTC'), 782307: Timestamp('2017-10-12 12:16:00+0000', tz='UTC'), 782309: Timestamp('2017-10-11 10:59:03+0000', tz='UTC')}","@123127 there are 3 green dots on my screen and show on parts that are black, do you know a fix? @MicrosoftHelps it shows during when the white logo all the way until when the blue shutdown/hibernating/sign out/lock menu appears. @306741 We suggest that you send us a photo of the issue that you are having. Let us know so we can further assist you. @306741 We suggest that you check on this link to check the closest store in Australia. Here's the link: https://t.co/5k1X5dpUxF",Customer is asking about the 3 green dots on the screen and show on parts that are black. Agent suggested that to check on the link to check the closest store in australia .,1 days 01:16:57
ab7d94847ae7d7b7c5a8304d6d232c52,"[488929, 488930, 488934, 488935]","{488929: Timestamp('2017-12-01 16:40:18+0000', tz='UTC'), 488930: Timestamp('2017-12-01 21:13:04+0000', tz='UTC'), 488934: Timestamp('2017-12-01 16:16:19+0000', tz='UTC'), 488935: Timestamp('2017-12-01 16:14:27+0000', tz='UTC')}","@824 is it possible to fly standby on the 3:15pm flight from SEA to PHX? I’m on the 650pm flight @231431 @824 Hello, Grant. Yes, this standby listing for the 315P flight  is available for $75.  *ARD @Delta Can I charge that at airport when I check in and put my bag on that flight? @Delta Fingers crossed! Decided to try standby for the 3:15 flight!!!",Customer is enquiring the agent regarding that is it possible to fly standby on the 3:15pm from SEA to PHX. Agent is updated yes standby listing forthe 3:15pm is available for $75.,0 days 04:58:37
ecd0fde1107f9eba68c3b25b05d67e08,"[1569417, 1569419, 1569420]","{1569417: Timestamp('2017-11-04 16:44:03+0000', tz='UTC'), 1569419: Timestamp('2017-11-04 16:42:01+0000', tz='UTC'), 1569420: Timestamp('2017-11-04 16:53:25+0000', tz='UTC')}","shocking service at Twyford Station this pm - no ticket staff on &amp; automated machine unable to issue group save tickets!!? @GWRHelp #cheated @484093 Hi Lee. Sorry for this. If you can't purchase the ticket you need at the station you can purchase on-board from a Conductor. Lewis @484093 If you send details and copies of the tickets to __email__, our Customer Support Team can arrange a refund of the difference. Lew",Customer is complaining that there is no staff on automated machine unable to issue group save tickets. Agent updates if they can't purchase the ticket at the station you can purchase on board from a conductor.,0 days 00:11:24
7a7cd41351ddb9e7fc686faa0a593641,"[1051566, 1051567, 1051573, 1051578]","{1051566: Timestamp('2017-10-23 15:39:24+0000', tz='UTC'), 1051567: Timestamp('2017-10-22 19:43:04+0000', tz='UTC'), 1051573: Timestamp('2017-10-24 07:17:19+0000', tz='UTC'), 1051578: Timestamp('2017-11-05 14:56:28+0000', tz='UTC')}",@O2 spot the problem. Which is correct? One is from the app the other is from log in on website. https://t.co/EBSCpgznZs @O2 I will do that but this gets better. According to the app and website I pay nothing to upgrade but according to this I pay £56 to upgrade https://t.co/EbKr65ViMF @368516 We're sorry for your experience with this. Drop us a DM. We'll be able to advise further from there ✉ https://t.co/5pyLDJBC6r @368516 👍 We've got it Evelyn. Our email team are available Monday to Friday and will be in touch as quickly as possible.,The customer says he is facing problem that according to app and website he has paid nothing for upgrate but in actually he has paid. The agent asks to drop DM to resolve the issue.,13 days 19:13:24
b7fce426636f952dc622d24d0a4113ff,"[1293201, 1293205, 1293206, 1293209, 1293210]","{1293201: Timestamp('2017-10-26 21:13:07+0000', tz='UTC'), 1293205: Timestamp('2017-10-26 21:43:13+0000', tz='UTC'), 1293206: Timestamp('2017-10-26 23:25:45+0000', tz='UTC'), 1293209: Timestamp('2017-10-26 20:59:19+0000', tz='UTC'), 1293210: Timestamp('2017-10-26 20:39:21+0000', tz='UTC')}","@SpotifyCares hi, Spotify isn’t set on offline but every time I’m not on WiFi it says “Spotify is offline” but my data is activate @422419 Hey Camille, that doesn't sound right. What device, operating system, and version of Spotify is this happening on? We'll lend a hand /SY @422419 2: If you're getting any error messages, can you send us a screenshot for us to check? /SY @422419 Thanks for the info. Can you try giving your iPhone a quick restart? Let us know if it make any difference /SY @SpotifyCares It’s working now, thanks","The customer is facing an issue with spotify and says its resolved after restarting the device. The agent asks for device, OS and spotify vesion info and asks to restart the device.",0 days 02:46:24
8ab03dd66e24ef2997f537938067f8ed,"[438464, 438465, 438466, 438469, 438470]","{438464: Timestamp('2017-10-10 18:32:07+0000', tz='UTC'), 438465: Timestamp('2017-10-10 18:03:32+0000', tz='UTC'), 438466: Timestamp('2017-10-10 16:15:20+0000', tz='UTC'), 438469: Timestamp('2017-10-10 19:00:01+0000', tz='UTC'), 438470: Timestamp('2017-10-10 19:48:53+0000', tz='UTC')}","@MicrosoftHelps can you help friends pc had win 7 free upgrade to win 10 . win 10 has died we need to reinstall but no cd key help @MicrosoftHelps @116230 we dont know if she has a ms account linked so we dont know if the lisence is valid shell be reformatting and reinstalling 7  to 10 @MicrosoftHelps Windows seems locked mid install. Wont let us start over and reformat disc nor proceede past the initial start screen @MicrosoftHelps Im reporting what shes telling me she tried to repair windows now itsclocked mid install @219181 To help your friend to address this issue, we suggest that you see this link: https://t.co/onpQlsZKRm. Keep us updated.",Customer is complaining that his friends pc and had won 7 free upgrade to win 10 but as died they need to reinstall but no CD key help. Agent updated that to help his friend to resolve issue the address and suggest that to see the link.,0 days 03:33:33
835193cbf6750d34dbae686524b11cbd,"[2482580, 2482581, 2482583, 2482584, 2482587, 2482589, 2482592, 2482593]","{2482580: Timestamp('2017-10-29 23:25:46+0000', tz='UTC'), 2482581: Timestamp('2017-10-29 23:29:47+0000', tz='UTC'), 2482583: Timestamp('2017-10-29 22:33:52+0000', tz='UTC'), 2482584: Timestamp('2017-10-29 23:53:18+0000', tz='UTC'), 2482587: Timestamp('2017-10-30 00:03:35+0000', tz='UTC'), 2482589: Timestamp('2017-10-30 00:09:04+0000', tz='UTC'), 2482592: Timestamp('2017-10-30 00:15:30+0000', tz='UTC'), 2482593: Timestamp('2017-10-30 00:15:29+0000', tz='UTC')}","@XboxSupport my xbox won't turn on. Power Supply blinks orange and white. Bought new supply same thing. What now @246814 Hi there! Let's have you try the steps in the guide here: https://t.co/rhsLpNZvg8 to help resolve this issue.  ^JA @XboxSupport already tried that another support page says light blinking indicates power supply failure buy new one which I did but it new supply blinks @246814 Just to be sure, are you using a power strip with the console? ^JL @246814 We would recommend never using a power strip or surge protector with the console as it will  1 ^JL @246814 unable to or those steps do not work you can set up a repair using this link https://t.co/jXDLrAu4ZJ  2 ^JL @246814 We would not be able to speculate on that as it would depend on warranty and  1 ^JL @246814 region. But, the link we shared should give you more info once your console is registered.  2 ^JL",Customer is complaining about the xbox which is not turning on and power supply blinks orange and white color even after buying new supply. Agent states that it depends on the warranty and the region and provided the link to registered the issue.,0 days 01:41:38
02f1ad1707d86bd470e45c36619b97f1,"[284920, 284921, 284924, 284928]","{284920: Timestamp('2017-10-06 13:53:58+0000', tz='UTC'), 284921: Timestamp('2017-10-06 06:44:29+0000', tz='UTC'), 284924: Timestamp('2017-10-06 17:32:36+0000', tz='UTC'), 284928: Timestamp('2017-10-06 23:04:27+0000', tz='UTC')}","@AppleSupport iPhone 7plus freezing and extremely glitchy since updating to iOS 11 and iOS 11.0.2 not good enough https://t.co/5KLyA8zOPX @AppleSupport This time on home screen all apps disappeared,before tumblr &amp; clock when setting alarms theres others cant remember all only since ios11 @AppleSupport I’ve tried holding power button for 20seconds releasing then pressing home button but nothing happens no change in what is on the display @183880 Let's go ahead and meet in DM and we'll continue to look into this. https://t.co/GDrqU22YpT",Customer complaints that after updating iOS 11 to iOS 11.0.2 iPhone 7 plus keeps on hanging and none of the options were working. Agent asks to DM for further assistance.,0 days 16:19:58
975300319636e0eef859553ad1683120,"[1090085, 1090086, 1090088, 1090089, 1090092]","{1090085: Timestamp('2017-10-23 19:16:32+0000', tz='UTC'), 1090086: Timestamp('2017-10-23 20:49:48+0000', tz='UTC'), 1090088: Timestamp('2017-10-23 18:40:44+0000', tz='UTC'), 1090089: Timestamp('2017-10-23 21:29:54+0000', tz='UTC'), 1090092: Timestamp('2017-10-23 22:04:56+0000', tz='UTC')}","@AmericanAir I paid you your money now get me home. I've been stuck at BWI since 5:0"" this morning @377188 We're truly sorry for any inconvenience. What's your flight number? @AmericanAir 1946 @377188 We see 1946 arrived early today. Please let us know if you need assistance with another flight. @377188 Please DM your record locator share what's going on as we see the flight departed and landed on time.",The customer says he is stuck at BWI and did not get the flight along with 10 other members. The agent says the flight left at scheduled time and arrived and asks to DM customer's record locator and to explain what had happened.,0 days 03:24:12
f88b73782bf3fe640f01ad4cc9fa500a,"[2256118, 2256122, 2256125]","{2256118: Timestamp('2017-10-19 17:35:12+0000', tz='UTC'), 2256122: Timestamp('2017-10-19 19:20:28+0000', tz='UTC'), 2256125: Timestamp('2017-10-19 11:41:15+0000', tz='UTC')}","@AskeBay hi, I reported a buyer yesterday as they were neglecting the returns procedure by stating incorrect information and basically (..) @AskeBay I’m not sure. I got a notification through the app to say the buyer would like to return the item and we have been discussing it though ... @657102 I’m also happy to review the case details. DM your full name, item number, postal code, and email address. 2/2 ^BT","Customer is complaining that they have reported a buyer as they were neglecting the return procedure by stating incorrect information and being rude. Agent requests to DM their full name, item num, postal code and mail address but when no response the agent tells to have a resolution between them and the customer.",0 days 07:39:13
e95445e11b99bd833d4d1b0bbe11d302,"[2513295, 2513295, 2513296, 2513299, 2513302]","{2513295: Timestamp('2017-10-30 05:59:20+0000', tz='UTC'), 2513296: Timestamp('2017-10-30 08:05:04+0000', tz='UTC'), 2513299: Timestamp('2017-10-30 08:34:05+0000', tz='UTC'), 2513302: Timestamp('2017-10-30 12:52:48+0000', tz='UTC')}","@AirAsiaSupport Hi team, need your help changing a flight. Instead of HKG &gt; BKI return it now needs to be MEL &gt; BKI &gt; HKG. Can you help? @716229 Hi, kindly provide us with your booking number. We will get it checked  - Ed @716229 Hi Adam, You still can use return flight leg BKI-HKG even you no show for outbound flight @716229 No worries. As this is not a Fly thru / connecting flight. Your return flight wont be forfeited","Customer is enquiring about route change for his fllight,. Agent informs that its not possible, as it is not a fly thru or connecting flight.",0 days 06:53:28
e7ae4817795805b2d758e0e83663b050,"[830301, 830302, 830304, 830307, 830308]","{830301: Timestamp('2017-10-09 11:19:01+0000', tz='UTC'), 830302: Timestamp('2017-10-08 17:54:04+0000', tz='UTC'), 830304: Timestamp('2017-10-09 13:06:41+0000', tz='UTC'), 830307: Timestamp('2017-10-09 13:15:08+0000', tz='UTC'), 830308: Timestamp('2017-10-09 13:22:31+0000', tz='UTC')}",@Ask_Spectrum why is the on demand channels not updating programs @Ask_Spectrum I am being told that it is the broadcasters who upload their shows to the On Demand channels?  Is this accurate? @Ask_Spectrum The shows are not being updated quickly after Oct 1st.  A week past is a long time to wait for shows to uploaded after a week. Frustrating @317718 Can you please Follow/DM the account information including the full address and phone number? I would need specif... https://t.co/tS24equNmY @Ask_Spectrum Too many to list.  Spectrum needs to have broadcasters upload within 24-48 hrs after show airs.  Not fair to consumers.  Paying for nothing,Customer is complaining why is the on demand channels are not updating programs. Agent requests to follow and DM the account information including the full address and phone number.,0 days 19:28:27
a49387f2e7b9ca322f4c5e182b25cce0,"[1265589, 1265592, 1265593, 1265595, 1265596]","{1265589: Timestamp('2017-10-26 12:27:07+0000', tz='UTC'), 1265592: Timestamp('2017-10-26 11:56:16+0000', tz='UTC'), 1265593: Timestamp('2017-10-26 12:58:12+0000', tz='UTC'), 1265595: Timestamp('2017-10-26 13:16:14+0000', tz='UTC'), 1265596: Timestamp('2017-10-26 13:23:29+0000', tz='UTC')}","@AskAmex the embedded URL does NOT activate the offer. https://t.co/bTCIwL6kD0 @416360 Hi. Which U.S. based card is this concerning? Please do not release any personal or card information. ^Clarissa @416360 Have you tried using a different browser? ^Clarissa @AskAmex Sure, I could do that, but @9242 happens to be the most ubiquitous these days.  Would you prefer I use Opera? @416360 Pls call our Digital Assist team to look into this @ 800-297-7500, 24/7. All the best. ^Clarissa",Customer is complaining that the embedded URL does not activate the offer. Agent updates to call to their digital assist team to look into this at the given contact number.,0 days 01:27:13
4b33de3bd45a7535c226b06c47416f74,"[351747, 351749, 351756]","{351747: Timestamp('2017-10-08 12:07:25+0000', tz='UTC'), 351749: Timestamp('2017-10-08 11:53:19+0000', tz='UTC'), 351756: Timestamp('2017-10-08 12:19:00+0000', tz='UTC')}","@MicrosoftHelps getting this new error now...
Getting more errors everyday, Laptop crashes all the time  #BSOD... Pl help... @116230 https://t.co/9VtyZOGgcd @146170 1/2 This is odd, Prasanna. This might cause of an antivirus software that triggers this error, as can a corrupted NTFS volume. @146170 2/2 Disable the program and confirm that this resolves the error. If it does, check the updates thru manufacturer's website.",The customer is complaining that they are getting more and more new errors everyday and laptop crashes all the time. The agent updated that might cause of an antivirus software that triggers that error and asked to disable the program and confirm that this resolves the error.,0 days 00:25:41
4d5602d2ec597c6fd1fbfba757ca5573,"[2437124, 2437125, 2437127, 2437129, 2437130]","{2437124: Timestamp('2017-10-29 15:24:24+0000', tz='UTC'), 2437125: Timestamp('2017-10-29 15:26:30+0000', tz='UTC'), 2437127: Timestamp('2017-10-29 15:18:21+0000', tz='UTC'), 2437129: Timestamp('2017-10-29 15:36:49+0000', tz='UTC'), 2437130: Timestamp('2017-10-29 15:40:15+0000', tz='UTC')}","@Safaricom_Care LJS7WKWR2J I bought Data at 999 instead of 99...advise if what is over n above is refundable @444038 Seems you have used part of the data bundles. For reversal to be successful, the balance should be as purchased on M-Pesa. ^IZ @Safaricom_Care 99/- of data is what I used as that is the option I picked on the menu but what I gave to you was 999/- there's a difference of 900/- @444038 Hi Iddah,we are only able to reverse the full amount of data bundles bought wrongly,ensure your data bundle .... @Safaricom_Care No need since I still buy daily... Let me experience this one... Thanks tho'",Customer is complaining that they bought data at 999 instead of 99 and advise if what is over and above is refundable. Agent updated that balance is 3072 MBS then alert them they will reverse.,0 days 00:21:54
9eddfd4a42fea346488bdd57bf4e8269,"[1045776, 1045779, 1045782, 1045783]","{1045776: Timestamp('2017-10-23 10:15:28+0000', tz='UTC'), 1045779: Timestamp('2017-10-18 08:29:02+0000', tz='UTC'), 1045782: Timestamp('2017-10-18 08:16:21+0000', tz='UTC'), 1045783: Timestamp('2017-10-18 08:02:05+0000', tz='UTC')}","@GWRHelp I have left my scarf on a rail replacement bus last night, may I know how I can contact the coach company? @367224 Hi Tommy. What replacement bus did you travel on please? Rach @367224 Thanks for confirming. You will need to log this on our lost property site https://t.co/h8I7Lay827, it would have been cleared at Bath Spa. @367224 Hi Tommy. You will be contacted if this has been found. Sorry for the time it's taking. Rach",The customer says he had left his scarf on a rail replacement and asks how can he contact the coach company. The agent says that the customer needs to log  on to lost property site and they will contact him back if they found the one.,5 days 02:13:23
d80f842f4706ba21d17bc0ede4c9ca11,"[1016290, 1016291, 1016292, 1016294, 1016297]","{1016290: Timestamp('2017-10-23 04:08:56+0000', tz='UTC'), 1016291: Timestamp('2017-10-22 18:42:52+0000', tz='UTC'), 1016292: Timestamp('2017-10-23 04:10:15+0000', tz='UTC'), 1016294: Timestamp('2017-10-23 06:04:29+0000', tz='UTC'), 1016297: Timestamp('2017-10-24 00:13:04+0000', tz='UTC')}","Can anyone help with this? Should  do a re-install? @MicrosoftHelps @10604 @26626 @44476 https://t.co/rbJrmmHnIr @MicrosoftHelps I'm getting the dreaded blue screen of death with a stopcode. https://t.co/G9BX4HjJU1 @MicrosoftHelps Well that one is green but I also get this blue screen. https://t.co/EcO40lGC6K @360457 1/2 Are you a part of our Windows Insider program? If yes, we suggest creating us a thread here to better help you with your https://t.co/3qcAsLFkaY @MicrosoftHelps Yes, I am part of the insider program, but this is a bit above my head.",Customer is seeking a help to re install the application and complaining that screen appears like blue. Agent updated an URL to the customer to resolve the issue of blue screen error.,1 days 05:30:12
ddc05936bf4773fe0f70b57f9c8c8b64,"[90149, 90150, 90151, 90152, 90153, 90154, 90155, 90155, 90158]","{90149: Timestamp('2017-11-30 15:55:31+0000', tz='UTC'), 90150: Timestamp('2017-11-30 10:03:14+0000', tz='UTC'), 90151: Timestamp('2017-11-30 17:30:44+0000', tz='UTC'), 90152: Timestamp('2017-11-30 19:20:11+0000', tz='UTC'), 90153: Timestamp('2017-11-30 19:27:34+0000', tz='UTC'), 90154: Timestamp('2017-11-30 19:31:26+0000', tz='UTC'), 90155: Timestamp('2017-11-30 21:06:11+0000', tz='UTC'), 90158: Timestamp('2017-12-01 13:14:55+0000', tz='UTC')}","We're in @marksandspencer We received 'normal' customer service.... I feel violated... I'm used to the Princess treatment in Marks's! @marksandspencer It was just the cafe, rest of the store was the usual superb standard... as I said, nothing wrong, just usually staff offer to carry your tray etc when you're already carrying a baby x @135552 We're sorry help wasn't offered today :( Which store did you visit so we can let our Cafe Manager know? We'll definitely do better next time! @marksandspencer It was High Wycombe. Like I said, not bad service in anyway... I've just gotten used to being spoilt by all your other stores (and I regularly contact them to say so 😁) @135552 We'll let our Management team know what you've said. We should always be offering to help out with trays. We'll make sure we spoil you next time you visit! :) @marksandspencer Well that's why I ALWAYS go to M&amp;S! (Ps... I also wasn't asked/given the opportunity to use my Sparks Card) @135552 We're sorry you weren't asked about your Sparks card either :( We've fed this back too. If you've keep hold of your receipts, we'll add your points for you whenever you're next in store. @135552 Hurrah...you're up and about early too! We hope you enjoy your visit and this is such a cute picture!",Customer is complaining about the service in the cafe where they treated normally. Agent replied that this issue will be forwarded to the management team.,1 days 03:11:41
958df7e7ded9e4e84ca4664e5e90586c,"[1295613, 1295616, 1295617, 1295621]","{1295613: Timestamp('2017-11-07 18:11:27+0000', tz='UTC'), 1295616: Timestamp('2017-11-07 17:35:48+0000', tz='UTC'), 1295617: Timestamp('2017-11-07 18:13:26+0000', tz='UTC'), 1295621: Timestamp('2017-11-07 18:08:10+0000', tz='UTC')}",@VirginTrains 17.15 was told to come off then train went from Manchester @145933 The train would have been held after it departed due to a major incident Masood. ^PA @VirginTrains Which train should I get to Stoke from Manchester @145933 There's an 18:15 or 18:35 ^MW,Customer is complaining about VirginTrains timings. Agent updated the timings.,0 days 00:37:38
0e52cc89de91c73c5e536cc2d4d73a77,"[1266125, 1266133]","{1266125: Timestamp('2017-10-26 12:33:03+0000', tz='UTC'), 1266133: Timestamp('2017-10-26 11:50:30+0000', tz='UTC')}",@AirbnbHelp have not been able to reach my host family in almost 2 weeks! Im on my way there now &amp; still cant reach them. Im scared @415415 We have followed up with the specialist dealing with your case and they will be in touch shortly.,Customer is in seek of help as he is not able reach his host family since two weeks has been passed. Agent states that the specialist will deal this issue and will reach out asap.,0 days 00:42:33
d90c40f2fe4ee41733b62df1e2242fe2,"[1194388, 1194390, 1194396, 1194398, 1194399]","{1194388: Timestamp('2017-10-25 01:42:00+0000', tz='UTC'), 1194390: Timestamp('2017-10-25 01:38:11+0000', tz='UTC'), 1194396: Timestamp('2017-10-25 02:00:27+0000', tz='UTC'), 1194398: Timestamp('2017-10-25 01:35:30+0000', tz='UTC'), 1194399: Timestamp('2017-10-25 01:33:15+0000', tz='UTC')}","@VerizonSupport hey I see a user has a similar issue to me. My ping in Ow and other games is above 200ms. Is there outages? @400649 Do you happen to have tracerts from other sites to compare so you can see where the issue may be? ^JRA @VerizonSupport https://t.co/twRkloKO3v this is the trace route i did an hour ago with blizzard support. They said it didnt get past my modem @400649 It appears the Verizon network shows no issue on your Tracert. 
^NHP @400649 Or take it up with the site since we are not able to work on issues outside of our network. ^JRA",Customer is complaining  about operating system while playing game . Agent explaining regarding process of Tracert programming .,0 days 00:27:12
9592c07a033c794d5204ea366e7de889,"[1316496, 1316497, 1326341, 1326343, 1326345]","{1316496: Timestamp('2017-10-16 11:16:33+0000', tz='UTC'), 1316497: Timestamp('2017-10-16 08:43:37+0000', tz='UTC'), 1326341: Timestamp('2017-10-16 11:24:41+0000', tz='UTC'), 1326343: Timestamp('2017-10-16 12:27:57+0000', tz='UTC'), 1326345: Timestamp('2017-10-16 11:17:57+0000', tz='UTC')}","@Tesco your online store no stock directs me to ""check my local store stock"" which I do, loads of stock but double the price? https://t.co/D701t1D4aN @427526 Hi Neil, our website and store are different parts of the business and the prices are different between the two. 1/2 @Tesco if your online and stores are separate business why doesn't your online store also invite you to check stock in competitors stores? @Tesco which I believe you have acknowledged by re pricing the online price (£25) to match the store (£50) after receiving this message @427526 Could you please DM some details and I can get this query logged in and hopefully get an answer back to you as quickly as possible? 2/3","Customer is asking to match online price with receiving price by creating  online stores where it can be matched. Agent apologised for the disappointment and asked the customer to give full name, address and email address.",0 days 03:44:20
c89b425e0a98c68d07c5afd99d806a15,"[2799902, 2799902, 2799905, 2799908, 2799910]","{2799902: Timestamp('2017-11-21 22:30:59+0000', tz='UTC'), 2799905: Timestamp('2017-11-21 22:26:12+0000', tz='UTC'), 2799908: Timestamp('2017-11-21 22:16:42+0000', tz='UTC'), 2799910: Timestamp('2017-11-21 22:09:40+0000', tz='UTC')}",@VirginAtlantic paid for 3 extra leg room seats and reserved a bulkhead seat for a baby from Orlando to Gatwick and have been given regular seats and told to complain when get home even though we need the leg room! Great service 👏 #useless #takeyourmoney @VirginAtlantic We had reserved bulkhead both journeys and have not been given it however on the way out a family of 4 had bulkhead with 1 child. We were given no explanation just told to complain when got home. We paid for something we need and instead will be cramped for 8 hours now! Thanks!! @231726 The cost should be refunded to you. I'm really sorry but seating is something that can change from time to time. ^J @231726 There's lots of different reasons seats in your cabin can change. It isn't something we can guarantee 100% ^J,Customer is complaining that they were denied from having extra leg room seats without any explanation. Agent states that there are lots of different reasons for changing the seats in a cabin and assures that the costs would be refunded.,0 days 00:21:19
a683c5cd44a4854a28a4a0e5452a30dd,"[1577495, 1577496, 1577500]","{1577495: Timestamp('2017-10-16 19:59:08+0000', tz='UTC'), 1577496: Timestamp('2017-10-17 09:34:13+0000', tz='UTC'), 1577500: Timestamp('2017-10-17 06:52:37+0000', tz='UTC')}","@115931 Help? I've had a buyer purchase my item but they're in Italy but my listing specified UK only. Can I cancel without repercussion? @485907 Hey, you can open a cancel transaction request, be sure to message your buyer to let them know what has happened 1/2 @485907 2/2 your buyer requirements. Let us know if you are having trouble canceling and we will take a closer look ^SB",Customer enquirers about cancelling an order. Agent informs customer to let them know if they have trouble in cancelling order.,0 days 13:35:05
b32f712ec96129b009d6305e04444263,"[1643292, 1643294, 1643297, 1643298]","{1643292: Timestamp('2017-10-17 13:03:06+0000', tz='UTC'), 1643294: Timestamp('2017-10-18 09:02:48+0000', tz='UTC'), 1643297: Timestamp('2017-10-18 10:01:43+0000', tz='UTC'), 1643298: Timestamp('2017-10-18 10:04:30+0000', tz='UTC')}","Got a message from @115955 saying I was a valued customer and with an offer. Offer is bogus! Bait and switch at its worst! @Ask_Spectrum I tossed it in the garbage. Offer was $39.95 each for internet and tv. Hidden fees pushed total to more than $100. Rep was nasty/insulting @Ask_Spectrum I believe it was ""Will"" but I can check to be sure. I pay about $60 for internet. I would have added $20 to have tv too but not $40+! @502246 Our sales team will be able to give you the most up to date discounts and packages available at the present time.... https://t.co/t9NPnTlvbl",Customer is complaining that they got a message saying that they are valued customer with an offer but the offer was bogus. Agent apologies for the for not providing that offer and also  updates that their sales team will be able to give them the most up to date discounts and packages available at the present time.,0 days 21:01:24
7d0088ec987ee7789a0767e6029015d0,"[1534870, 1534874, 1534876, 1534878]","{1534870: Timestamp('2017-11-03 23:15:57+0000', tz='UTC'), 1534874: Timestamp('2017-11-03 23:17:09+0000', tz='UTC'), 1534876: Timestamp('2017-11-04 17:03:25+0000', tz='UTC'), 1534878: Timestamp('2017-11-04 19:37:51+0000', tz='UTC')}","@AsurionCares @117159 Note 8. Dropped it 6"" last night, had a $40 tempered glass screen protector on it, but still cracked the screen about an @AsurionCares @117159 inch. Today it's cracked down entire length of screen. $60 I pay monthly in insurance did squat for me. Have to pay $200 for replacement @422944 We recommend you checking, https://t.co/7Zrin1NLhb to see if you are eligible for a screen repair. ^KF @422944 We can assist you on filing a claim and get a replacement device sent out to you. Would you like assistance with this? ^KF",Customer is complaining that they dropped it 6 last night and had a tempered glass screen protector on it of $40 but still got cracked the screen about an inch. Agent assisted them to file a claim and get a replacement device sent out to them and requests to let them know if they face any problem with their replacement device.,0 days 20:21:54
c6d8372f5e016a8b8f75e6b34a1c401c,"[1429990, 1429991, 1429992]","{1429990: Timestamp('2017-10-16 18:24:06+0000', tz='UTC'), 1429991: Timestamp('2017-10-16 18:08:50+0000', tz='UTC'), 1429992: Timestamp('2017-10-16 19:33:11+0000', tz='UTC')}","@Tesco @452109 @452109 Quinoa chips say on the back they contain wheat! Shouldn’t be with the vast array of gluten free options.. lactose free tho! @Tesco Exeter Tesco Metro, thank you! I spoke to one member of staff as feedback, who told a colleague who simply said ‘it’s vegan’ Right..? Thanks @452108 Hi Laura. Thank you for bringing this to our attention. I have alerted the store and they are moving them right now. Thanks Megan",Customer is complaining about the snacks which aren't gluten free but placed on the free from shelf which very misleading and potentially dangerous. Agent updates that they have alerted the store and they are moving them right now.,0 days 01:24:21
35efc17afc944f7a720d83d5046b7ea3,"[899640, 899641, 899641, 899642, 919022, 919025]","{899640: Timestamp('2017-10-21 04:19:22+0000', tz='UTC'), 899641: Timestamp('2017-10-20 19:40:31+0000', tz='UTC'), 899642: Timestamp('2017-10-20 17:23:33+0000', tz='UTC'), 919022: Timestamp('2017-10-21 08:30:14+0000', tz='UTC'), 919025: Timestamp('2017-10-21 08:19:20+0000', tz='UTC')}","Oh no @Tesco please tell us you’re not discontinuing your guinea pig muesli? We won’t eat anything else &amp; will starve!😥 @220298 Hi there, I'm having trouble finding this product, do you have the product packaging? If so can you please DM a clear photo of it? TY - Mark @220298 We do stock these https://t.co/uSn85YgFTr I know this isn't the same so hopefully this isn't too disappointing for the gang! -James 2/2 @220298 Hi There, I'm really sorry about this. Maybe you could mix the Tesco Guinea Pig Nuggets with something else that they enjoy? 1/2 @Tesco We’ll research different muesli, last time we tried to mix food they picked out the bits they liked &amp; left the nuggets! Hugs to your rabbit🐰",Customer is enquiring about the not to discontinue the guinea pig muesli. Agent updated the customer to DM with the photo of the product and inform that the same stock not there and suggest to mix the Tesco Guinea Pig nuggets with some thing else.,0 days 15:06:41
a9c6234b32069c074cdebfbf439e5164,"[1797195, 1797196, 1797198, 1797201]","{1797195: Timestamp('2017-10-29 00:22:00+0000', tz='UTC'), 1797196: Timestamp('2017-10-29 00:31:58+0000', tz='UTC'), 1797198: Timestamp('2017-10-29 00:16:32+0000', tz='UTC'), 1797201: Timestamp('2017-10-29 00:11:21+0000', tz='UTC')}","Yo @115725 my residential internet service has been down all day... wassup??! @540008 Do you know where the Battery Backup unit is located? 
^FEM @540008 Press and hold the Alarm Silence or reset button for 15 seconds. Give it 5 min and then check to see if your service comes back on. ^FEM @VerizonSupport Fixed! Thanks!",The customer says that the internet service is down all days in his residential area. The agent asks the customer to press and hold the alarm silence or reset button for 15 seconds by which the issue was resolved.,0 days 00:20:37
e56a5727bf27ba767dd04c78424661b7,"[937934, 937936, 937937, 937939, 937940]","{937934: Timestamp('2017-10-21 18:29:35+0000', tz='UTC'), 937936: Timestamp('2017-10-21 18:20:58+0000', tz='UTC'), 937937: Timestamp('2017-10-21 18:35:59+0000', tz='UTC'), 937939: Timestamp('2017-10-21 18:41:36+0000', tz='UTC'), 937940: Timestamp('2017-10-21 18:43:22+0000', tz='UTC')}","@SW_Help Can you explain why trains btwn Reading &amp; Waterloo delayed? Can't find any explanation. Thanks @342330 Hello, which trains are you referring to? Trains from Reading - Waterloo look to have run on time? ^SC @342330 This train was late due to earlier late running trains I'm afraid. ^SC @342330 A passenger on an earlier service pulled the emergency alarm in error. ^SC @SW_Help Really? And that caused such huge delays &amp; disruption? Thanks for answering anyway",Customer ask the agent of explanationt on train dealy. Agent explained the customer about passenger pulled emergency alarm.,0 days 00:22:24
6be74686856f62e04ffa2c67d212c26b,"[493627, 493632]","{493627: Timestamp('2017-12-01 17:21:30+0000', tz='UTC'), 493632: Timestamp('2017-12-01 16:59:32+0000', tz='UTC')}","@VerizonSupport is there something going on with interenet in my area? Internet does not work for about hour now? Maspeth, New York. @232684 Ok, you can power cycle your battery back up and unplug it from the power cord for 2 min.
^ADP",The customer is complaining that internet was not at all working in their area from past 1hour. The agent asked to battery back u[p and unplug i from the power cord for 2 mins and asked to dm them.,0 days 00:21:58
d8a942b75a7ad143c3454ac759e59e4c,"[229135, 229136, 229136, 229137]","{229135: Timestamp('2017-10-05 08:38:02+0000', tz='UTC'), 229136: Timestamp('2017-10-05 00:24:17+0000', tz='UTC'), 229137: Timestamp('2017-10-05 08:37:57+0000', tz='UTC')}","@115900 I need help paying a bill. The sight to fill out ZIP code isn't working in order to text tech. I have til tomorrow @170644 Hello, Thank you for reaching out to us. We are able to look into your payment issue.  Please send us a DM with @170644 your full address for assistance.  -AC",Customer having an issue with paying bill. Agent updated the customer to sent DM with full address for assistance.Finally issued got resolved.,0 days 08:13:45
cf3d7dc5fe571b372873ccf23020e6cc,"[1424659, 1424661, 1424665, 1424666, 1424666]","{1424659: Timestamp('2017-07-01 08:48:35+0000', tz='UTC'), 1424661: Timestamp('2017-07-01 08:38:28+0000', tz='UTC'), 1424665: Timestamp('2017-07-01 08:16:27+0000', tz='UTC'), 1424666: Timestamp('2017-07-01 08:12:21+0000', tz='UTC')}","@GWRHelp a bit about missing the 11:30 vintage train at Totnes - only hope of getting the rest of my trains. How long delayed expected? 2/2 @147543 Hi Mitchell, sorry for the delay there is a very limited service in and out of Bristol. Network Rail working to fix but no ETA. -Andy @GWRHelp So from Bath Spa, will my forward seat become backwards to Totnes or forward from Westbury sorry to ask? @147543 It will be backwards to Westbury and then forwards again from there. -Andy",Customer is complaining about the delay. Agent updated that Network rail working to fix but no ETA.,0 days 00:36:14
a9fc9f6337888780314a1ddccfa545a1,"[1438962, 1438963, 1438965, 1438967, 1438976]","{1438962: Timestamp('2017-10-27 10:19:45+0000', tz='UTC'), 1438963: Timestamp('2017-11-02 20:15:00+0000', tz='UTC'), 1438965: Timestamp('2017-11-02 20:16:03+0000', tz='UTC'), 1438967: Timestamp('2017-11-05 03:19:30+0000', tz='UTC'), 1438976: Timestamp('2017-11-07 11:27:26+0000', tz='UTC')}","@idea_cares are u going to resolve the problem m facing already informed u for same if not tan reply me the worst service i got.... @453943 Sorry for the trouble caused. Kindly share with us the exact address of the Idea store with pin code(1/2)
Rgds,
Darshan. @453943 where you have faced the issue to take appropriate actions. And DM us all the 5 number and your alternate number(2/3) @idea_cares Wat you want from my side 7065692000/3000/4000/5000/6000
Getting calls from people n tey say its customer care no. @453943 We have forwarded your issue to our concern team, we are looking into this and we will call you soon with an update.","Customer is complaining about the worst service, where they were informed to resolve the problem but yet the problem is not solved. Agent updates that they have forwarded their issue to concern team and will look into this and will call them soon with an update.",11 days 01:07:41
6bd8d57e0036ff639fa18febe7026886,"[961120, 961123, 961124, 961127]","{961120: Timestamp('2017-10-22 02:47:25+0000', tz='UTC'), 961123: Timestamp('2017-10-22 00:26:03+0000', tz='UTC'), 961124: Timestamp('2017-10-22 12:29:51+0000', tz='UTC'), 961127: Timestamp('2017-10-23 15:09:27+0000', tz='UTC')}",@AppleSupport why does it take so lone to reset a password. 30 hours and no word yet???? @348088 We value your privacy and security. We've got an article with more information about account recovery: https://t.co/nXAGZj0EE7 @348088 Check the status of the recovery process by going to https://t.co/blQI4wX8qY For more information: https://t.co/UJm15vmMM2 @348088 For iOS 11.0.3 go to Settings &gt; your name &gt; Password &amp; Security. DM us if that doesn't help and we'll continue with you there. https://t.co/GDrqU22YpT,"Customer is complaining why its taking more time to reset a password since they have waited for 30 hrs and still no response. Agent updates for ios 11.0.3 follow steps, go to setting, their name, password, Security. If it doesn't help then DM them so that they can continue with them in provided URL.",1 days 14:43:24
3b611fd130bf70182d5afff423d51f12,"[624138, 624144, 624145, 624149]","{624138: Timestamp('2017-11-22 17:54:48+0000', tz='UTC'), 624144: Timestamp('2017-11-22 16:02:39+0000', tz='UTC'), 624145: Timestamp('2017-11-22 16:00:58+0000', tz='UTC'), 624149: Timestamp('2017-11-22 15:49:51+0000', tz='UTC')}","@ArgosHelpers really enjoyed travelling to a different town to collect my reservation only to be told it was cancelled without letting me know @ArgosHelpers Thanks chantelle. Why was it not possible to arrange home delivery or to order item in considering what had happened. Any ideas? @268162 Hi Paul, are unable to transfer stock unfortunately. So if this is out of stock then you would not be able to order this. - Scott @268162 I have called the store and I can advise that your order was cancelled automatically by the warehouse in regards to a stock issue. Sorry you were not notified about the cancellation. -Lesley",Customer is complaining about the cancellation without lettering him. Agent says that he called the store and advise that order was cancelled automatically by the warehouse in regards to a stock issue.,0 days 02:04:57
fc9486bebbb5149f2e816bafc4173834,"[2115824, 2115825, 2115828, 2115829]","{2115824: Timestamp('2017-11-08 15:52:03+0000', tz='UTC'), 2115825: Timestamp('2017-11-08 14:49:52+0000', tz='UTC'), 2115828: Timestamp('2017-11-08 14:44:23+0000', tz='UTC'), 2115829: Timestamp('2017-11-08 12:33:24+0000', tz='UTC')}","@Tesco is there anyway of checking stock levels instore on your website? Looking at a coat for someone but they want to try on first as not sure what size is needed. @126129 Can you confirm what the product is you’re looking for and your postcode so I can search your nearest stores? Thanks – Amanda 2/2 @Tesco It's the F+F shower resistant padded parka ref bt721429. Size 18 shows in stock at Chester superstore but would like to know about size 20  in any stores in Chester. @126129 Hi Emma, I have looked into this and can confirm that Chester Superstore have 3 of the size 20 available. It costs £49. Thanks - Mark",Customer enquiring about the checking of stock levels on website. Agent helped the customer to find his product with correct size availability .,0 days 03:18:39
b3db1822a3620a688a9a7f311221c2c1,"[1083783, 1083786, 1083789, 1083790]","{1083783: Timestamp('2017-10-23 17:37:02+0000', tz='UTC'), 1083786: Timestamp('2017-10-23 17:46:01+0000', tz='UTC'), 1083789: Timestamp('2017-10-23 17:32:42+0000', tz='UTC'), 1083790: Timestamp('2017-10-23 17:22:56+0000', tz='UTC')}","@SW_Help the delightful smell of urine on the 18.18 to Portsmouth @375656 hi, sorry about this. May I know which train is this, please?  ^JH @375656 I'm sorry but there is no 1817 from Waterloo. Did you get this train from Clapham Junction? ^JH @375656 Thank you! I have passed this to our Fleet team now and may I know what coach was this?  ^JH",Customer is complaining about the uncleanliness in the train. Agent updated that they will pass this information to the fleet team.,0 days 00:23:05
998b29709daa2aa50c047a193748a045,"[1694003, 1704141, 1704142]","{1694003: Timestamp('2017-11-06 17:15:39+0000', tz='UTC'), 1704141: Timestamp('2017-11-06 22:10:43+0000', tz='UTC'), 1704142: Timestamp('2017-11-06 22:10:38+0000', tz='UTC')}","@Tesco grapes bought on Saturday from Lincoln store... 🤔😔 https://t.co/fsXykycbOi @514048 Would you be able to return the product to the any of our Extra/Super/Metro store and they will log this for you and give you a refund. 2/4 @514048 Can I also ask for your full name, address, a clear photo of the product barcode and the supplier code so I can log this on my end? 3/4","Customer is complaining about the grapes that bought on Saturday from Lincoln store. Agent asks for their full name, address, a clear photo of the product barcode and the supplier code so that they can log this from their end.",0 days 04:55:04
714a6252e6a0bf497ca044085c17e010,"[1596304, 1596306, 1596310]","{1596304: Timestamp('2017-11-04 22:02:12+0000', tz='UTC'), 1596306: Timestamp('2017-11-04 21:31:23+0000', tz='UTC'), 1596310: Timestamp('2017-11-05 07:42:35+0000', tz='UTC')}",Uh thanks @Delta for no entertainment during a 4 hour flight https://t.co/Flkx31hUT9 @408601 Hey there. I am very sorry to see  this. Have you contacted a FA for assistance?  *HFG @408601 We always advise our passengers to reach out to one of our Crew Members for immediate assistance. We apologize for any inconvenience... 1/2,Customer is complaining about no entertainment during a  4 hour flight. Agent updated to contact FA and crew members for any assistance.,0 days 10:11:12
df70ba9253a3c8bf46cf29c0404fc87d,"[949282, 949285, 949288]","{949282: Timestamp('2017-11-10 01:04:22+0000', tz='UTC'), 949285: Timestamp('2017-11-10 00:51:17+0000', tz='UTC'), 949288: Timestamp('2017-11-09 22:44:11+0000', tz='UTC')}","@824 please pick up the phone to rebook my connection! @345132 The confirmation number you've provided doesn't seem to be working. Pls double check and resend it.  *HCA @345132 I'm sorry to hear we let you down. Please know this is not the experience we wanted you to have with us, and I regret any inconvenience caused. We pride ourselves on providing service from the heart, and it is very disappointing to hear you’ve received anything less than... 1/2",Customer complaints about delay in flight. Agent request customer to double check and resend the confirmation number for review.,0 days 02:20:11
bb351d26154e3c406515066a7db2810b,"[1225413, 1225414, 1225415, 1225419, 1225422, 1225425]","{1225413: Timestamp('2017-10-16 00:40:28+0000', tz='UTC'), 1225414: Timestamp('2017-10-16 01:41:53+0000', tz='UTC'), 1225415: Timestamp('2017-10-16 00:38:09+0000', tz='UTC'), 1225419: Timestamp('2017-10-16 00:35:03+0000', tz='UTC'), 1225422: Timestamp('2017-10-15 21:24:37+0000', tz='UTC'), 1225425: Timestamp('2017-10-15 05:25:37+0000', tz='UTC')}","@SpotifyCares did divide get taken down from Spotify? It's  the only @118276 album that doesn't play @SpotifyCares Now it's says ""this song is not available"" on 90% of his songs... @407492 Thanks for the info. Could you try logging out &gt; restarting both devices &gt; logging back in? Does that help? /RK @SpotifyCares Continues to say ""this song is not available."" @407492 Hmm. Best thing to try here is a reinstall. Just follow the steps at https://t.co/EqisDMwZAT. Keep us posted! /RK @SpotifyCares I've done that. still nothing. here's a screenshot of what it says when i try to play a song. https://t.co/7oTQ5nbSRQ","Customer is complaining that 90% of songs are not playing and notifying like not available in the album.  Customer has also shared the screenshot of error in URL. Agent asked to logout and login again the devices. Based on screenshot from the customer, agent updated that it is better to reinstall and have reported the complain to the developers.",0 days 20:16:16
751caa47f21862c07d565e5ea1db1a74,"[619228, 619229, 619230, 619232, 619235]","{619228: Timestamp('2017-10-01 14:29:47+0000', tz='UTC'), 619229: Timestamp('2017-10-22 22:29:30+0000', tz='UTC'), 619230: Timestamp('2017-10-01 14:14:37+0000', tz='UTC'), 619232: Timestamp('2017-10-01 03:00:10+0000', tz='UTC'), 619235: Timestamp('2017-09-30 23:27:27+0000', tz='UTC')}","@GooglePlayMusic I can no longer upload my music? Any suggestions on how to fix this? Thankyou! @266940 Mind sharing a screenshot of the issue? We'll check it out. @GooglePlayMusic I will do! Thank you :) Does it have to be in mp3 format or can music be mp4's as well? @266940 The music can be uploaded in MP3 and other formats. More info here: https://t.co/gSKRoBUmdz. Hope this helps! @GooglePlayMusic Everything seems to be great now! Thanks again for your help, I love your service :)",Customer is complaining about failure in uploading the music. Agent requests to share some screenshots of the issue and states to upload in mp3 as well as other formats.,21 days 23:02:03
77df15a962c3283c0aed474afaca583f,"[1288490, 1288491, 1288492, 1288493, 1288495]","{1288490: Timestamp('2017-10-27 02:49:07+0000', tz='UTC'), 1288491: Timestamp('2017-10-26 19:43:49+0000', tz='UTC'), 1288492: Timestamp('2017-10-26 19:42:09+0000', tz='UTC'), 1288493: Timestamp('2017-10-26 19:43:18+0000', tz='UTC'), 1288495: Timestamp('2017-10-26 19:19:10+0000', tz='UTC')}","@comcastcares , every time I think you guys can't be any worse, u prove me wrong the next time. Bad management and horrible service. #worst @comcastcares Do you have the authority correct the fuckups of your support folks ? If not, it's just waste of time for both of us. @421363 I'm in our corporate support team and I'd love to help out. Could you DM me what happened?-JG @comcastcares Because so far all the very fine people of Comcast I have spoken to have this response ' Sorry, We can't do anything now ' @comcastcares @comcastcares @116136 here again, same response. Can't fix their own mess up. And expect me to wait for their call. Waiting since 8-28 https://t.co/IEiXJC0x3A",Customer is complaining that about the service. Agent updated that could DM him whats wrong.,0 days 07:29:57
1bbe6aa79906baa82d5bc9607ba2ef48,"[2315158, 2315161, 2315165, 2315168]","{2315158: Timestamp('2017-11-13 14:05:20+0000', tz='UTC'), 2315161: Timestamp('2017-11-13 14:58:24+0000', tz='UTC'), 2315165: Timestamp('2017-11-13 15:27:55+0000', tz='UTC'), 2315168: Timestamp('2017-11-13 13:35:31+0000', tz='UTC')}",".@Ask_Spectrum I recently *upgraded* my internet speed from what comes with my apartment utility bundle. I’m trying to work this morning and it’s taking forever to load a webpage while PLUGGED IN TO ETHERNET. @358412 When I did check everything here, it does show there are three devices connected to the 2.4 GHZ wireless network.... https://t.co/1qIdxi1djs @358412 The service most certainly can handle those devices there, but the internal diagnostics of the router provided he... https://t.co/1qIdxi1djs @358412 Are there any splitters on the cable line, before the modem? The modem is set up for and showing to be producing ... https://t.co/1qIdxi1djs",Customer inquires about upgraded internet speed. Agent informs customer that modem is set up for and showing to be producing URL.,0 days 01:52:24
b169329e70e1cbbbba57f82231134ca4,"[1314273, 1314274, 1314276, 1314280, 1314281, 1314281]","{1314273: Timestamp('2017-10-27 07:14:31+0000', tz='UTC'), 1314274: Timestamp('2017-10-27 07:18:18+0000', tz='UTC'), 1314276: Timestamp('2017-10-27 07:27:02+0000', tz='UTC'), 1314280: Timestamp('2017-10-27 07:08:39+0000', tz='UTC'), 1314281: Timestamp('2017-10-27 07:05:15+0000', tz='UTC')}","Looks like @115714 is down !! #iPhoneX @427067 Our website will be unavailable due to maintenance until 3:00 AM CT. You can try again within an hour. 4 assistance, please DM us. -OM https://t.co/rMApsV8PQY @427067 That's a great device you're looking for. Please remember that maintenance ends after 03:00AM. -OM @sprintcare How can you guys plan maintence at this time as ur already aware of prebookings at this time ? @427067 I know how excited is to be the first to get a new device. It's just a few minutes left. Thank you for your patience. -OM","Here customer is complaining about down service of iPhone X where he wants to order a new device with exciting offer. Here Agent informs the customer that some maintenance is going on  , if he has some issue can message him for the better assistant.",0 days 00:21:47
1d84e05bf880090d1e957bec57fea6bb,"[2734588, 2734589, 2734593, 2734594, 2734595]","{2734588: Timestamp('2017-11-20 19:54:07+0000', tz='UTC'), 2734589: Timestamp('2017-11-20 20:03:20+0000', tz='UTC'), 2734593: Timestamp('2017-11-20 19:35:24+0000', tz='UTC'), 2734594: Timestamp('2017-11-20 19:32:05+0000', tz='UTC'), 2734595: Timestamp('2017-11-20 18:53:33+0000', tz='UTC')}","@115888 why when I listen on my computer do I have to be Online to get my full library of songs. Sort of an inconvenience. @766421 Hey Ryan! Only the songs you have downloaded will be available for offline play. Let us know if there's anything else we can do for you /TF @SpotifyCares Yeah I get that. So where do I download them with the app on my computer these are the options I have https://t.co/el2ZdaRxhB @SpotifyCares Yes I know how that works but there is no download button above my songs list @766421 We hear you. In order to save songs for offline listening, you will need to create a playlist with those songs in it. You should then see an option to download the songs. Give that a shot and let us know how it goes /TF",Customer is asking whether they need to be online to get full library songs. Agent replies that this feedback will be passed to the right team.,0 days 01:09:47
6bfc5fdb4a58e48463247b71798f39bc,"[1647617, 1647619, 1647622, 1647623]","{1647617: Timestamp('2017-11-06 17:08:43+0000', tz='UTC'), 1647619: Timestamp('2017-11-05 16:23:11+0000', tz='UTC'), 1647622: Timestamp('2017-11-07 17:41:29+0000', tz='UTC'), 1647623: Timestamp('2017-11-07 19:01:39+0000', tz='UTC')}",@British_Airways please advise why in 2018 you have stopped running the 9.20 am flight from LBA to LHR . You seem to run the others .. why? @British_Airways It seems that you are stopping running the flight between 26th feb and 28th March 2018 @British_Airways Not sure if they can help as they can’t book no existent flights .. this is about BA’s policy to stop running the 9.20 am flight from LBA @503381 Hi Neil. You’ll have to look to an alternative flight then. Sorry to disappoint you. ^Monica,Customer wants to book flight between 26th feb to 28th march but the booking is not available. Agent updated that they can prefer to book alternative flight and asked to click on URL for contact details.,2 days 02:38:28
be160e6b5ffca7df97df5b4f6ec7f352,"[1588448, 1588453, 1588454, 1588458, 2866500]","{1588448: Timestamp('2017-12-01 06:29:55+0000', tz='UTC'), 1588453: Timestamp('2017-11-28 00:31:14+0000', tz='UTC'), 1588454: Timestamp('2017-11-28 00:19:09+0000', tz='UTC'), 1588458: Timestamp('2017-11-27 23:23:27+0000', tz='UTC'), 2866500: Timestamp('2017-11-28 00:28:28+0000', tz='UTC')}","@132569 Been with AirBnB for 4+ years as traveler &amp; superhost.  Booked on @115783 for thanksgiving with parents, but listing was misleading (e.g., dumpster at front door, bad/dangerous condition).  https://t.co/oF5qthjS5o https://t.co/kXKHgyxtlT
https://t.co/jRRdhgNQwb https://t.co/oGDOUN19tp @AirbnbHelp @132569 I've spent multiple hours speaking w/ CS team. Case manager disputes that listing is misleading &amp; says it is good condition (whereas other 2 reps were also appalled at pics I sent).  Clearly case manager doesn't care abt customers, focused on not giving refund. @AirbnbHelp @132569 Does picture on listing with amazing view vs. the actual view from living room of dumpster (see pics) fall within the ""adequacy of Listing description""?!  Am I missing something? Host didn't follow multiple minimum quality items but u don't care since you got your money. https://t.co/ju2rOi59Pc @129181 Hi Mostafa, a member of our team is currently reviewing the situation and will be following up shortly. We appreciate your patience during this process. Please feel free to DM us with any specific questions you might have in the meantime. @AirbnbHelp What exact feedback has been recorded?  The host STILL has his misleading picture of Union Square as the first pic on his rental units which actually overlook an alleyway with dumpsters.  If you haven't amended that, then you obv. don't care at all about user experience.",Customer complains on misleading of listings  air bnb airways. Agent recorded the complaints from the customer and has been escalated to team for review.,3 days 07:06:28
6540ec016e46729a03025a80032c3218,"[281833, 281835, 281836, 281838, 281839]","{281833: Timestamp('2017-10-06 11:46:04+0000', tz='UTC'), 281835: Timestamp('2017-10-06 11:44:24+0000', tz='UTC'), 281836: Timestamp('2017-10-05 16:12:53+0000', tz='UTC'), 281838: Timestamp('2017-10-06 12:41:29+0000', tz='UTC'), 281839: Timestamp('2017-10-06 11:14:56+0000', tz='UTC')}","@AskeBay I cancelled a payment to a scammy listing, the seller won’t communicate, and now it says I need to pay now. help? @183147 Hi Justin. We understand your concern, but if you have asked to cancel the transaction &amp; the seller didn't approve it then you1/2 @AskeBay I’ve sent the seller two messages and he didn’t respond to either. I really think this listing is a scam and you should look into it. @AskeBay I couldn’t request to cancel the transaction because it said I didn’t pay even though I did. The seller marked my order unpaid. @183147 Hey Justin. Thanks for getting back to us. We have already sent a report the relevant team but remember you can report the 1/2",Customer is complaining that they have cancelled a payment to a scammy listing the seller won't communicate and now it said they need to pay now. Agent updated him that they have already sent a report the relevant team .,0 days 20:28:36
85f6314c248a71a8479b1168affb3337,"[618772, 618773, 618776, 618778, 618779]","{618772: Timestamp('2017-11-22 14:38:57+0000', tz='UTC'), 618773: Timestamp('2017-11-22 20:25:09+0000', tz='UTC'), 618776: Timestamp('2017-11-21 20:10:42+0000', tz='UTC'), 618778: Timestamp('2017-11-20 20:10:46+0000', tz='UTC'), 618779: Timestamp('2017-11-20 09:42:53+0000', tz='UTC')}","@DropboxSupport Is there any reason your macOS app tells me *every* time I boot about “Smart Sync” getting pretty damn annoying. @266822 Hi Chris, could you let us know more about this notification? Is it appearing as a pop-up, or in the Dropbox desktop application? Please DM us a screenshot of the message so that we can investigate this matter further, thanks! @266822 Hey again Chris, can we assume that you’ve gone through the “Learn More” or do you always “Close” the notification announcement? Thanks in advance! @266822 Hi again, you should be able to disable the notifications of the Dropbox desktop application using the Mac settings in the Notification tab to prevent further prompts in future. @DropboxSupport I realise I can do that, I was kinda trying not to turn off the whole feature due to one notification recurring.","Customer is complaining that is there any reason that macOS app tells him every time he boot about smart sync getting pretty annoying. Agent updated that one more thing we'd like to check if they click dropbox desktop application from the menu bar the notifications should appear, clicking learn more from that area should dismiss it permanenthly.",2 days 10:42:16
00c60e1fa387e7604856d42390f09bc4,"[5435, 5436, 5437, 5438, 5440]","{5435: Timestamp('2017-10-31 23:20:51+0000', tz='UTC'), 5436: Timestamp('2017-10-31 23:16:23+0000', tz='UTC'), 5437: Timestamp('2017-10-31 23:22:11+0000', tz='UTC'), 5438: Timestamp('2017-10-31 23:30:24+0000', tz='UTC'), 5440: Timestamp('2017-10-31 23:30:04+0000', tz='UTC')}","@GWRHelp Hello i’ve left my iphone on the train, i was on 22.35 from Ealing Broadway to Langley 22.57.  Can you help? @GWRHelp hi Phil, it’s an iPhone 6s, black doesn’t have a cover and battery had died.  I was in about the 4th carriage, was one with toilet in @GWRHelp if you find it and power it up, the background image is a woman sitting in a yellow chair @116971 1/3 Thanks Ange. I have asked colleagues at Oxford to take a look on board when the train arrives. @116971 3/3 Please also make a report at https://t.co/h8I7Lay827, in case a passenger has taken it to hand in elsewhere. Phil.",Customer is requesting help to get back their iPhone which they left on the train on 22.35 from Ealing Broadway to Langley 22.57. Agent updated that the staff at Oxford checked the train but unfortunately no phone was found and advises to report it as lost on their partner website.,0 days 00:14:01
98a00a7295c3be69f7e516226ceafae1,"[2128764, 2128768, 2128769]","{2128764: Timestamp('2017-11-08 16:32:27+0000', tz='UTC'), 2128768: Timestamp('2017-11-09 16:53:16+0000', tz='UTC'), 2128769: Timestamp('2017-11-09 16:58:42+0000', tz='UTC')}",@AirbnbHelp I am regretting taking a decision to book Airbnb for my vacation to goa after almost a month of booking my host cancel led the booking and there was no notification from airbnb to confirm the same and it's like a huge task to get through customer service. @AirbnbHelp I know that but how much difficult is it become for me to find out a new accomodation as the prices has gone up by 50%  and now only i have bear the extra cost. Is this why people should book in advance and that too an AIRBNB? @626679 We understand your frustration and we are here to help. We have asked one of our specialists to follow up with you to assist you.,Customer complaints about cancellation of advance booking without notification. Agent informs customer that one of the specialists will followup and assist.,1 days 00:26:15
df6fa8b2e91ebf48fbc13587d3610a3f,"[1939813, 1939814, 1939815, 2466552]","{1939813: Timestamp('2017-10-29 18:13:54+0000', tz='UTC'), 1939814: Timestamp('2017-10-29 20:16:49+0000', tz='UTC'), 1939815: Timestamp('2017-10-29 20:17:08+0000', tz='UTC'), 2466552: Timestamp('2017-10-29 21:10:06+0000', tz='UTC')}","End of 5p bags @Tesco only option is 10p Bag for Life. +Plastic in a BfL so more polution. But ⬆️ profits?👏🏻#puttingprofits1st #bagtossers @576987 Following a successful trial we've decided to remove all single-use carrier bags, &amp; instead offer our customers a new Bag for Life at 10p. @576987 The feedback we received was that our Bag for Life, which is made from 94% recycled plastic  helped them to move to re-usable bags. 3/6 @Tesco But you’re now able to profit on the remaining 75% of sales.  Worse net effect on landfill due to heavier BfL.. profit drives this decision",The customer saying that the plastic in a Bfl is so more pollution and now the company is able to profit on remaining 75% of sales. The agent is replying that they are trying to remove all single use carrier bags and offering customers a bag at 10p.,0 days 02:56:12
305b530a88cbc17cc2a9e1cf1ea59579,"[210705, 210706, 210712, 210721, 210722]","{210705: Timestamp('2017-10-04 15:38:29+0000', tz='UTC'), 210706: Timestamp('2017-10-04 15:45:05+0000', tz='UTC'), 210712: Timestamp('2017-10-07 05:32:15+0000', tz='UTC'), 210721: Timestamp('2017-10-04 15:27:10+0000', tz='UTC'), 210722: Timestamp('2017-10-04 15:12:01+0000', tz='UTC')}","@AmericanAir How are you still issuing paper vouchers redeemable by mail only? Please get your act together &amp; jump into the 21st century @165868 We do offer evouchers as well but in some instances we still need to issue paper vouchers. Thanks for understanding. @165868 They can be brought into an AA ticket counter for payment as well. @AmericanAir That's not exactly convenient. Go to an airport for future travel or pay for tracked shipping and spend a half hour to an hour on the phone @165868 You can ticket in person at Airesources, Inc. 4th floor, The Pilgrims' Center Bldg, 758 P Ocampo ST. Malte, Manila 1004  M-F 830a-530p.",Customer is complaining how can they issue paper vouchers which is redeemable only by mail. Agent updates that for some instances they need to issue paper vouchers and can use the voucher at the given address where the voucher need to bring in person in order to use it.,2 days 14:20:14
2b75b8e37d6c825e52441e53b83dbbf2,"[1359727, 1359728, 1359729, 1359732, 1359734]","{1359727: Timestamp('2017-10-27 20:08:54+0000', tz='UTC'), 1359728: Timestamp('2017-10-27 20:15:25+0000', tz='UTC'), 1359729: Timestamp('2017-10-27 19:59:00+0000', tz='UTC'), 1359732: Timestamp('2017-10-27 20:21:50+0000', tz='UTC'), 1359734: Timestamp('2017-10-27 20:36:26+0000', tz='UTC')}","@AskPlayStation hi, I need some help. This evening I redeemed a code via Psn for Fifa points. They haven't arrived into my EA Account. Thnx @437002  Hi Todd. Please follow the steps in the next link: https://t.co/PR9L0S0kEu @AskPlayStation Thanks for getting back to me, that doesn't help me. I purchased points from amazon. But once redeemed it isn't showing on Fifa @437002 Please make sure that the region of the matches the region of your PSN account for the DLC to work. @437002 Please follow us via Twitter and let us know so we can send you a DM with further instructions. Thanks!",Customer complains that he had redeemed a code via Psn  for Fifa points which has not been arrived into his EA Account. Agent directs customer to follow on Twitter and get DM with further instructions.,0 days 00:37:26
2d41a1e2f06273901d4badf4c1255633,"[387504, 387505, 387508, 387509, 387511, 387513]","{387504: Timestamp('2017-10-04 00:37:54+0000', tz='UTC'), 387505: Timestamp('2017-10-04 00:39:04+0000', tz='UTC'), 387508: Timestamp('2017-10-09 13:00:38+0000', tz='UTC'), 387509: Timestamp('2017-10-09 15:21:01+0000', tz='UTC'), 387511: Timestamp('2017-10-03 23:43:49+0000', tz='UTC'), 387513: Timestamp('2017-10-03 22:08:26+0000', tz='UTC')}","Wish this update wouldn’t have screwed my phone up so much @115858 @AppleSupport My speaker phone doesn’t work, the music thing when you swipe up from the bottom doesn’t work, volume/ringer on side doesn’t work. @207722 Which iPhone do you have, and what's the current iOS version? You can check by going to Settings &gt; General &gt; About. @AppleSupport 7 plus. 11.0.1 @AppleSupport It’s still not working as it was prior to the update @207722 Thanks. So we can look at all of your support options, could you provide your current location in DM? https://t.co/GDrqU22YpT",Customer is complaining about the iPhone which speaker is not working the music thing when you swipe up from the bottom does't work volume/ringer on side doesn't work. Agent asks  the current IOS version and current location in DM.,5 days 17:12:35
62b9055bed5aa6909801df66b01f6b49,"[1011312, 1011313, 1011314, 1011322]","{1011312: Timestamp('2017-10-12 11:41:44+0000', tz='UTC'), 1011313: Timestamp('2017-10-12 13:43:22+0000', tz='UTC'), 1011314: Timestamp('2017-10-12 14:28:03+0000', tz='UTC'), 1011322: Timestamp('2017-10-12 11:48:20+0000', tz='UTC')}","@Tesco Hello is there any chance of some minced pies/mulled wine for 2nd December Chingford Mount xmas choir service please? :) @310050 Hi there, if you type your postcode in on https://t.co/tH8s3gA3T2 you should see a Community Champion menu at the bottom. 1/2 @310050 Hi there, if your local store does not have a Community Champion, you can send the request to the nearest store. 1/2 @310050 If you DM us your postcode, we can find out the contact details for your nearest Community Champion. TY - Paige 2/2",Customer is enquiring that is there any chance of some minced pies/mulled wine for 2nd December chingford mount xmas choir service please. Agent updated that local store does not have a community champion So please sent DM with postcode so that they can find out the contact details for customer nearest community champion.,0 days 02:46:19
8a9e28fc4734b72eb89c68f0ddf9e06b,"[2877956, 2877956, 2877958, 2877958]","{2877956: Timestamp('2017-11-28 06:53:17+0000', tz='UTC'), 2877958: Timestamp('2017-11-28 03:18:35+0000', tz='UTC')}","@109994 @British_Airways I booked my flights with city bookers on a BA flight. How can I manage my booking? @798821 Your booking agent should have given you an airline record locator or PNR, Adam. if this isn't on your documentation please contact your booking agent to request this. ^Steph",Customer is requesting for a way to manage his booking. Agent states about airline record locator or PNR and to contact booking agents.,0 days 03:34:42
adaf05a0120d969fd97bff633390cbf8,"[454235, 454239, 454241]","{454235: Timestamp('2017-11-30 22:49:41+0000', tz='UTC'), 454239: Timestamp('2017-11-30 21:40:45+0000', tz='UTC'), 454241: Timestamp('2017-11-30 21:24:09+0000', tz='UTC')}","@XboxSupport So, I think I overheated my #XboxOne
I’ve followed all the steps and now I’m clear ventilation, it continues to shut off.
Have I done permanent damage to my #XboxOne ❓❓❓ @222793 Hi there! Can you send us a photo of the console and where it is attached to a power source? ^JL @222793 Is the console plugged into that power strip? If so, be sure to unplug that and plug it into a wall outlet as this will cause issues with the console. ^JL",The customer is complaining that even after following the given steps it continued to shuts off. Agent asked to send the photo of the console where it has attached to the power source.,0 days 01:25:32
17ab157292bd67b743a1dbf6c775422a,"[581871, 581871, 581873, 581875, 581879]","{581871: Timestamp('2017-12-03 13:09:38+0000', tz='UTC'), 581873: Timestamp('2017-12-03 13:19:00+0000', tz='UTC'), 581875: Timestamp('2017-12-03 13:26:24+0000', tz='UTC'), 581879: Timestamp('2017-12-03 13:36:30+0000', tz='UTC')}","@AmazonHelp Yes, I've just looked and it's now saying it won't be delivered until Tuesday. As I work full time that's no good at all. Can I cancel? @257147 You're not able to cancel an order after it ships, but you can set up a Safe Place for us to leave your parcel while you're away here: https://t.co/MP0iyDYipP I hope this helps! ^ZW @257147 Can you confirm which carrier is handling this order? Depending on which carrier has this parcel, there may be an option to cancel the order through your account. Just click the following link: https://t.co/aaDyEz1VgE.^BZ @257147 I understand why you're concerned! We'd like to take a closer look into the delay with you. Please contact us directly by phone or chat here: https://t.co/JzP7hlA23B. Let us know if you have any other questions or concerns! ^CS",Customer is complaining about delaying in the order and finally he wants to cancel it. Agent updated that depending on which carrier has this parcel there may be an option to cancel the order through your account.,0 days 00:26:52
ae53e5a44bd9f1c85bbd19f8cf08c9ae,"[62914, 62925]","{62914: Timestamp('2017-11-01 20:24:57+0000', tz='UTC'), 62925: Timestamp('2017-11-20 15:32:31+0000', tz='UTC')}",@AsurionCares I canceled my service with y’all cuz u guys charge 200 for Iphone six which is less in a market value! Rip off @130415 We'll be glad to take a look into this for you as well. Please DM us the claim number and where your speaker was purchased. ^AW,The customer is complaining that they were charged 200$ for iphone x6 which is less in the market. The agent asked to dm them the claim number and where they have purchased.,18 days 19:07:34
11b3fa976e7621e80a7978a2700f90f8,"[122255, 122276]","{122255: Timestamp('2017-11-23 23:32:51+0000', tz='UTC'), 122276: Timestamp('2017-11-24 08:47:15+0000', tz='UTC')}","@GWRHelp who can I speak to about noise from idling trains on the mainline in Bath? Freight and passenger, late at night, residential area @143257 Hello. You can find out more information here: https://t.co/l84Im8b91I . Contact details for Network Rail can be found as well. - Jordan",The customer is complaining that noise from the idling trains on the mainline in the bath. The agent gave the contact details of network rail.,0 days 09:14:24
d4d1372cd808dd8aeaf492164062d199,"[2185121, 2185123, 2185123, 2185128, 2185131]","{2185121: Timestamp('2017-11-09 19:21:35+0000', tz='UTC'), 2185123: Timestamp('2017-11-09 19:30:00+0000', tz='UTC'), 2185128: Timestamp('2017-11-09 16:20:11+0000', tz='UTC'), 2185131: Timestamp('2017-11-09 16:10:18+0000', tz='UTC')}",I am so excited for Christmas ❤️💜 @639959 Do you have a usual colour theme? @Tesco Ye it is ham or chicken it is so good @639959 Bet you're looking forward to the big day now 😁 Not long to wait! Will you be giving Nan a hand in the kitchen 😁,Customer telling that he is exited for Christmas. Agent asking that will he have usual color theme and asking to give his hand in the kitchen.,0 days 03:19:42
141a3eb2423ea9e0ef29c943c7389d1b,"[1223489, 1223493, 1223496, 1223498, 1651199]","{1223489: Timestamp('2017-11-06 13:59:52+0000', tz='UTC'), 1223493: Timestamp('2017-11-06 06:27:16+0000', tz='UTC'), 1223496: Timestamp('2017-11-06 04:15:28+0000', tz='UTC'), 1223498: Timestamp('2017-11-06 03:28:09+0000', tz='UTC'), 1651199: Timestamp('2017-11-06 06:32:45+0000', tz='UTC')}","@AirAsiaSupport kindly need help on this matter AA! Tq https://t.co/CFNO62Eior @407053 Hi , Booking KMRZFT has been cancelled due to no complete payment. Your Big Points has been reverted back to your account. Thanks @AirAsiaSupport New booking made with higher cost! I’m totally disappointed with this experience. No notification prior unsuccessful payment transactions! @407053 Hi,referring to TIJYTV booking is confirmed,KMRZFT big points has been refunded, may proceed with new booking.Thanks-Mi @407053 We’re sorry to hear that! We will forward this to the team for improve our services better in future.Thanks- mariya",Customer is complaining that his booking as been cancelled. Agent updated that is payment is successfully made to confirmed the booking.,0 days 10:31:43
ea30363c009fd5d18d221b91a35d4d9f,"[2191605, 2191606, 2191611]","{2191605: Timestamp('2017-11-09 19:21:04+0000', tz='UTC'), 2191606: Timestamp('2017-11-09 18:56:27+0000', tz='UTC'), 2191611: Timestamp('2017-11-09 22:31:18+0000', tz='UTC')}","@sainsburys when you charge £1.65 for three onions I don't expect them to look like this RIDICULOUS 😷😷 https://t.co/iRxQs4yB8t @sainsburys They were in a pack we have a veg box so throw packaging out we bought them from thornhill Excalibur drive! @641491 That's alright Kera, if you DM your full address using the below link I'll send a gift card out instead. Steven https://t.co/MdMtnTlX6H",Customer is complaining about the unions which cost is 1.65 for 3 onions. Agent says to DM full address using below link will be send a gift card out instead.,0 days 03:34:51
0f639da0f78aaf552ecc9d3921978dd2,"[2169476, 2169480, 2169480, 2169488]","{2169476: Timestamp('2017-11-09 12:08:23+0000', tz='UTC'), 2169480: Timestamp('2017-11-09 10:25:52+0000', tz='UTC'), 2169488: Timestamp('2017-11-09 12:05:22+0000', tz='UTC')}","According to your website the following countries Turkey, Lebanon, Jordan, Egypt and Saudi Arabia have specific regulations of electronics that can go into hand luggage. Why are the Maldives not on this list as that is what @British_Airways states?  https://t.co/hvOdTkguJT @269039 Hi Michiel, the Maldives is included on the list here https://t.co/0Dxu1u0ZZw. If you can't see it on the UK Government list on their 1/2 @269039 website, then you'll need to contact them directly. We are complying with the UK Governments new security requirements for cabin baggage. ^C",Customer is complaining for having different regulations of electronics that can go into hand luggage for Maldives.. Agent states that they are complying with the UK governments new security requirements for cabin baggage.,0 days 01:42:31
1b262849a2748473861afea9d5df5632,"[1242845, 1242847]","{1242845: Timestamp('2017-10-25 23:33:47+0000', tz='UTC'), 1242847: Timestamp('2017-10-25 22:57:45+0000', tz='UTC')}",Do Apple updates always delete your recent contacts? I’ve easily lost over 50 contacts in a day. Thanks @115858 @411557 Thanks for the screenshot and checking. Please DM us and we'll further review this for you. https://t.co/GDrqU22YpT,The customer is complaining that they have lost more than 50 contacts and battery also sucks after the update. The agent asked to dm them for further review on that issue.,0 days 00:36:02
790942daee4d33c186698a0c5f0a1665,"[243736, 243742]","{243736: Timestamp('2017-10-05 14:25:27+0000', tz='UTC'), 243742: Timestamp('2017-10-03 14:23:00+0000', tz='UTC')}","@HPSupport Continuous error of ""paper jam. Clear paper then press OK."" #HPcpIN @173898 Look for obstructions in the input tray, output tray, cartridge access area and underneath the printer. 1/2","The customer is complaining that there is a continuous paper jam issue. The agent asked to look for obstructions in the input tray,output tray,cartridge access area and underneath the printer.",2 days 00:02:27
71beb5eae1cca4e41135d05f39550936,"[2709545, 2709549, 2709554, 2709555]","{2709545: Timestamp('2017-11-20 01:37:22+0000', tz='UTC'), 2709549: Timestamp('2017-11-20 01:55:22+0000', tz='UTC'), 2709554: Timestamp('2017-11-20 02:09:42+0000', tz='UTC'), 2709555: Timestamp('2017-11-20 02:13:24+0000', tz='UTC')}","@AirAsiaSupport Good morning, can do I change my flight booked date. Unfortunately last minute got something important have to do settle. Please advise my booking date is 21/11 now I wanna change 23/11. @AirAsiaSupport There is no changes for returning flight and time. Now I need for my departure flight charges only. @AirAsiaSupport Okay. Based on your comments I booking a new flight ticket for one way from KUL to TRZ. Then I use back my actual ticket for my return boarding. Thanks @760859 Yes, you may do so accordingly or make flight change.Thanks- Ed",Customer enquirers about change his flight booked date. Agent informs customer to  make flight change.,0 days 00:36:02
15b02bf00bec39df887ad6972102a82e,"[309134, 309136, 309137, 309139, 309140, 309145]","{309134: Timestamp('2017-10-07 01:00:35+0000', tz='UTC'), 309136: Timestamp('2017-10-07 01:17:27+0000', tz='UTC'), 309137: Timestamp('2017-10-07 00:52:40+0000', tz='UTC'), 309139: Timestamp('2017-10-07 00:47:18+0000', tz='UTC'), 309140: Timestamp('2017-10-07 00:42:29+0000', tz='UTC'), 309145: Timestamp('2017-10-07 01:20:00+0000', tz='UTC')}","@ATVIAssist having trouble connecting to COD: IW. I even resettled the WiFi. Giving me error code: 262144. @189816 Good evening, thanks for reaching out. Just for clarification, are you playing on a wired or wireless connection? ^JP @189816 Can you DM a picture of your connection speeds? ^JP @189816 Can you try unplugging both your router and console for 5 minutes and try again? ^JP @ATVIAssist Thanks that actually worked @189816 That's good news, if you need assistance in the future then feel free to reach out. Have a good one! ^JP",Customer telling that having trouble connecting to cod:IW. Agent asking that are you playing on wired or wireless connection  and suggests that try to unplugging both router and consoles for 5 minutes and try again.,0 days 00:37:31
4d1fcb7d07524e27ebf9ed5d97f5079f,"[870065, 870067, 870069, 870070, 870072]","{870065: Timestamp('2017-10-20 16:27:41+0000', tz='UTC'), 870067: Timestamp('2017-10-20 16:27:40+0000', tz='UTC'), 870069: Timestamp('2017-10-20 12:05:17+0000', tz='UTC'), 870070: Timestamp('2017-10-20 13:33:36+0000', tz='UTC'), 870072: Timestamp('2017-10-20 09:40:49+0000', tz='UTC')}","@Tesco this is a bit misleading. The price says chicken £4 but a different more expensive chicken on the shelf. Cowbridge road east,Cardiff https://t.co/iZU4i35Xmq @Tesco No, the other product wasn't underneath. I know it's a different product, that's why it misleading @326598 Hi Dante, I am sorry this has happened. I have spoken with both stores on Cowbridge Road East, Cardiff. 1/2 @326598 Hi Dante, I've spoken to the Metro and they have sorted this out. Thanks again for getting in touch. 1/2 @326598 If there is anything else I can help you with please get back in touch. Thanks - Lee 2/2",Customer is complaining about price says chicken 4 but a different more expensive  chicken on the self. Agent says have spoken to the metro and have sorted this out.,0 days 06:46:52
b48db1f03b3670c66f2ad084d30893f8,"[820871, 820873]","{820871: Timestamp('2017-10-14 23:50:07+0000', tz='UTC'), 820873: Timestamp('2017-10-12 15:37:49+0000', tz='UTC')}","@AskeBay Hi, I’ve sold an item and the buyer collected it. PayPal are holding the funds pending, can this be released? @315526 It’ll be exactly 21 days, and the funds will be released automatically in your PayPal account. ^BK","The customer is complaining that the paypal holding the funds pending and asking for release. The agent updated that it will be exactly 21 days, and the funds will be released automatically in their paypal account.",2 days 08:12:18
480b9b08d2537c16a6c5a7954bcb2215,"[876643, 876644, 876645, 876645, 876646, 876647, 876649, 876652]","{876643: Timestamp('2017-10-20 18:41:03+0000', tz='UTC'), 876644: Timestamp('2017-10-20 18:43:50+0000', tz='UTC'), 876645: Timestamp('2017-10-20 18:36:48+0000', tz='UTC'), 876646: Timestamp('2017-10-20 18:47:51+0000', tz='UTC'), 876647: Timestamp('2017-10-20 18:47:26+0000', tz='UTC'), 876649: Timestamp('2017-10-20 19:06:03+0000', tz='UTC'), 876652: Timestamp('2017-10-20 18:30:03+0000', tz='UTC')}","Phenomenal work @VirginTrains everyone sat on the floor despite having actually BOOKED tickets. Congratulations. Well worth the £50. https://t.co/gdbdSii09B @VirginTrains Thanks for answering, my fiancée and I are on 19:07 to Liverpool Street from Euston. People have just been overbooked, maybe swapping seats? @328134 Apologies for this issue Tristan. Did you originally have seat reservations for this service? ^HP @VirginTrains We did, Seats 11 and 12 Coach A but when we had arrived there were people sat there along with others in their place etc... @328134 1/3 Sorry to hear that Tristan. We've had reports of some services being full and standing this evening due to many travelling @328134 2/3 for the half term break. Apologies for the inconvenience this has caused. You can make a claim for compensation for not @VirginTrains It's simply unacceptable ESPECIALLY as we had planned ahead unlike a lot of others and we couldn't even get a seat. Thank you for helping",Customer is complaining about the seat reservation though he had the ticket of reservation he and his fiance unable to sit and travel on the seats. Customer apologized for inconvenience and suggested to contact customer resolutions team to claim a compensation.,0 days 00:36:00
9442498001c0182cdb32deca1a1dea03,"[849486, 849487, 849488, 849490]","{849486: Timestamp('2017-10-20 14:50:35+0000', tz='UTC'), 849487: Timestamp('2017-10-19 00:02:18+0000', tz='UTC'), 849488: Timestamp('2017-10-20 14:50:34+0000', tz='UTC'), 849490: Timestamp('2017-10-18 03:39:40+0000', tz='UTC')}","Hi @DropboxSupport it says ""Upgrade to Plus to enable permission settings,"" but I upgrade to Plus and it still says the same thing? $$ back? https://t.co/NX838E8a6I @DropboxSupport Hi - yes, I double checked, and it's just one account and it says I have Plus, but it still won't let me modify sharing settings @321842 Hi again, we apologize for the confusion. Plus doesn’t have the option to modify sharing settings, this is only available with... 1/2 @321842 ...Professional and Business accounts: https://t.co/b07qOyD3Pr 2/2",Customer is complaining that even after upgrading to plus its saying Upgrade to Plus to enable permission settings. Agent updates that existing Plus users will keep the same features including permission settings as long as they are customers and regarding settings they have flag this with their team and hopes it will help.,2 days 11:10:55
1ec71453167aef43a71667c8667d5ae7,"[1497555, 1497556, 1497559]","{1497555: Timestamp('2017-11-03 12:34:10+0000', tz='UTC'), 1497556: Timestamp('2017-11-03 12:46:43+0000', tz='UTC'), 1497559: Timestamp('2017-11-03 12:58:07+0000', tz='UTC')}",@VirginTrains really poor show no food 12.07 Euston to Liverpool 1st class and no contingency #starving #expectmore #poorcustomerservice @467703 Apologies Catherine. If you don't receive service on this train then you can claim compensation here: https://t.co/v369qyz9he @VirginTrains Or vouchers for the buffet which surprisingly is unaffected,Customer is complaining about the food service where there was no food 12.07 from Euston to Liverpool 1st class and also complaints about no contingency. Agent updates that they will certainly pass their comments on.,0 days 00:23:57
a38e70b1a01984742d0904093fbe46a8,"[700523, 700524]","{700523: Timestamp('2017-11-23 16:25:10+0000', tz='UTC'), 700524: Timestamp('2017-11-23 16:20:21+0000', tz='UTC')}","@CoxHelp I’m at a rental house. I won’t schedule an appointment because I want the next people who rent this house to be just as miserable. I hope I die. @287193 I'm truly sorry we've made you feel this way. If you change your mind and decide to schedule an appointment, we are here 24/7 for support. I apologize for any inconvenience this has caused.  -StephanieA",Customer is facing service issue. Agent insist customer to scheduled an appointment to get it resolved.,0 days 00:04:49
2c435c2a26a3da968fc755e114c61128,"[1958059, 1958060, 1958062, 1958063, 1958065]","{1958059: Timestamp('2017-10-30 19:25:35+0000', tz='UTC'), 1958060: Timestamp('2017-10-30 19:28:45+0000', tz='UTC'), 1958062: Timestamp('2017-10-30 19:25:04+0000', tz='UTC'), 1958063: Timestamp('2017-10-30 19:33:51+0000', tz='UTC'), 1958065: Timestamp('2017-10-30 19:36:39+0000', tz='UTC')}","4. @americanair charged my husband and I double to check bags @ gate. Told we agreed to this “like 7 times” when we booked. #aircomplaints @130072 The Basic Economy rules are listed under the blue hyper link with the I to the left of it with the circle around it and next to select. @AmericanAir Or is it in teeny tiny print that we shouldn’t have missed? Never heard of Group 9 being the one group who can’t use overhead bins. @130072 Prior to selecting the flight, Basic Economy is stated in blue next to the time and a large pop up box comes up with all the details. @130072 The details are made available prior to selecting your flights. Please continue working with Expedia for more info.",Customer is complaining about airline as they charged  them and also checks their bags at the gate. Agent makes her understood the basic economy rules of flight and takes feedback.,0 days 00:11:35
528a99f53b5925211668a6598579b0bd,"[1641503, 1641505, 1641508, 1641509, 1641510]","{1641503: Timestamp('2017-11-06 00:08:30+0000', tz='UTC'), 1641505: Timestamp('2017-11-05 23:54:35+0000', tz='UTC'), 1641508: Timestamp('2017-11-06 20:28:21+0000', tz='UTC'), 1641509: Timestamp('2017-11-06 20:34:26+0000', tz='UTC'), 1641510: Timestamp('2017-11-06 00:08:23+0000', tz='UTC')}","@ComcastCares
#mobile_Care y'all suck!!!!! 2-3 times a week with these outages is getting old @501820 Hello, I'm very sorry for the ongoing issues that you've encountered with your Comast services. Can you please DM me your service address, @501820 phone number, and full billing name on the account? - FHC @comcastcares So another outage for the 4th time smh @501820 I would like to look into the service issues you're experiencing. Could you please send a DM with your account info? -CRP",Customer complains about the Comast service. Agent asks to send DM the account info.,0 days 20:39:51
706228284fbd12f8914165113f490026,"[1111605, 1111608, 1111608, 1111612]","{1111605: Timestamp('2017-10-24 03:31:06+0000', tz='UTC'), 1111608: Timestamp('2017-10-24 02:03:01+0000', tz='UTC'), 1111612: Timestamp('2017-10-24 01:39:55+0000', tz='UTC')}","@SouthwestAir  why can’t you locate lost baggage?  Are you kidding me? @382371 Did you fill out a baggage report in the airport? Feel free to reach out to our Baggage Service Office at 888-202-1024. ^MS @382371 Once you file an incident report, it logs your bag as missing at which point we're able to assist in locating the bag. ^MS",Customer is complaining why can't they locate their lost baggage. Agent updates that their agents are working to locate and reunite them with their belongings.,0 days 01:51:11
92b2626b60b8d0ec6225512206a28a25,"[174622, 174625, 174627, 174629]","{174622: Timestamp('2017-11-24 23:40:33+0000', tz='UTC'), 174625: Timestamp('2017-11-24 13:16:53+0000', tz='UTC'), 174627: Timestamp('2017-11-25 20:37:19+0000', tz='UTC'), 174629: Timestamp('2017-11-25 20:57:08+0000', tz='UTC')}","@AskPlayStation my ps 4 just stopped working and won't let me out of safe mode @156950 Do you have access to the option 5 Rebuild Database? @156950 Please turn off the console and disconnect all the cables from it for 3 minutes, then try again. @156950 Please follow us via Twitter and let us know so we can send you a DM with further instructions. Thanks!",Customer is complaining that Ps4 stopped working. Agent updated that turn off the console and disconnect all the cables from it for about 3 minutes and also informed that follow them via twitter and send DM for further instructions.,1 days 07:40:15
2f670a3c560e38d14308f7486d1001a9,"[694089, 694089, 694091]","{694089: Timestamp('2017-11-23 15:16:14+0000', tz='UTC'), 694091: Timestamp('2017-11-23 15:14:09+0000', tz='UTC')}","@Delta - Come on #Delta ... of all days to have delays..... not today 🙏🏼 @285507 Hey, Robert. At this time, all of your flights are showing on time. Sometimes information comes down sooner at the airport though. Were you informed of a delay at the gate? *ASK",Customer is complaining about delta  delay on all days. Agent updated that all the flights are showing on time.,0 days 00:02:05
8f245243d90111cd1a7a14631cf2ee1a,"[2894742, 2894743, 2894743, 2894744, 2894745, 2894745]","{2894742: Timestamp('2017-11-28 16:03:32+0000', tz='UTC'), 2894743: Timestamp('2017-11-28 16:06:52+0000', tz='UTC'), 2894744: Timestamp('2017-11-28 15:52:04+0000', tz='UTC'), 2894745: Timestamp('2017-11-28 16:16:33+0000', tz='UTC')}","Dear @AppleSupport: Please fix this. If you have almost 500 ""I have this question too,"" then it's a problem. https://t.co/NSrItayNFj @802221 We'd be happy to look into what's happening with your Mac. Do you notice this happening while using a specific app? Any connected devices during this time? For example, an external monitor or hard drive? @AppleSupport It happens regardless of devices being attached. It happens across all the of the apps I'm running: Mail, Preview, Chrome, Word, Excel. It happens even if only one app is running. @802221 Do you have any apps that launch when you start up the Mac? Have you noticed this since day one of the High Sierra upgrade or has it occurred more recently?",Customer is complaining about the apple device which happens regardless of devices being attached. Agents asks about the recently occurred updates and tells to take a closer look at this together in DM.,0 days 00:24:29
d2ab975d552296fb33d435d0c202b8d0,"[1535458, 1535462, 1535464, 1535465, 1535466]","{1535458: Timestamp('2017-11-03 20:54:31+0000', tz='UTC'), 1535462: Timestamp('2017-11-04 09:48:09+0000', tz='UTC'), 1535464: Timestamp('2017-11-04 06:37:13+0000', tz='UTC'), 1535465: Timestamp('2017-11-05 05:30:35+0000', tz='UTC'), 1535466: Timestamp('2017-11-05 08:06:11+0000', tz='UTC')}","@GloCare
Your service at Oban, Calabar is down for 3 days!
 An your team fast Trac and resolve? @476124 Kindly provide your  error message, exact location with landmarks at Oban,alternate number, issue duration and device type for assistance TT @476124 We sincerely apologize. Issue will be resolved.  Thank you for your patience.  TT @476124 Good morning. Please update us real time as we were informed that the issue has been treated. ^GM @GloCare Yes. Issue resolved yesterday. I sent a feed back same day. Pls keep an eye, deals on diesel takes place there.",Customer is facing network issue @Oban. Agent informs customer to update real time  as he has been informed that issue has been treated.,1 days 11:11:40
315a8d5524e35b52c174714a548ca0d2,"[1304498, 1304503]","{1304498: Timestamp('2017-10-27 01:34:08+0000', tz='UTC'), 1304503: Timestamp('2017-10-27 02:14:40+0000', tz='UTC')}",@VerizonSupport Power outtage. Reset the ONT. Tech never plugged in battery pack. On hold for more than 40 minutes. https://t.co/ojV9ubzyCX @424834 Our apologies as you had mention power outage. The battery is used to keep a dial tone active with a loss of power.  ^JRA,The customer is complaining that tech never plugged in the battery pack. The agent updated that the battery is used to keep a dial tone active with a loss of power.,0 days 00:40:32
2a1822958d9ccfb5673a4ae0d78c4b20,"[471727, 471728, 474669, 474670]","{471727: Timestamp('2017-12-01 08:18:44+0000', tz='UTC'), 471728: Timestamp('2017-12-01 07:26:52+0000', tz='UTC'), 474669: Timestamp('2017-12-01 09:49:32+0000', tz='UTC'), 474670: Timestamp('2017-12-01 10:14:02+0000', tz='UTC')}","@Safaricom_Care i paid money to a wrong till number please help to reverse..id LKUCFY05K8 @227335 The transaction ID is in-correct, kindly confirm and share the correct one. ^ST @Safaricom_Care Correct id is LKU6FY05K8 @227335 Its still incorrect please share your name, ammount transacted, phone and i.d number via DM https://t.co/jF6LqBUAqM  for...","Customer paid the money to a wrong number and now he wants to reverse the id. Agent informed the customer to provide the name,amount transacted,phone and id number via DM.",0 days 02:47:10
205648fff63c93cc6c5658d7d8503b11,"[384927, 384928, 384930, 384933, 384934, 384935]","{384927: Timestamp('2017-10-13 18:34:20+0000', tz='UTC'), 384928: Timestamp('2017-10-09 04:32:02+0000', tz='UTC'), 384930: Timestamp('2017-10-13 20:06:41+0000', tz='UTC'), 384933: Timestamp('2017-10-14 20:07:47+0000', tz='UTC'), 384934: Timestamp('2017-10-14 20:54:23+0000', tz='UTC'), 384935: Timestamp('2017-10-14 21:16:35+0000', tz='UTC')}","@115714 please stop blocking what I try to read with stupid spin game crap. Thanx @sprintcare Facebook. In fact I was just on Facebook and it happened again when I tried to look at a link. No x in the upper right corner, had to reopen @sprintcare Just Facebook so far, I rarely look at links on twitter. I just go back and the second time it’s not there @207133 When you click on the pop up, is it redirecting you to a site? -KA @sprintcare Obviously I’m not clicking on it, I’m trying to get rid of it. @207133 We completely understand. Please send us a Direct Message, so that we can further assist you. -KA",Customer complains about pop up notification while using facebook. Agent updated the customer to  DM for further assistance.,5 days 16:44:33
e23e195e72262b444a4c546a644ed2c0,"[494278, 494280, 494288]","{494278: Timestamp('2017-12-01 17:45:20+0000', tz='UTC'), 494280: Timestamp('2017-12-01 17:17:52+0000', tz='UTC'), 494288: Timestamp('2017-12-02 09:47:51+0000', tz='UTC')}","I’m very angry, also tesco keeps rising the cost of their products and thinks we won’t notice??? @Tesco you’re slowly ruining my life by upping costs by 1p, 5p and 10p at a steady pace, u ain’t slick I see ya doing it. @232859 Can I ask if there are any particular items you are referring to so that I can log this for review? If so please do feel free to let me know! Kind regards - Martin 2/2 @Tesco will you be doing anything about the matter? I was expecting a bit of a better response than just logging what I said instead of explaining why you’re doing it and resolving it",Customer is angry about rise in cost of products. Agent informs customer that his feedback has been reported.,0 days 16:29:59
4ea61291836efa872698a00b0b2cd34b,"[1956252, 1956254, 1956257]","{1956252: Timestamp('2017-10-30 17:07:35+0000', tz='UTC'), 1956254: Timestamp('2017-10-30 12:27:27+0000', tz='UTC'), 1956257: Timestamp('2017-10-30 19:42:13+0000', tz='UTC')}",@British_Airways I need assistance with some staff travel tickets issued through MyIDTravel. Can you follow back? Thanks @580569 Hi Guillermo. We're unable to assist with any staff travel bookings. You'd need to contact staff travel directly for help with this. ^Beth @580569 We're truly sorry Guillermo. We're not able to assist you. MyIDTravel will have contact numbers to assist you. ^Kit,Customer enquirers about staff travel  booking. Agent informed to contact MyIDTravel for further assistance.,0 days 07:14:46
925b6e89b9eddd4614902a8d595c93d9,"[1256978, 1256978, 1256981, 1256982]","{1256978: Timestamp('2017-11-08 19:34:16+0000', tz='UTC'), 1256981: Timestamp('2017-11-08 13:22:27+0000', tz='UTC'), 1256982: Timestamp('2017-11-07 21:23:23+0000', tz='UTC')}","@marksandspencer Struggling to find T491204T recommended by Jodie in Tuesday service. Annoying it's out of stock. Help! @marksandspencer Hi. I’m looking for 16 or more likely 18 in the camel.  I live in Gloucestershire so anywhere within 75 mike radius.  Thank you for helping.’ @414546 Hi Jo, our cribbs causeway store is the closest store with size 16 stock. if you're making a special visit please call a head&gt; 0117 904 4444",Customer is struggling to find T491204T recommended by Jodie in Tuesday service which is out of stock. Agents updates the store in which the stock is present with details and apologies for being left disappointed.,0 days 22:10:53
b95910edd6ebce2b5b69aa0b69a6314b,"[1947331, 1947333, 1947334, 1947335, 1947338]","{1947331: Timestamp('2017-10-30 13:21:57+0000', tz='UTC'), 1947333: Timestamp('2017-10-30 13:26:58+0000', tz='UTC'), 1947334: Timestamp('2017-10-30 12:44:57+0000', tz='UTC'), 1947335: Timestamp('2017-10-30 13:39:23+0000', tz='UTC'), 1947338: Timestamp('2017-10-30 13:50:34+0000', tz='UTC')}","Hey @Ask_Spectrum can you explain why I'm told to test your modem and you take away my wifi when I had it before? Now you want more $$??? @578651 Good morning. I would be happy to look into this. Had you worked with us to troubleshoot an issue or had you swit... https://t.co/3Emda7KLmK @Ask_Spectrum Yes I have. Was having DoS attacks and your Network Security told me to use your modem for a bit. Now I'm being told I have @578651 One of the reasons we would advise a different modem is that when you connect a different device, with a differen... https://t.co/3Emda7KLmK @578651 If you would like to provide me with your account number via DM we can certainly submit feedback on the agents yo... https://t.co/3Emda7KLmK",Customer is complaining to explain why they are asked to test the modem and take away the wifi when they had it before. Agent updates to provide them with their account number via DM and can submit feedback on the agents through URL.,0 days 01:05:37
f0f81bfb112e2fc7d6519df7e3c684a7,"[1202490, 1202491, 1202493, 1202496, 1202497]","{1202490: Timestamp('2017-10-25 13:15:10+0000', tz='UTC'), 1202491: Timestamp('2017-10-25 13:17:19+0000', tz='UTC'), 1202493: Timestamp('2017-10-25 13:06:09+0000', tz='UTC'), 1202496: Timestamp('2017-10-25 13:48:25+0000', tz='UTC'), 1202497: Timestamp('2017-10-25 13:46:41+0000', tz='UTC')}",@LondonMidland what’s up with the 1405 New St to Lich City? @295417 It's been delayed due to trespassers on the line. My apologies. @LondonMidland Makes a change from slippery rails or your workshy train “crew” not turning up I suppose @295417 Sorry about that Simon. There were people on the railway line which causes disruption. If we were to run to Lichfield..1/2 @295417 ..that train would run late for the rest of the days which causes delays to other trains. Sorry for the inconvenience,The customer is asking about the 1405 train delay. The agent replies that the delay was due to trespassers on the line.,0 days 00:42:16
75a8d105b4900a80c49878c1cd5705d3,"[1855192, 1855193, 1855194, 1855195, 1855198]","{1855192: Timestamp('2017-10-19 08:12:39+0000', tz='UTC'), 1855193: Timestamp('2017-10-19 08:15:07+0000', tz='UTC'), 1855194: Timestamp('2017-10-19 08:11:19+0000', tz='UTC'), 1855195: Timestamp('2017-10-19 08:17:50+0000', tz='UTC'), 1855198: Timestamp('2017-10-19 10:40:32+0000', tz='UTC')}",@GWRHelp submitted a claim on the 19/09 and was told I'd get a response within 20 days. Silence ever since. When will I hear from you? @554997 Hi Esther. We aim to respond within 20 days but it's taking longer right now due to our backlog. Sorry about this. We'll contact you ASAP. @GWRHelp I was told that it was up to 20 days because of the backlog so which is correct as I'm getting conflicting information. https://t.co/Y1D56rV9gW @554997 That was our aim but it's taking longer for some cases at the moment. You're welcome to discuss your case with an advisor sooner by calling. @554997 I will pass on your feedback on this. At the moment our Customer Support team are focusing on processing claims so we can complete and reply,Customer is asking help to submitted a claim on the 19/09 and was said they will get a response within 20days. Agent updated that they have received their case and amp and they will contact them as soon as they can.,0 days 02:29:13
e953154c2f9d4f403c81451ad67599cb,"[372591, 372593, 372593, 372598, 372602]","{372591: Timestamp('2017-10-08 23:33:30+0000', tz='UTC'), 372593: Timestamp('2017-10-08 22:44:17+0000', tz='UTC'), 372598: Timestamp('2017-10-09 02:30:37+0000', tz='UTC'), 372602: Timestamp('2017-10-09 03:12:38+0000', tz='UTC')}","@Delta I made a reservation last night R/T to ATL from SYR. I thought my return trip was in AM not PM. Any way to change? @204283 Pls share your confirmation number, Terri. I will certainly check for you.    *HCA @204283 Terri, you are still within the Risk-free cancelation period. You are able to make the change online with no change fee. However, if... 1/2 @Delta Thanks for your help. I changed the flight without an additional charge.",The customer want to change the reservation from PM to AM and says he changed reservation without additional charge with the agent's support. The Agent says still the customer can change the reservation online with no charge fee since it was risk free cancellation time.,0 days 04:28:21
1a75853e26410e26fb78f46500ce4526,"[2121404, 2121409, 2121412, 2121413]","{2121404: Timestamp('2017-11-08 14:26:00+0000', tz='UTC'), 2121409: Timestamp('2017-11-08 14:02:45+0000', tz='UTC'), 2121412: Timestamp('2017-11-08 13:52:30+0000', tz='UTC'), 2121413: Timestamp('2017-11-08 13:38:21+0000', tz='UTC')}",@115722 why isnt Verizon Live Chat working in app? @323110 We can help you here. What issue are you having with your service? ^KMG @VerizonSupport My Fios App @323110 The chat in the My Fios app just goes to us over Facebook messenger. Let us know what you need. ^KMG,Customer is  having issue with Verizon live chat not working in app. Agent informs customer that The chat in the My Fios app just goes to them over Facebook messenger.,0 days 00:47:39
33c7a6d6d7b257753dffdfb645bda32a,"[2615900, 2615901, 2615902, 2615904, 2615906, 2615909]","{2615900: Timestamp('2017-11-17 14:25:00+0000', tz='UTC'), 2615901: Timestamp('2017-11-17 14:26:11+0000', tz='UTC'), 2615902: Timestamp('2017-11-17 14:23:23+0000', tz='UTC'), 2615904: Timestamp('2017-11-17 14:38:11+0000', tz='UTC'), 2615906: Timestamp('2017-11-17 14:44:00+0000', tz='UTC'), 2615909: Timestamp('2017-11-17 14:55:53+0000', tz='UTC')}","Just got a friendly reminder from @VerizonSupport support my bill is due. 

Also a friendly reminder I should downgrade. I’ve never gotten 1gbps down. Why should I pay for it? @286702 Is this for your Verizon residential or Verizon wireless mobile?

^ADP @VerizonSupport Residential, FiOS. But I’ve had the issue before. Your speed test tool says I do, every other speed test tool says I don’t. @VerizonSupport My internet is fine now. It’s just that when I do have real issues, your tools report no problem. It’s very hard for me to gauge/troubleshoot/get help if the prognosis is “we see nothing wrong.” @286702 Ok, the main thing is if you were able to directly connect a computer to your router with an ethernet cord and run the test at https://t.co/x8wPeoVW9j we would then see an accurate speed test. 
^ADP @286702 Any device that is not connected directly to ethernet  and running on Wifi would be susceptible to  interference, which could lower the results. Our test shows not only what the device is getting with the interference , it also shows what speeds the router is getting. 
^TXA",The customer is asking why he has to pay the bill since he never got 1gbps down and also he is saying that tool is not showing the proper results and reflects no issues even he is facing real issues. Agent replying that if computer directly connected to router it would show  accurate speed in internet.,0 days 00:32:30
820b8e1b945a656ff65235a91160d8b1,"[1987351, 1987353, 1987354, 1987356]","{1987351: Timestamp('2017-11-07 16:45:45+0000', tz='UTC'), 1987353: Timestamp('2017-11-07 20:08:26+0000', tz='UTC'), 1987354: Timestamp('2017-11-08 08:07:13+0000', tz='UTC'), 1987356: Timestamp('2017-11-09 19:38:44+0000', tz='UTC')}","@sainsburys Why have you changed recipe for BramleyApple Pie?Used to be so goodNow it’s got mushy apples&amp;awful crunchyDemerara sugar on it?🤢 https://t.co/K7IVtiLHyw @sainsburys Sainsbury’s local - Jamaica road , Bermondsey @588239 Thanks. Can you DM your full name and Nectar card number please using the link below? Amanda https://t.co/MdMtnTlX6H @588239 Hi there. We're looking for your name and Nectar card number so we can arrange a refund for you. Naomi",Customer is questioning why they have changed the recipe for Bramly apple pie which used to be so good. Agent updates that they are looking for their name and nectar card number so that they can arrange a refund for them.,2 days 02:52:59
42b59e617f527d33f0b0b3caa340e3ac,"[12248, 12249]","{12248: Timestamp('2017-11-01 03:03:42+0000', tz='UTC'), 12249: Timestamp('2017-11-01 03:17:20+0000', tz='UTC')}","@hulu_support It’s not my setup. Hulu just chugs at the most random moments. https://t.co/XtReKr5cSB @118434 Your speeds look great, so let us know the device in use. For now, try rebooting your device &amp; modem/router for 1-2 mins.",The customer is complaining that hulu is just chugs at the most random moments. The agent asked to reboot the device and modem/router for 1-2 mins.,0 days 00:13:38
d7ef073b344efe4359478a56aee66d31,"[1732693, 1732694, 1732695, 1732696, 1732698]","{1732693: Timestamp('2017-11-07 12:48:57+0000', tz='UTC'), 1732694: Timestamp('2017-11-07 12:54:17+0000', tz='UTC'), 1732695: Timestamp('2017-11-07 10:11:30+0000', tz='UTC'), 1732696: Timestamp('2017-11-07 14:34:38+0000', tz='UTC'), 1732698: Timestamp('2017-11-10 19:07:35+0000', tz='UTC')}","@Tesco when will the new free from ‘cheeses’ be available in stores? @153844 Hi Lucy, can you let me know what store you visit so I can check availability? TY - Jill @Tesco I visit Stratford upon Avon and Evesham. Thanks. @153844 Hi Lucy, both stores stock Free From Cheeses, is there a specific cheese you are looking for? TY - Jill @153844 Hi Lucy, can you DM me with your postcode as not all stores are stocking this and I'll look into which stores near you will have these? Ty - Reece",Customer is enquiring about when will the new free from cheeses be available in stores. Agent asked the customer that which store that she visit generally and updated the customer to DM with postcode So that they will check with all near store that the product the customer wants is available.,3 days 08:56:05
71973c45597285d1e16e88a6e1a40b70,"[1862497, 1862498]","{1862497: Timestamp('2017-10-20 08:51:24+0000', tz='UTC'), 1862498: Timestamp('2017-10-20 08:57:46+0000', tz='UTC')}","#rantalert 2-of-2 @118189  - that I practically cannot use. I think paying even more for that feature alone isn't fair. #nothappy @556584 Hi Filip, we'd been looking into making Smart Sync available to more users, and the pricing for Professional reflects the value we’re... 1/2",Customer is complaining that paying even more is not fair for that feature. Agent updates that they are looking to make Smart Sync available to more users and the pricing will reflect to the professionals as the value they were adding through new features.,0 days 00:06:22
a8196c964d99f8606ec62281b07cc069,"[1649996, 1649999, 1650001, 1650001, 1650002, 1650003]","{1649996: Timestamp('2017-11-05 22:20:48+0000', tz='UTC'), 1649999: Timestamp('2017-11-05 23:53:43+0000', tz='UTC'), 1650001: Timestamp('2017-11-05 21:56:07+0000', tz='UTC'), 1650002: Timestamp('2017-11-05 21:23:50+0000', tz='UTC'), 1650003: Timestamp('2017-11-07 00:30:36+0000', tz='UTC')}","@AdobeCare Every time I try to scroll in DW CC 2018 (Windows 10) using my touchpad, DW crashes. This is so frustrating! Is this a known bug? @503979 Hi Dan, did this happen with DSW CC 2017 version? Do you have a dual monitor display? Please submit this here.https://t.co/BoYUDRy8yY ^SV @AdobeCare I don't recall it happening on with DW-CC 17. I have multiple monitors at the office, but only using my laptop screen now. @503979 Dan, our web expert will be in on Monday morning. He may want to collect additional information from you regarding the crash. ^SV @503979 This bug has been resolved long back, But we can check if it came back.
have a look at this also - https://t.co/QePR5GM7mf. Thanks ^AR","Customer is complaining about DW CC 2018 (windows 10) when they scroll using touchpad, DW crashes. Agent replied that the web expert will be back on monday morning and also states that this bug has been resolved long back and they can check when it comes.",1 days 03:06:46
e7f688277f65a945c3e29d483bd55faf,"[2845332, 2845334]","{2845332: Timestamp('2017-11-27 16:12:29+0000', tz='UTC'), 2845334: Timestamp('2017-11-27 09:11:28+0000', tz='UTC')}","@NikeSupport I can’t download any workouts on the app. Help! @791452 We are here for you, Angeline. Do you receive a specific error message during the download of a workout? If so, could you please send us a screenshot of it?",The customer is complaining that they can't download any workout apps even wifi doesn't work either. The agent asked to send a screen shot of the error they are facing.,0 days 07:01:01
633e7327be8f65bd793b80452bf8232c,"[2392625, 2392626, 2392630]","{2392625: Timestamp('2017-11-14 11:12:46+0000', tz='UTC'), 2392626: Timestamp('2017-11-14 11:04:27+0000', tz='UTC'), 2392630: Timestamp('2017-11-14 11:51:31+0000', tz='UTC')}","@AmazonHelp your executive just replied that they can help me till 17th of nov, but that is a gift whose bday is on 16th i can't wait till that, time and he was just not understanding the issue #saynottoamazon.in @AmazonHelp yes , the product is showing me delivered yesterday in my order list but it has not been delivered till today and then too I am advised to wait till 17th @688999 I've noted your comments and have forwarded your feedback internally so that they are aware of this issue. Every report they receive will be investigated and appropriate action will be taken.^PJ",Customer is complaining about the poor service where they failed to receive the product delivery on time. Agent states that this issue will be investigated and appropriate action will be taken against them.,0 days 00:47:04
78cd928843a04eda51317948597058dd,"[257596, 257598, 257599, 257600]","{257596: Timestamp('2017-10-06 12:01:07+0000', tz='UTC'), 257598: Timestamp('2017-10-05 13:04:09+0000', tz='UTC'), 257599: Timestamp('2017-10-05 13:05:11+0000', tz='UTC'), 257600: Timestamp('2017-10-05 12:31:27+0000', tz='UTC')}","@116665 @VirginAtlantic Y does it cost £120 for 2 ppl to select seats on a return flight? Can’t afford it &amp; hav to risk sittin alone @177268 @116665 Hey Amy, we introduced this back in 2014 but you can allocate seats for free when online check in opens 24hrs before departure. Or, if... @177268 @116665 ....you're a member of the Flying Club you can allocate seats for free 72hrs before departure ^E @177268 You can assign for free when within 72hrs of the flight time and as long as the membership number is in the booking ^R",Here customer is complaining about extra charges on return  flight. Here  Agent gives details about new charges fee  from year 2014 and gives the  benefit details  of it.,0 days 23:29:40
cba0207aff53467699c9ec792114aa50,"[220181, 220183, 220184, 220186, 220189]","{220181: Timestamp('2017-09-28 22:41:49+0000', tz='UTC'), 220183: Timestamp('2017-09-28 17:38:01+0000', tz='UTC'), 220184: Timestamp('2017-09-27 23:01:56+0000', tz='UTC'), 220186: Timestamp('2017-09-27 21:46:10+0000', tz='UTC'), 220189: Timestamp('2017-09-27 17:51:26+0000', tz='UTC')}","@AskSeagate When using Backup Plus Slim for Mac, to open files in a PC, I can open pictures and some txt files, but not My Documents. Help! @AskSeagate Using WIndows 8. Installed software. When trying to open folder it shows as Read Only file. @AskSeagate Opening from external hard drive. Used TimeMachine in my MacBook Pro for moving files to ext drive @168530 Connect the drive to the Mac: drag/drop your files to the drive. Then, connect the device to the PC, you should be able to access your data. @168530 Time Machine was not designed to restore on PC. Would recommend contacting Apple to see if this is possible.",Customer is complaining that when they try to open files on PC using Backup Plus Slim for Mac its opening Pictures and some text files instead of their Documents. Agent updates that time machine was not designed to restore on PC and recommended to contact Apple to solve this issue.,1 days 04:50:23
7378c442412370cf2f229484656a5748,"[2752455, 2752455, 2752456, 2752457, 2752458, 2752458, 2752464, 2752465]","{2752455: Timestamp('2017-10-31 18:35:33+0000', tz='UTC'), 2752456: Timestamp('2017-10-31 18:43:05+0000', tz='UTC'), 2752457: Timestamp('2017-10-31 18:27:48+0000', tz='UTC'), 2752458: Timestamp('2017-10-31 18:54:35+0000', tz='UTC'), 2752464: Timestamp('2017-10-31 20:01:08+0000', tz='UTC'), 2752465: Timestamp('2017-10-31 20:15:06+0000', tz='UTC')}",@AppleSupport I’ve had updated me IPhone 7 to IOS 11.1 and the calendar still doesn’t work. https://t.co/qTzzBqfFjO @770544 We're happy to help. What trouble are you experiencing with your Calendar? @AppleSupport When a change from october to november doesn’t show the month of november and then it closes the app. https://t.co/7qZvRiAFAt @770544 We'll help out. What device are you using and version of iOS? This can be found in Settings &gt; General &gt; About. @770544 Got it. And this persists even after rebooting the device? @AppleSupport Yes it does.,Customer complaining about he had updated me iPhone 7 to IOS 11.1 but still calendar doesn't  work. Agent asking what device are you using and version of ios  and also telling that that should found in  settings & gt.,0 days 01:47:18
0d4ade7db6e8b3edbc44be509b5180b4,"[82139, 82142]","{82139: Timestamp('2017-11-30 20:45:34+0000', tz='UTC'), 82142: Timestamp('2017-11-29 21:57:52+0000', tz='UTC')}",Hi @sainsburys I bought gluten free pitta yesterday - by today they have gone mouldy. Not impressed. I'd like my money back please. @134179 That's no problem Katreena. If you DM me your full name and address via this link I can get a gift card sent your way instead. Robbie https://t.co/MdMtnTlX6H,The customer is complaining that he has bought gluten free pitta yesterday and it was gone mouldy today. The agent asked to dm full name and address via this link so that to get a gift card.,0 days 22:47:42
9d6fa2cc636d97cac47ca790c707f219,"[130006, 130007, 130009, 130013, 132147]","{130006: Timestamp('2017-11-24 06:16:03+0000', tz='UTC'), 130007: Timestamp('2017-11-24 06:18:29+0000', tz='UTC'), 130009: Timestamp('2017-11-24 07:59:08+0000', tz='UTC'), 130013: Timestamp('2017-11-23 14:15:02+0000', tz='UTC'), 132147: Timestamp('2017-11-24 07:57:51+0000', tz='UTC')}","Help me Retweet about the fraudulent act of @118424 Deducting money unnecessarily from my account on what I didn't use @145307 Hello @145307, apologies on your experience. Please note that the service has been deactivated as requested. Thank you. ^TOwo @airtel_care That was what I was told by your customer service agent but they kept on deducting my credit.... What should I do??? Keep on recharging for you to deduct??? @145307 Hello @145307, apologies on your experience. Please note that the service has been deactivated as requested. Thank you. ^TOwo @145307 Hello @145307, apologies on your experience. Please note that the service has been deactivated as requested. Thank you. ^TOwo",Customer complaints that he is being charged unnecessary. Agent informs customer that service has been deactivated as requested.,0 days 17:44:06
1dc4f312b3aa33e938eb512df0841a62,"[676568, 676568, 676570, 676571, 676572]","{676568: Timestamp('2017-11-23 11:09:29+0000', tz='UTC'), 676570: Timestamp('2017-11-23 12:13:23+0000', tz='UTC'), 676571: Timestamp('2017-11-23 12:10:20+0000', tz='UTC'), 676572: Timestamp('2017-11-23 07:51:01+0000', tz='UTC')}","@118424 No option on your customer care line to speak with a customer care agent...I've been trying to recharge a card for days now. Thanks. @281382 Hello, kindly dial 111and follow the prompt to speak with an agent. Please note that you can state your complaint for prompt assistance. kindly provide the recharge card details along side mobile number via DM. All inconveniences regretted. Thank you. ^SID @airtel_care I just said there's no option to speak with an agent if u dial 111. The options ends at 5. @airtel_care The S/N of the card is 98043971....can't see like 3 numbers again but it ends with 4929. It's a 200 naira recharge card. Thank you.",Customer is complaining that no option on their customer care line to speak with a customer care agent they have been trying  to recharge a card for days now. Agent updated that to informed that all recharge issue requires the complete serial number it not clearly visit the nearest shop for assistance.,0 days 04:22:22
231ee05519965bc3c16d13d23704d47e,"[1094486, 1094488, 1094489, 1094490, 1094492, 1094494, 1094495]","{1094486: Timestamp('2017-10-23 21:07:31+0000', tz='UTC'), 1094488: Timestamp('2017-10-23 18:06:31+0000', tz='UTC'), 1094489: Timestamp('2017-10-24 10:39:07+0000', tz='UTC'), 1094490: Timestamp('2017-10-24 10:38:50+0000', tz='UTC'), 1094492: Timestamp('2017-10-24 10:51:12+0000', tz='UTC'), 1094494: Timestamp('2017-10-24 10:52:18+0000', tz='UTC'), 1094495: Timestamp('2017-10-24 11:55:32+0000', tz='UTC')}","Hi @SpotifyCares I'm not able to sign up to @115888. I don't understand the problem. @186387 Hey there! Could you tell us what's happening exactly? We'll see what we can suggest /DF @186387 1: Thanks! Could you let us know which country you're currently in? @186387 2: On the other hand, we'd recommend deleting your previous tweet as it contains your private info /PL @186387 2: Be sure to add your email at https://t.co/X8DVSX9QgM /PL @SpotifyCares You don't have specific dates for the launch?I'd like use the app. @186387 We don't have any specific info to share about this, so make sure to keep an eye out for any updates /PL",As customer is unable to login or sign up to the particular website he loves to use the app. Here agent ask for the customer  location and tells him to wait until l new launch  which can be used in his location.,0 days 17:49:01
f9568962737f91782cece36caef049d4,"[2091906, 2091907, 2091909, 2091914, 2091917]","{2091906: Timestamp('2017-11-07 19:55:08+0000', tz='UTC'), 2091907: Timestamp('2017-11-07 19:52:14+0000', tz='UTC'), 2091909: Timestamp('2017-11-07 19:38:47+0000', tz='UTC'), 2091914: Timestamp('2017-11-07 18:26:12+0000', tz='UTC'), 2091917: Timestamp('2017-11-07 17:06:41+0000', tz='UTC')}","BAD: @122467 - sends emails about accounts long closed, you can't reply to the email and it says ""you can't unsubscribe"". Endless SPAM! @AskVirginMoney Fixing the symptom&amp;not the problem as you suggest is why things are broken &amp;why people get fed up, clearly they will stay broken for others @618241 Prefect, thanks for doing that - I've got it! Let me do some digging and see what's going on for you ^IH @AskVirginMoney Please don’t miss the point though. There should be an unsubscribe or at least a contact email address to use. Had this spam for years ... @618241 Appreciate that, I'll make sure your feedback is passed on as well ^IH",Customer wants to unsubscribe an account for which customer has sent an email but it is spam and getting a notification like unable to unsubscribe. Agent updated that though email has been received they will look into it to understand what the problem is and also updated that the feedback will be taken.,0 days 02:48:27
a15c77a73f7376f97e83c9a636e3a5dc,"[644530, 644531, 644532, 644533, 644534]","{644530: Timestamp('2017-11-17 07:30:37+0000', tz='UTC'), 644531: Timestamp('2017-11-17 03:58:26+0000', tz='UTC'), 644532: Timestamp('2017-11-17 03:20:16+0000', tz='UTC'), 644533: Timestamp('2017-11-17 01:33:24+0000', tz='UTC'), 644534: Timestamp('2017-11-17 00:56:45+0000', tz='UTC')}","@MicrosoftHelps @236406  Please help me out here. I have tried pretty much everything to fix this. https://t.co/Yz11bRrvMI @272978 Let's investigate this further. Which Windows version are you using? Were there changes made to your device prior to this issue? @MicrosoftHelps I'm running Windows 10, 32 bit version 1709. It was the update from the latest version of 1703 which did this. Everything was working fine prior to the update. @MicrosoftHelps Also, whenever I unplug my external USB hard drive I get this message. https://t.co/49ezWzZ8O3 @272978 Kindly check out Jessen P's answer regarding your concern with the said error message when unplugging your external hard drive. Here's the link: https://t.co/oWYscjSHnd. Let us know how it goes. https://t.co/3qcAsLFkaY",Customer is complaining that tried pretty much everything to fix that. Agent updated that to improve their support by clicking that link.,0 days 06:33:52
2c360ba32e381a132d962c17bfcdee6b,"[1980880, 1980882, 1980885, 1980886, 1980887]","{1980880: Timestamp('2017-10-18 18:22:33+0000', tz='UTC'), 1980882: Timestamp('2017-10-18 17:50:35+0000', tz='UTC'), 1980885: Timestamp('2017-10-18 18:42:02+0000', tz='UTC'), 1980886: Timestamp('2017-10-18 18:53:37+0000', tz='UTC'), 1980887: Timestamp('2017-10-16 14:20:37+0000', tz='UTC')}","I wonder which will come first: the #Singularity, or a #MacbookPro that consistently recognizes external monitors upon waking? But really, .@AppleSupport , my MBP has swapped arrangement of my monitors three times today. Monitors have been plugged in the whole time @586372 We want your Mac working for you; we'll do all we can to help. What macOS is being used, and what type of external displays? @AppleSupport It has happened on El Capitan, Sierra, and now High Sierra. I linked another thread in mine which shows issue since Snow Leopard @586372 Got it. DM us and we'll continue from there. https://t.co/GDrqU22YpT",Customer says MBP swapped arrangement of monitors three times today. Agent asks to DM  and they will continue from there.,2 days 04:33:00
e81c170a60aaa77ff71cdebce278ea7a,"[204453, 204454, 204455, 204459]","{204453: Timestamp('2017-10-05 01:02:59+0000', tz='UTC'), 204454: Timestamp('2017-10-05 00:50:54+0000', tz='UTC'), 204455: Timestamp('2017-10-05 01:14:03+0000', tz='UTC'), 204459: Timestamp('2017-10-04 22:42:50+0000', tz='UTC')}","Oooookay, why isn't Google Play reading my SD card anymore? @GooglePlayMusic Hi there, did that: checked to see if the card was legible, changed it back from internal to SD card, cleared cache and restarted @GooglePlayMusic Nope, sadly. I'm about to uninstall all updates to Google Play Music and reinstall them... @164397 Thanks for the follow-up info. Yes you can uninstall &amp; reinstall the Play Music app updates and then restart your device. Hope this helps.",Customer is complaining that Google play is not reading SD card. Agent asked to re install the Google play app.,0 days 02:31:13
3d55fe5bec6eb67d026740938fee7bf5,"[2709813, 2709820, 2709821]","{2709813: Timestamp('2017-11-20 01:35:56+0000', tz='UTC'), 2709820: Timestamp('2017-11-20 01:13:38+0000', tz='UTC'), 2709821: Timestamp('2017-11-20 01:04:54+0000', tz='UTC')}","@Ask_Spectrum hey it's me again ... tell my why the DVR is not setting up programs to record? Does it have to be this difficult 😑 @714212 I apologize for the issues with the DVR. Are you trying to schedule the recording through the set top box itself or through the app? ^RT @714212 Thank you for testing it for me! Sometimes the box reboot can take a while, so if it takes a few minutes, that's totally normal. ^RT",Customer is complaining about the DVR which is not setting up programs to record. Agent updates to reboot and tells that sometimes rebooting takes a while which is normal.,0 days 00:31:02
d6845c0763e408d481c7cb157cea5a79,"[1490034, 1490038, 1490039, 1490041, 1490043, 1490046]","{1490034: Timestamp('2017-11-03 09:14:12+0000', tz='UTC'), 1490038: Timestamp('2017-11-04 08:04:19+0000', tz='UTC'), 1490039: Timestamp('2017-11-04 08:23:47+0000', tz='UTC'), 1490041: Timestamp('2017-11-04 09:06:28+0000', tz='UTC'), 1490043: Timestamp('2017-11-03 09:13:50+0000', tz='UTC'), 1490046: Timestamp('2017-11-02 08:15:59+0000', tz='UTC')}","@116329 @117128 took corporate connection paid 3 months advance on sat 28 oct still no response pathetic , did not expect ths @466061 @117128 Hello @117128, kindly assist with stated issue. Thank you. ^Osebi. @466061 @117128 Hello @117128, kindly assist with stated issue. Thank you. ^Osebi. @airtel_care @117128 Such a pathetic experience it’s been 3 days however no call @466061 @117128 Hello @117128, kindly assist with stated issue. Thank you. ^Osebi. @466061 @117128 Hello @117128, kindly assist with stated issue. Thank you. ^Osebi.",Customer is complaining that they took corporate connection paid 3 months advance on sat 28 oct but still no response. Agent updates to kindly assist with stated issue.,2 days 00:50:29
a2fbd60380906eb4bee5905b5ccbe92a,"[750995, 750998, 750999, 751000]","{750995: Timestamp('2017-10-13 23:10:14+0000', tz='UTC'), 750998: Timestamp('2017-10-14 00:38:06+0000', tz='UTC'), 750999: Timestamp('2017-10-14 00:38:06+0000', tz='UTC'), 751000: Timestamp('2017-10-14 01:13:33+0000', tz='UTC')}","@JetBlue is it truly ur policy that u reroute people to other airports, make them sit 4 delayed flights 4 hrs &amp; don’t even give food vchrs? @299513 We know it's frustrating when flight routes change, we sincerely apologize for the inconvenience it has caused. Your flight will be... 1/3 @299513 ...reviewed for compensation. We are not able to issue vouchers from here, but please feel free to speak to an airport crewmember... 2/3 @JetBlue Not even food for hours. Delays since 3 pm. Kind of a fail to not even cover food with delay after delay, flight change, airport change...","Customer is complaining about the reroute people to other airports and delayed for 4hrs and they haven't received food so far. Agents says they are not able to issue vouchers from here,but feel free to speak to an airport crew member.",0 days 02:03:19
e224ed542c49cde845a4dbb9c690c6d2,"[1968547, 1968548, 1968549, 1968550, 1968553]","{1968547: Timestamp('2017-11-07 17:46:31+0000', tz='UTC'), 1968548: Timestamp('2017-11-07 16:13:14+0000', tz='UTC'), 1968549: Timestamp('2017-11-07 17:46:29+0000', tz='UTC'), 1968550: Timestamp('2017-11-07 17:46:28+0000', tz='UTC'), 1968553: Timestamp('2017-11-07 13:48:31+0000', tz='UTC')}","@583256 #Romanian men are intimidating #Sainsburys customers in South Ruislip for cash. Please help @sainsburys Yes I told store manager and he did nothing! @523846 Hi Louise! I've called the store and spoke with Dave Severn our Store Manager who is aware of the situation and advised me...1/3 @523846 they do request that these individuals leave the area when they are at the front of store, also the police have been informed...2/3 @523846 ... about this and are working with our staff to try and have the matter resolved as soon as possible. Thanks. Gordon. 3/3",Customer is complaining about an issue at the store and the store manager did nothing on complaining. Agent states that they have informed police and staff are working to resolve the matter soon.,0 days 03:58:00
1c776e8dddfd9a0a73c2337586a1d0fd,"[848623, 848623, 848623, 848625, 848630, 848632]","{848623: Timestamp('2017-10-20 14:54:22+0000', tz='UTC'), 848625: Timestamp('2017-10-20 12:22:10+0000', tz='UTC'), 848630: Timestamp('2017-10-20 19:33:00+0000', tz='UTC'), 848632: Timestamp('2017-10-21 22:40:22+0000', tz='UTC')}","@Tesco when will the dark choc digestives be rolled out to all stores? I need teh chokky bikkez!! :) @304661 Hi, they should be available to buy now in stores. Can you DM me your postcode? I'll check your local stores. Thanks - Gemma @Tesco Oh sweet. I'm all over that tomorrow. Thanks for your help :) @Tesco Today, my dreams of dunkin dark choc bix in my T were crushed when I arrive at the ches rd store 2b told they had no stock. I r sad panda.",Customer enquiring that when will the dark choc digestives be rolled out in all stores. Agent replying that they should be available to buy  now in stores and DM  his postcode and he will check their local stores.,1 days 10:18:12
886264c666db47c37624c78ce81e4ca2,"[574834, 574837, 574838, 574841]","{574834: Timestamp('2017-12-03 07:16:42+0000', tz='UTC'), 574837: Timestamp('2017-12-03 07:44:27+0000', tz='UTC'), 574838: Timestamp('2017-12-03 07:02:56+0000', tz='UTC'), 574841: Timestamp('2017-12-03 06:53:13+0000', tz='UTC')}",@VirginTrains hi there. Are trains still cancelled this morning from London Euston to Manchester Piccadilly ? @255234 We currently have ticket acceptance with @120576 and @242596 so you can travel with these operators using your ticket ^HP @255234 @120576 @242596 We do have acceptance with Chiltern but not Cross Country ^HP @255234 @120576 @242596 Due to their shorter trains out in service today already being at full capacity ^HP,Customer is asking whether all trains cancelled this morning from London Euston to Manchester Piccadilly and also asks about chiltern trains and cross country trains. Agents replies that all trains are cancelled and due to their shorter trains out in service they have already being full capacity.,0 days 00:51:14
df3440d8dc253c154557e9101932edf9,"[1460076, 1460077, 1460078]","{1460076: Timestamp('2017-11-02 23:43:27+0000', tz='UTC'), 1460077: Timestamp('2017-11-02 23:44:04+0000', tz='UTC'), 1460078: Timestamp('2017-11-02 23:56:48+0000', tz='UTC')}","@Delta My first class seat was given up last wk b/c a phone reservation agent checked me out of my flight and didn’t tell me I had to check back in @Delta And then today my flight left 10 min early causing me to miss it. And now having to take a connecting flight delaying my trip 4+ hours @458893 Oh no, Ashley. I am truly sorry for the inconvenience caused. Please DM your confirmation number for review.  *HDG",The customer is complaining that today their flight left 10 mins early causing them to miss the flight and they have not informed them regarding that. The agent asked to dm confirmation number for review.,0 days 00:13:21
c525fdacd2e311b7f5e3b261b49b546b,"[2678591, 2678593, 2678595, 2678596, 2678599]","{2678591: Timestamp('2017-11-19 13:27:22+0000', tz='UTC'), 2678593: Timestamp('2017-11-19 13:22:12+0000', tz='UTC'), 2678595: Timestamp('2017-11-19 13:32:52+0000', tz='UTC'), 2678596: Timestamp('2017-11-19 13:39:49+0000', tz='UTC'), 2678599: Timestamp('2017-11-19 13:15:21+0000', tz='UTC')}","and plus @AmericanAir, Group 5 is neither literally nor figuratively ""The New Group 1."" @AmericanAir I appreciate your prompt reply, auto reply dude, but Group 5 STILL isn't Group 1, AND it's STILL isn't priority. Breathlessly waiting your (automated) reply. @753750 We'd like to take a closer look at your booking info. Please provide your 6 letter code so we can take a peek at your reservation. @AmericanAir This isn't working for me any more—it was exciting at first, but we're not really a good match. Not that I regret swiping right. @753750 It makes us sad to hear this but we'll be here whenever you need our assistance.",Customer complains about the boarding groups where he was in 5th group but wanted to have the priority as 1st group. Agent asks to reach out them any time for further assistance.,0 days 00:24:28
97fadff104569812c57e0c59c532caae,"[1015855, 1015858, 1015860, 1015862, 1015864]","{1015855: Timestamp('2017-10-14 15:25:51+0000', tz='UTC'), 1015858: Timestamp('2017-10-16 10:56:28+0000', tz='UTC'), 1015860: Timestamp('2017-10-16 15:11:19+0000', tz='UTC'), 1015862: Timestamp('2017-10-18 05:22:40+0000', tz='UTC'), 1015864: Timestamp('2017-10-14 13:03:50+0000', tz='UTC')}","@115873 @Uber_Support very disappointed price was not the same when boarded Uber https://t.co/pvSZC6Odrq @360358 Please connect with us at https://t.co/wW2bTlNcsR and we'll be happy to review the fare. @360358 We apologize for the trouble! Please DM us your email address and we'll follow up. @360358 Thanks, Gulab. It looks like our team was in touch one day ago and requested more info. Please keep an eye on your inbox for our response. @360358 Hey Gulab, our team has been in touch and is awaiting your reply. Please check your rider app under the 'Help' section or email to respond.",Customer was very disappointed about variation in the price. Agent says to check with the rider app under the help section or email to respond.,3 days 16:18:50
4126b2064fec15feb7c956a612432f0d,"[2398795, 2398797, 2398797, 2398798, 2414230]","{2398795: Timestamp('2017-11-14 13:32:20+0000', tz='UTC'), 2398797: Timestamp('2017-11-14 13:29:07+0000', tz='UTC'), 2398798: Timestamp('2017-11-14 17:03:20+0000', tz='UTC'), 2414230: Timestamp('2017-11-14 22:12:10+0000', tz='UTC')}","@AdobeCare How long is the typography fix going to take? It is making PS unusable, even the fix of using the properties panel does not work. Having a nightmare with this. @262939 We're looping in an expert who can help you out here. They will reply as soon as they're available. Thanks ^NR https://t.co/iuwZCjz4Or @262939 Hi Damian, We have released Photoshop CC 19.0.1 that should fix this issue. Please update Photoshop from the Creative Cloud desktop app and let us know if that helps. Thanks, ^AK @262939 Hi Damian, when you're in the creative cloud application click on the 3 dots on top left corner and choose ""Check for Updates"" then update should appear.   ^Sahil",Customer is complaining that how long is the typography fix going to resolve. Agent updated the customer that they are looping with experts to resolve the issue and also informed that in the creative cloud application click on the 3dots on top left corner and choose check for updates then update should appear.,0 days 08:43:03
0b7d840ce9f3bedaa8d8a15977a05b43,"[31874, 31875, 31876, 31881, 31881]","{31874: Timestamp('2017-11-01 12:40:54+0000', tz='UTC'), 31875: Timestamp('2017-11-01 04:59:55+0000', tz='UTC'), 31876: Timestamp('2017-10-30 17:28:36+0000', tz='UTC'), 31881: Timestamp('2017-10-30 04:03:52+0000', tz='UTC')}","@115858 hi, facing problems of mobile hanging. Moblile gets hanged while having conference call, massaging, etc. become very slow many times @123042 Great. Let us know which specific iOS version you're running in a DM. https://t.co/GDrqU22YpT @AppleSupport This is self explanatory screen shot of one of example of hanging https://t.co/mrQdCzjqXh @123042 Let's see if updating the iPhone to iOS 11.1 helps. DM us if it doesn't. https://t.co/80YRnjDFDk https://t.co/GDrqU22YpT",Customer is complaining about his iPhone which gets hanged while doing conference calls and messages and also gets slow. Agent suggested to update iPhone to iOS 11.1 and to DM for further assistance.,2 days 08:37:02
dfd4395ffa1fbd1184959731e7edafc9,"[661255, 661257, 661260, 661262]","{661255: Timestamp('2017-11-23 00:59:38+0000', tz='UTC'), 661257: Timestamp('2017-11-23 00:51:04+0000', tz='UTC'), 661260: Timestamp('2017-11-23 01:47:17+0000', tz='UTC'), 661262: Timestamp('2017-11-23 01:48:21+0000', tz='UTC')}","@hulu_support hi again! My live TV stream seems to be working fine everywhere except when I try and watch Blazers basketball on @30213 it says ""connection error"" seems to be the only channel with issues. Anyone else having issues? @277560 Hi! This sounds like an issue we're looking into. If you're willing to provide your ZIP Code, we're happy to take a closer look. @277560 Got it. We can confirm this is something we're investigating with high priority. In the meantime, try: https://t.co/qeNe09yc0o. @hulu_support It's working for me now!","The customer his live TV stream is working everywhere but when he tries watching it with Blazers basketball it says ""connection error"". The agent asks to send the ZIP code and sends a link to resolve the issue.",0 days 00:57:17
8f5c6e9219011ff90d6b0adbbacead7a,"[1782645, 1782647, 1782652, 1782654, 1782655]","{1782645: Timestamp('2017-10-28 23:42:14+0000', tz='UTC'), 1782647: Timestamp('2017-10-28 23:36:27+0000', tz='UTC'), 1782652: Timestamp('2017-10-28 23:42:04+0000', tz='UTC'), 1782654: Timestamp('2017-10-28 22:59:09+0000', tz='UTC'), 1782655: Timestamp('2017-10-28 23:34:40+0000', tz='UTC')}","&gt;Sets auction for no foreign shipping
&gt;Gets a winning bid from Taiwan
&gt;Relists with same rule
&gt;Gets winning bid from Egypt
Fix this @115937! @535575 Hi! You'll want to go to My eBay &gt; Account &gt; Site Preferences, then select 'Edit' next to ""Block buyers who"". On the next 1/2 @AskeBay Thanks, I will try that now. I thought just the no foreign shipping check would be enough. Will I be charged fees for relisted/unpaid bids? @535575 So long as you're following the unpaid item case process (https://t.co/VV3DvwZ14k) any final value fees will be credited 1/3 @535575 in your monthly free listings promo (visible on your Selling page), then you won't need to worry about fees. :) 3/3 ^K",Customer is enquiring about the fee on relisted/unpaid bids. Agent updated customer about the fee-listing promo.,0 days 00:43:05
64c87315893bea1d756834961d23935a,"[1685267, 1685267, 1685268, 1722046]","{1685267: Timestamp('2017-10-17 15:01:04+0000', tz='UTC'), 1685268: Timestamp('2017-10-17 13:19:46+0000', tz='UTC'), 1722046: Timestamp('2017-10-17 18:37:53+0000', tz='UTC')}","Just bought a Just Chicken sandwich from @Tesco and look at the small amount of chicken included in half the sandwich! #TightOnTheFilling https://t.co/mbPMXl0ABW @512069 Could you please DM me your name, address and postcode? I'll need the barcode, supplier code (SC1234) and date code from the sandwich. 2/3 @512069 Hi Andrew, that's a £2.00 Digital Moneycard sent to your email to say sorry for the poor quality sandwich you bought in store. 1/2","The customer says that he is not happy with the sandwich he received since there was only a small amount of chicken in it. The agent asks to DM the customer's name, address and product details and from where did he bought the sandwich from and refunds $2 since the customer was not happy with what he received.",0 days 05:18:07
147adaa6feae5aafd1d49f10f25a58fb,"[654427, 654428, 654429, 654430]","{654427: Timestamp('2017-11-22 22:11:00+0000', tz='UTC'), 654428: Timestamp('2017-11-22 22:34:30+0000', tz='UTC'), 654429: Timestamp('2017-11-22 21:44:33+0000', tz='UTC'), 654430: Timestamp('2017-11-22 23:02:26+0000', tz='UTC')}","@AppleSupport How do I set my Macbook Pro's resolution to 1280x720 without attaching a 2nd monitor? 13"" Mid 2014 with Sierra @275675 Try setting that by following this article: https://t.co/jurYWmUNKR

Let us know if this helps. @AppleSupport I have read a couple of these kinds of articles, but I want this to work without having to attach a second monitor. I just want to set the resolution and then record my screen. And then upload to Youtube. @275675 Check these steps out from the article: 
Set the resolution for the primary display: Choose Apple menu &gt; System Preferences, click Displays, then click Display. Pick Scaled, then select one of the options. After Scaled, you should see the resolution you want.",Customer asking that how to set his macbook pro's resolution  to 1280*720 without attaching a 2nd monitor and also set the resolution and record his screen. Agent replying that  try setting by using this url and also  to set the resolution   for primary display choose apply menu & get system  preferences and then click display.,0 days 01:17:53
52b8266ae864aa9136a60c407e0a2eb7,"[2189963, 2189968, 2189970, 2189971, 2189971]","{2189963: Timestamp('2017-11-09 20:08:13+0000', tz='UTC'), 2189968: Timestamp('2017-11-09 19:37:10+0000', tz='UTC'), 2189970: Timestamp('2017-11-09 18:48:47+0000', tz='UTC'), 2189971: Timestamp('2017-11-09 18:08:49+0000', tz='UTC')}",@British_Airways this is your only Club Europe offering. Could have saved £300 in eco and bought an m&amp;s sandwich. Appalling. https://t.co/eVDvU26BoN @641108 I'll certainly ensure your comments and feedback are passed to our Catering and Customer Experience teams. ^Kev 2/2 @641108 The afternoon tea you were given is one of two choices on our UK and European flights. were you offered a ploughmans salad? The food we 2/3 @British_Airways No offer of ploughmans. Just handed this rubbish. Do the prices vary for the time of day to reflect a £1 sandwich served?,Customer is complaining about catering service in British airway. Agents updated the customer that he will share the feedback with related team.,0 days 01:59:24
f2dd1965c5718fc5ca80e3406f6df466,"[1504785, 1504790, 1504791]","{1504785: Timestamp('2017-11-03 17:07:02+0000', tz='UTC'), 1504790: Timestamp('2017-11-03 22:00:56+0000', tz='UTC'), 1504791: Timestamp('2017-11-03 22:57:26+0000', tz='UTC')}","@NikeSupport Yep. Used the Nike app to record. Couldn’t understand why Nike app showed me a 15min workout but showed the start stop time that’s 30mins+ @NikeSupport iPhone 6+. Newest OS. And the run was done on the version prior@to yesterday’s update. https://t.co/73SxlyS9u4 @188823 Just to clarify, are you using iOS 11.1 and NRC app version 5.10?","Customer is complaining about the Nike app which showed them 15 mins workout but showed the start stop time that's 30 mins. Agent recommended editing their run to match the duration, go ahead and logout and then log in and go on a test run and report back.",0 days 05:50:24
03fed083e8f4d05de5ff9c3978b04c58,"[1314530, 1314538, 1314540, 1314541]","{1314530: Timestamp('2017-10-27 07:04:31+0000', tz='UTC'), 1314538: Timestamp('2017-10-25 19:08:50+0000', tz='UTC'), 1314540: Timestamp('2017-10-25 19:01:41+0000', tz='UTC'), 1314541: Timestamp('2017-10-25 19:00:40+0000', tz='UTC')}","@TMobileHelp do i preorder my iphone X through you guys or apple? @266328 You would pre-order through T-Mobile :) 
You can come back to this chat and pre order or you can also order on yo... https://t.co/YHJgWh7kuL @266328 We have the 24 month loan option (EIP) or we have the 18 month lease option (Jump on Demand) 

You can call 611 f... https://t.co/YHJgWh7kuL @266328 Sorry about that let me help you out! Can I have you verify through this link please :)  https://t.co/xKtJVNqc2V *TiaKappus",Customer is asking that can they preorder their iPhone X through them or apple. Agent updates that they can preorder through T-Mobile and can come back to this chat.,1 days 12:03:51
e7f0bb93fdede03ada80bb11b840a459,"[1723073, 1723075, 1723076, 1723077, 1723079]","{1723073: Timestamp('2017-11-07 08:54:24+0000', tz='UTC'), 1723075: Timestamp('2017-11-07 08:20:47+0000', tz='UTC'), 1723076: Timestamp('2017-11-15 07:15:41+0000', tz='UTC'), 1723077: Timestamp('2017-11-15 07:22:25+0000', tz='UTC'), 1723079: Timestamp('2017-11-15 10:23:50+0000', tz='UTC')}","@SW_Help when r the longer trains coming to E’field?service has been abysmal since u took over&amp;is impacting on our family life with a baby @521291 Hi Katy, longer trains will be introduced in December when the upgrade has been completed. ^MB @SW_Help No one replied to my question last week, do you have a date for the 10 car trains coming to Earlsfield in December? How many trains will be ten car? Thanks @521291 Hi Katy, we will be running more 10 car trains from the change of timetable on 10th December. I don't have specific figures for how many will be 10 car I'm afraid. ^PN @521291 Hi Katy, I'm not aware that a list has been provided as of yet.  ^PN",Customer is enquiring about when longer trains are coming to Efield. Agent informs that list has not yet been provided yet.,8 days 02:03:03
51de944840bb330ddea2128aeef27cda,"[795960, 795961, 795962, 795963, 795965, 795966, 795967, 795969]","{795960: Timestamp('2017-10-12 14:42:16+0000', tz='UTC'), 795961: Timestamp('2017-10-12 15:47:10+0000', tz='UTC'), 795962: Timestamp('2017-10-12 14:36:50+0000', tz='UTC'), 795963: Timestamp('2017-10-12 16:40:35+0000', tz='UTC'), 795965: Timestamp('2017-10-13 15:07:56+0000', tz='UTC'), 795966: Timestamp('2017-10-13 15:10:11+0000', tz='UTC'), 795967: Timestamp('2017-10-13 17:10:24+0000', tz='UTC'), 795969: Timestamp('2017-10-13 18:59:17+0000', tz='UTC')}","Hey @115888, fix your Android app. It's not properly syncing when I'm using Chromecast on the app. @309783 Hi there! Can you let us know what device and version of Spotify you're using? We'll see what we can suggest /DR @SpotifyCares Android Moto G v5.1 for the device. Spotify v8.4.22.857 @309783 Thanks for that. Does logging out, restarting your device, and logging back into Spotify help with resyncing? Keep us in the loop /JI @SpotifyCares That part works fine as it should. What the issue with the app is that when I sync it to Chromecast, it unsyncs it after 1 song (1/2) @SpotifyCares I've had to change the Chromecast to YouTube or Twitch just to turn the Spotify Chromecast off. @309783 Can you try reinstalling the app on your phone using the steps here: https://t.co/EqisDMwZAT? Keep us posted /LM @309783 Cool! Glad to hear it's working now. Just give us a shout if you need help with anything else. We're just a tweet away 🙂 /LM",Customer complains Chromecast which is not working in the app. Agent provided the link where the steps are available to reinstall the app.,1 days 04:22:27
e412aedf385ddeac2fcf1ce4baf215b0,"[887588, 887591, 887592]","{887588: Timestamp('2017-10-20 23:02:36+0000', tz='UTC'), 887591: Timestamp('2017-10-20 23:18:38+0000', tz='UTC'), 887592: Timestamp('2017-10-20 23:38:47+0000', tz='UTC')}",@SW_Help it's really disgraceful that there are still trains where the journey takes nearly an hour yet you provide no on-train toilets @SW_Help I mean it's good that you have a plan but isn't it discriminatory to not have disabled toilets when you already have disabled seating? 1/2 @330741 distance trains however some suburban trains do not have any toilet facilities  https://t.co/5i0txSzmxO  ^DW 2/2,Customer is complaining about that there are still trains where the journey takes nearly hours yet their are no toilets on trains. Agent says distance trains have toilets only some urban trains do not have any toilets facilities.,0 days 00:36:11
6688702d98556d63aed0beab9aee924e,"[493283, 493286, 493288, 493289, 493290, 493291, 493292]","{493283: Timestamp('2017-12-01 17:41:26+0000', tz='UTC'), 493286: Timestamp('2017-12-02 16:24:35+0000', tz='UTC'), 493288: Timestamp('2017-12-03 03:40:30+0000', tz='UTC'), 493289: Timestamp('2017-12-01 04:18:55+0000', tz='UTC'), 493290: Timestamp('2017-12-01 03:55:34+0000', tz='UTC'), 493291: Timestamp('2017-11-30 19:20:00+0000', tz='UTC'), 493292: Timestamp('2017-11-30 19:04:59+0000', tz='UTC')}","@115850 dude.. the Prime Video thing.. its not working.. few videos are being played. And few are not. ""Unable to play video right now"" @232603 I'm sorry to learn you are facing issues with the prime videos. Have you tried uninstalling and re-installing the app, then playing the video? Please keep us posted. ^GD @AmazonHelp Yea dude. Done. but, no Luck. and few seasons what i was watching yesterday are not available today. It says its not available for your region @232603 Could you please let us know the titles of the seasons which you are facing issues? ^SC @232603 Thank you for bringing this to our notice. I'll be sure to pass this on internally to the concerned team for rectification. ^GD @232603 We have flagged this situation internally. We are working on it. ^CB @232603 You're welcome. Appreciate your patience and understanding. ^EM",Customer is unable to get or play the video in amazon prime video. Agent are circulated this issue  to internal concerned team n resolved it.,2 days 08:35:31
e1862e461c459bf8c29d06c2a1c41b77,"[8255, 8258, 8259, 8263]","{8255: Timestamp('2017-11-05 22:49:19+0000', tz='UTC'), 8258: Timestamp('2017-11-05 20:53:32+0000', tz='UTC'), 8259: Timestamp('2017-11-06 01:03:07+0000', tz='UTC'), 8263: Timestamp('2017-11-06 01:29:07+0000', tz='UTC')}","Flight #4354 has been delayed since this morning......I am missing events and jobs. Get me on now, please @SouthwestAir @117443 We're so sorry for your frustration, LoLo. Our Agents at the airport will get you in the skies just as soon as possible; hang in there. ^AB @117443 You are put on ""priority standby"" status in these situations, and we'll work to reaccommodate ASAP. So sorry for the trouble today. ^AB @117443 We assure you that you are being given a priority, LoLo. We just have to work with everyone else awaiting accommodation as well. ^AB",Customer is complaining about delaying of the flight. Agent is updated that they will put on priority standby status and they will work to re accommodate ASAP.,0 days 04:35:35
786bb864e282da40e7d5b6554fa6d046,"[1368823, 1368826, 1368828, 1368830, 1368831]","{1368823: Timestamp('2017-11-25 21:36:56+0000', tz='UTC'), 1368826: Timestamp('2017-11-25 21:27:03+0000', tz='UTC'), 1368828: Timestamp('2017-11-25 21:50:15+0000', tz='UTC'), 1368830: Timestamp('2017-11-25 22:06:35+0000', tz='UTC'), 1368831: Timestamp('2017-11-25 22:10:00+0000', tz='UTC')}",My iPhone 6s won’t connect to my home WiFi someone help me 😭 @115858 @AppleSupport @438616 We've got your back! What happens when you try to connect to your home Wi-Fi network? Are you seeing any errors? @AppleSupport My laptop and smart tv both are working fine and running at normal speed. I’ve rebooted my modem several times. I’m on version 11.1.1 ... although I did 5 network reboots and it finally took... and it stayed connected for 5 Mins and stopped working again @AppleSupport At the moment 3 and sometimes I can connect to other but majority of the time I cannot @438616 Alright. Let's continue chatting in DM. Send us a message using the link below. https://t.co/GDrqU22YpT,Customer is complaining that her iphone is not connecting to wifi where as other devices and smart tv is working fine with the same network. Agent asks her to reboot the settings and also asks details about network and ask the customer to message so that with further chat he can  resolve the issue.,0 days 00:42:57
6cc6d10052f4ec6e6f5837a1a6310dc8,"[888596, 888599, 888602, 888603]","{888596: Timestamp('2017-10-13 17:33:37+0000', tz='UTC'), 888599: Timestamp('2017-10-13 18:43:24+0000', tz='UTC'), 888602: Timestamp('2017-10-13 17:25:11+0000', tz='UTC'), 888603: Timestamp('2017-10-13 17:20:59+0000', tz='UTC')}","@SpotifyCares 
I can play several albums, including this one in Chrome, but the application won't play it

https://t.co/fZ2Z9SvQb4 https://t.co/9J9vUW664T @330968 Hi there! Can you let us know the device, operating system, and Spotify version you're rocking? We'll see what we can suggest /JM @330968 Thanks! Can you try logging out, restarting your device, and logging back in? Let us know if that made a difference /JM @330968 2: album &gt; 3 dots &gt; Share &gt; URI. We'll also need you to DM us your account's username or email address so we can further check some info /JM https://t.co/ldFdZRiNAt",Customer complaining that spotify cares application wont play. Agent is suggests to logging out and restart  his device and and asking about his device and  and operating system and also asking his to dm his account user name.,0 days 01:22:25
87e35a7f73eb1a630d75427e92b94f26,"[1626776, 1626776, 1626777, 1626781, 1626783]","{1626776: Timestamp('2017-11-05 17:00:27+0000', tz='UTC'), 1626777: Timestamp('2017-11-06 07:11:29+0000', tz='UTC'), 1626781: Timestamp('2017-11-05 18:54:35+0000', tz='UTC'), 1626783: Timestamp('2017-11-05 18:54:33+0000', tz='UTC')}",@Tesco where would I send a Charity request to? Would live to get you onboard for our Charity event in aid of @497141. Thanks xx @307393 @497141 You are able to get in touch with them via the store locator.  Link--https://t.co/HnQgqGYQjv Once you've found your local store. 2/4 @307393 @497141 At the bottom of the web page you'll find a direct contact for them. 3/4 @307393 You can then fill out the section &amp; the Community Champion of the store will get back in touch with yourself. I hope this helps. - Lara. 2/2,The customer asks where would he send a charity request to and says he wishes to get tesco onboard for their charity event. The agent says the customer will be able to get in touch with them via store locator and community champion of the store will get back in touch with them once the information is sent by the customer.,0 days 14:11:02
b0aea5b31355609f48d2d18a2ce3d9db,"[1181848, 1181849, 1181855]","{1181848: Timestamp('2017-10-15 21:24:13+0000', tz='UTC'), 1181849: Timestamp('2017-10-16 12:20:00+0000', tz='UTC'), 1181855: Timestamp('2017-10-18 15:24:47+0000', tz='UTC')}","@AppleSupport Bluetooth on my iPhone 8 plus is not functioning. Running off iOS 11.0.3. Was fine two days ago. @397936 Got it, thanks!  Please take a look at this article, which provides help for Bluetooth issues: https://t.co/JMbUWh4fsj @397936 Do you have any other devices that are experiencing the same behavior with not being able to find your Mpow and FitBit? DM us. https://t.co/GDrqU22YpT",Customer is having an issue with not working of Bluetooth on his iPhone 8. Agent updated that send the URL to customer related to Bluetooth issue and also informed to send DM.,2 days 18:00:34
925e1e306c8d3dd4ecb3a689963e955a,"[575980, 575982, 575984, 576051, 576052]","{575980: Timestamp('2017-12-03 08:34:31+0000', tz='UTC'), 575982: Timestamp('2017-12-03 08:25:28+0000', tz='UTC'), 575984: Timestamp('2017-12-03 08:19:38+0000', tz='UTC'), 576051: Timestamp('2017-12-03 08:54:34+0000', tz='UTC'), 576052: Timestamp('2017-12-03 08:58:50+0000', tz='UTC')}","@AmazonHelp hi just wonder why you haven't shipped them. It's been two days since I ordered them. Order # 113-4002806-4843420 @255526 Hi Giaminac, really sorry you've not received your order yet. Have you received an email advising you of the delay? ^JC. @255526 Following Black Friday and Cyber Monday, there have been some orders that are taking a little longer than normal. Which Amazon site did you order from? https://t.co/1fz78PNFM0 etc?^BZ @AmazonHelp December 7 or 8. I worried why you didn't ship at the time I ordered. @255526 As your delivery isn't due for a few days sometimes it takes a little longer to dispatch. Please inform us if it doesn't come in the designated time. ^HS",The customer enquires why the product he ordered has not yet been shipped. The agent asks whether the customer received any email advising delay and informs that some orders are taking little longer than usual Following Black Friday and Cyber Monday and asks to inform them if it isn't delivered at the designated time.,0 days 00:39:12
1a9543ed5f61f289a328621ecb7ca8a8,"[867160, 867168, 867169, 867170]","{867160: Timestamp('2017-10-21 10:34:00+0000', tz='UTC'), 867168: Timestamp('2017-10-14 22:24:27+0000', tz='UTC'), 867169: Timestamp('2017-10-14 15:49:53+0000', tz='UTC'), 867170: Timestamp('2017-10-14 15:24:43+0000', tz='UTC')}","@MicrosoftHelps The latest update to Windows 10 is causing my Dell Inspiron 17 with i7 CPU and 16 Gb ram to freeze, why!? @325906 Hi. Let's sort this out. To solve your concern, please check Sangeeta Sarkar's post here: https://t.co/rDZsFDKfKD. Keep us posted. @325906 Thank you for the info. We suggest that you perform a clean boot to improve the computers' performance: https://t.co/JNx042FXtN. @325906 2/2 Answer Desk help you out step-by-step for your concern here: https://t.co/kmAi7GDxpb. You’ll be in good hands.",Customer is having a freezing issue in his device. Agent updated to perform the clean boot to improve the system performance and also informed to contact AnswerDesk Team.,6 days 19:09:17
e4adaec66fb7f4f4fa6affa86c8a6292,"[2917295, 2917296, 2917301, 2917302]","{2917295: Timestamp('2017-11-29 00:09:00+0000', tz='UTC'), 2917296: Timestamp('2017-11-29 01:53:45+0000', tz='UTC'), 2917301: Timestamp('2017-11-28 23:49:23+0000', tz='UTC'), 2917302: Timestamp('2017-11-28 23:40:50+0000', tz='UTC')}","@AppleSupport can’t use this iCloud back up on my iPhone X why help https://t.co/nBrJxZeOAw @224493 We'd be happy to get to the bottom of this with you. To begin, can you tell us what version of iOS you're using on your iPhone X. If you need help to find it, check this out: https://t.co/ZTw54HL4Rm @224493 OK, let's continue to look further into this in DM: https://t.co/GDrqU22YpT @AppleSupport Fixed",Customer is unable to use iCloud backup on his iphone X. Agent informs to look  further into DM.,0 days 02:12:55
3a02e4a9ab5fda35cec8801960bdea04,"[938073, 938075, 938078, 938080]","{938073: Timestamp('2017-10-21 14:43:49+0000', tz='UTC'), 938075: Timestamp('2017-10-21 20:46:39+0000', tz='UTC'), 938078: Timestamp('2017-10-22 00:30:25+0000', tz='UTC'), 938080: Timestamp('2017-10-22 14:26:25+0000', tz='UTC')}","@AppleSupport help pls when I sync new music from iTunes to my phone it changes to the wrong artwork all the time😩😩😩 @AppleSupport No, it happens with the music i have in my pc’s library @342358 Thanks for clarifying. Let's work through the steps here: https://t.co/Qzoz3MATdz DM us if the issue continues. https://t.co/GDrqU22YpT @342358 We're glad to hear you got it sorted. DM us if the issue comes back, we'll be here for you. https://t.co/GDrqU22YpT",Customer has problem with his iphone i tunes library created. Agent informs customer to DM if issue comes back.,0 days 23:42:36
25ccd85d3e1d37501d6d202460d14e84,"[2907018, 2907020, 2907021, 2907021, 2907024]","{2907018: Timestamp('2017-11-28 19:47:31+0000', tz='UTC'), 2907020: Timestamp('2017-11-28 17:07:41+0000', tz='UTC'), 2907021: Timestamp('2017-11-29 17:11:33+0000', tz='UTC'), 2907024: Timestamp('2017-11-29 20:35:14+0000', tz='UTC')}","@British_Airways worst flight ever, broking seats, no in-flight entertainment for eight hours, rude staff, broken suitcases &amp; trip hazard in front of emergency exit. Will only fly @VirginAtlantic to Orlando now! https://t.co/yJfrFPW8rw @804944 Hi Stephen, sorry to hear about your experience with us. Can you please provide us with your flight number and date? We'll then pass this to our Customer Experience team for their attention.^Jo @804944 Thanks for providing us with your flight information, Stephen. We'll be sure to pass on your feedback to the relevant managers. I know it won't change how your journey was affected but it will highlight areas that need improvement. ^Leanne @British_Airways How would I go about receiving compensation for the poor service and the broken in flight entertainment system on a long haul flight ?","Customer is complaining about the experience in the flight ever like broken seats, no entertainment for 8 hours, rude staff etc. Agent suggest him to DM his booking ref, full name, email address and flight details and they will be able to look in to this.",1 days 03:27:33
042109f0205faa1239e8afb4d8cc551d,"[805259, 805266, 805266, 805266]","{805259: Timestamp('2017-10-12 17:27:29+0000', tz='UTC'), 805266: Timestamp('2017-10-12 17:23:46+0000', tz='UTC')}","@VirginTrains 18:23 EUS to BHI. No First Class service in coach L. Staff shortage. Can I have a sandwich from the shop ? TM says no ... @311893 It depends on the availability in the shop, it is up to the staff on board. ^PA",Customer asking about fisrt class service in coach and also asking  sandwich from the shop. Agent replying that it depends on the availability in the shop and it is up to the staff on board.,0 days 00:03:43
615a49a8f5f59dc7716eb898e7e9571a,"[1715969, 1715970, 1715971, 1715972, 1715973, 1715976]","{1715969: Timestamp('2017-11-07 03:57:11+0000', tz='UTC'), 1715970: Timestamp('2017-11-07 04:02:09+0000', tz='UTC'), 1715971: Timestamp('2017-11-07 03:41:55+0000', tz='UTC'), 1715972: Timestamp('2017-11-07 04:06:42+0000', tz='UTC'), 1715973: Timestamp('2017-11-07 18:48:50+0000', tz='UTC'), 1715976: Timestamp('2017-11-07 22:36:34+0000', tz='UTC')}","The story of @hulu_support live tv :( always buffering @115940 https://t.co/9zLskEkloU @519660 Oh no! Please try a quick reboot of your Roku+modem along w/: https://t.co/wAoEicy9CF. Any change after trying those? @hulu_support Done all that. Goes buffering every minute for a few seconds. Occasionally keeps showing same commercial over and over after buffering @519660 Sorry to hear that hasn't helped. We'd like to take a look on our end. Please call/chat us here: https://t.co/6YdK7bvQN7. @hulu_support Internet is good so its not an issue on our end with speed so maybe this is system wide @519660 Since we don't have access to account info via Twitter, please contact our Viewer Experience team by phone or live chat.",Customer complaining about hulu support live tv always buffering. Agent suggests to reboot of his Roku modem along using URL and suggests to contact his viewer experience team by phone or live chat.,0 days 18:54:39
f33467627b8b8c625c41bd4e09d0a69e,"[230729, 230730]","{230729: Timestamp('2017-10-04 16:14:00+0000', tz='UTC'), 230730: Timestamp('2017-10-04 15:58:45+0000', tz='UTC')}","@116331 I am going to upload the video of worst performance of Idea 4G network. @170948 Sorry for trouble..We are here to help you.Please DM us your idea number and alternate number to assist you better.

Rgds,Mohit https://t.co/LBfZgLCSfr",The customer is complaining that the idea 4g network was not at all good and they about to post a video regarding that. The agent asked to dm their idea number and along with the alternate number for further assistance.,0 days 00:15:15
d07fe88e43eebb23eea30f1598cb7549,"[2502112, 2502113, 2502114, 2502114, 2502116]","{2502112: Timestamp('2017-11-15 19:57:16+0000', tz='UTC'), 2502113: Timestamp('2017-11-15 19:20:22+0000', tz='UTC'), 2502114: Timestamp('2017-11-15 20:38:00+0000', tz='UTC'), 2502116: Timestamp('2017-11-16 14:33:37+0000', tz='UTC')}","@AppleSupport anybody else trying to buy music and it not letting you??? @AppleSupport I search up a song click ‘buy’ type in my password and then it makes me do it like a billon more times and sometimes works sometimes doesn’t @713693 Thanks for clarifying further for us. We’d like to continue looking into this. Does this only happen in the iTunes Store app? Are you able to sign into our Apple ID website without any issues? Here is the link for that: https://t.co/ggVDoc1mU7 @713693 If you restart the device, does the behavior continue? DM us the results. https://t.co/GDrqU22YpT","The customer wants to buy music but he is unable to do and he says that if he search up a song, click 'buy', type in password and then it makes him do it several times. The agent asks whether that happens only in the iTunes Store app, whether the customer is able to sign into their Apple ID website without any issues and asks to DM the result after trying to restart the device.",0 days 19:13:15
925ffd7cb4f3bb230fd9b02fa22084c7,"[2289477, 2289478, 2289479, 2289481]","{2289477: Timestamp('2017-11-12 05:33:09+0000', tz='UTC'), 2289478: Timestamp('2017-11-12 05:41:58+0000', tz='UTC'), 2289479: Timestamp('2017-11-12 04:39:38+0000', tz='UTC'), 2289481: Timestamp('2017-11-13 00:04:32+0000', tz='UTC')}","@XboxSupport my Xbox one stays on the initial green loading screen, stuff still moves like the light in the X but when it goes to a black screen (after 5 minutes or longer or shorter) nothing works but there's the initial sound it makes when it goes to the home screen. Plz help!! @665130 Hi there! Let's try a fresh start by unplugging the console and your router/modem for a full 5 minutes.  ^BL @XboxSupport It didn't work, it is still taking forever just to get to a black screen, the green loading screen animation works, idk what to do. @XboxSupport It didn't even fully apply the OSU1 thing.... it only jumps to 66% and then stays that way........ what do I do?",Customer is complaining that the Xbox is showing black screen where green animated thing also buffers due to loading isssue and shows only % and buffering. Agent asked to unplug the router and plug again and asked to send a photo of error in the URL.,0 days 19:24:54
486dcac9ffbbd0c2084b6dacb359eb27,"[1169213, 1169214, 1169215, 1169217]","{1169213: Timestamp('2017-10-24 19:09:14+0000', tz='UTC'), 1169214: Timestamp('2017-10-24 19:15:34+0000', tz='UTC'), 1169215: Timestamp('2017-10-24 19:17:17+0000', tz='UTC'), 1169217: Timestamp('2017-10-24 19:24:20+0000', tz='UTC')}","@VirginTrains I've tix ref for a train frm War cent to York. Can I collect tix frm war cent  station or does it hve 2b frm a virgin machine? @395025 @120576 Can you confirm which station you're collecting from, Susan? ^MM @VirginTrains @120576 That's what I'm asking. Train from warr central but but do I have to collect from a virgin station warr bank quay. @VirginTrains @120576 Ok phew. I wasn't sure if it wld work in any machine or had to be virgin. Central has northern rail mach &amp; is manned. Thx for quick reply.",Customer is asking whether he can collect a tix from for a train from war cent to new york. Agent updated that service is not available foe york and asked to collect ticket from ticket machine.,0 days 00:15:06
f229148caef0442ee80ab9bdd170fe67,"[160005, 160007, 160009, 160012, 160014]","{160005: Timestamp('2017-11-24 18:19:48+0000', tz='UTC'), 160007: Timestamp('2017-11-24 17:32:02+0000', tz='UTC'), 160009: Timestamp('2017-11-27 21:32:15+0000', tz='UTC'), 160012: Timestamp('2017-12-01 18:14:10+0000', tz='UTC'), 160014: Timestamp('2017-11-18 18:41:02+0000', tz='UTC')}","@sainsburys Can you guys explain to me why you’ve stopped selling/stocking the Sainsbury’s Vindaloo Curry without rice please? Used to be really excited for my dinner. Highly, highly disappointed. @sainsburys Yes it is. Every story we’ve been to, which so far is six stores, not one of them sells them anymore. @138425 Can you let me know which store you shop in and I will have a look for you? Thanks, Gabby @138425 Hi there. I've taken a look at this and we definitely do still sell this product in several of our stores. If you let me know where you would like to see this stocked I can check the stores in that area. Reid @138425 The nearest store that currently stocks this vindaloo is our Kidderminster branch (DY11 6XP). But if you follow this link it's possible to pop in a request for it to be stocked in your preferred stores: https://t.co/XWwvWr9pix ...1/2",Customer is  asking that why they have stop selling/stocking sainsbury's vindaloo curry without rice. Agent says to follow the link so that its possible to pop in a request for it to b stocked in your preferred stores.,12 days 23:33:08
2bb5c39b42a7de81fc6e5b5e25c49ada,"[2538156, 2538159, 2538162, 2538165, 2538166]","{2538156: Timestamp('2017-11-16 09:31:00+0000', tz='UTC'), 2538159: Timestamp('2017-11-16 09:17:08+0000', tz='UTC'), 2538162: Timestamp('2017-11-16 09:58:34+0000', tz='UTC'), 2538165: Timestamp('2017-11-16 10:23:59+0000', tz='UTC'), 2538166: Timestamp('2017-11-16 10:34:00+0000', tz='UTC')}","@AmazonHelp why is the delivery I'm expecting today &amp; had email confirmation yesterday of dispatch for today now showing upto the 21st for delivery? @721908 I am sorry to hear this Marc, can I ask, what was the original estimated delivery date given to you on the confirmation email please? ^GA @721908 Apologies for the delay. Delays are rare but can occur due to numerous factors. Please do let us know if the parcel is not with you within the date provided to you via email. ^CR @AmazonHelp I understand that. I need it for the morning so I now have to go and get one else where &amp; return it when it does arrive. If I refuse to take it when it's delivered what happens then? @721908 Hey Marc, if you refuse the delivery, the driver will return the parcel back to Amazon and a full refund will be issued to you. ^MA","The customer is asking why the delivery of the product is delayed even after receiving dispatch confirmation email and asks what would happen if he refuses to take the product. The agent responds, the delay is rare due to various factors and the driver would return the parcel back to amazon if customer refuses to take it and full refund will be done.",0 days 01:16:52
bdb9a08091abe821a7621f39a0d086fc,"[1112757, 1112758, 1112759, 1112763]","{1112757: Timestamp('2017-10-15 11:23:25+0000', tz='UTC'), 1112758: Timestamp('2017-10-15 10:55:08+0000', tz='UTC'), 1112759: Timestamp('2017-10-15 11:28:44+0000', tz='UTC'), 1112763: Timestamp('2017-10-15 11:14:16+0000', tz='UTC')}","@Delta thanks again for your help with my check in last night! Y’all awesome! Now can tell me how I’m going to make a 37m ATL A-D connex... @285225 We are always happy to assist, Gary. I will go ahead and send a heads-up to our airport team in ATL notifying about your short... 1/2 @Delta Oh and of course hotel shuttle service got the 1054 crew here late, typical of my week so far 🤷‍♂️ @285225 I'm sorry about the crew's delay there, Gary 😞 *HMB",Customer is seeking help for check in since there is a delay. Agent apologised for the crews delay and informed to assist and send a head ups to airport team.,0 days 00:33:36
f880087978eceb02a39033b77bbdcad8,"[1922366, 1922367, 1922368, 1922372, 1922373]","{1922366: Timestamp('2017-10-18 14:54:12+0000', tz='UTC'), 1922367: Timestamp('2017-10-18 15:17:26+0000', tz='UTC'), 1922368: Timestamp('2017-10-18 11:24:42+0000', tz='UTC'), 1922372: Timestamp('2017-10-18 21:27:35+0000', tz='UTC'), 1922373: Timestamp('2017-10-18 21:46:54+0000', tz='UTC')}","@AskeBay hi, I’ve items selling on buy it now, good till it ends. Do you take fee at time of sale or am I invoices at a later date? Thanks @572280 Hi, we usually charge you with an invoice you can see on your account. Here is how it works: https://t.co/W9gOs02Kpg ^GS @AskeBay Thanks for the reply, but it’s not easy to find in my account. I’d rather a fee was taken at the time of payment, like PayPal does. @AskeBay I still say most people would prefer a fee to come off at the point of sale 👍 @572280 Since some sales may be canceled or unpaid, we like to provide time to resolve those situations. Thanks for the feedback! ^LB","Customer enquires that when they are going to take fee, in times of sales or invoice at a later date. Agent states that they will charge with an invoice and also states that since the sales canceled or unpaid it will take time to resolve the situations.",0 days 10:22:12
6123538d65c2b979d357d700edf20033,"[743443, 743444, 743447, 743448]","{743443: Timestamp('2017-10-11 14:50:09+0000', tz='UTC'), 743444: Timestamp('2017-10-11 17:35:54+0000', tz='UTC'), 743447: Timestamp('2017-10-11 14:44:30+0000', tz='UTC'), 743448: Timestamp('2017-10-11 12:41:27+0000', tz='UTC')}",Am I the only one who can’t use the App Store ? @AppleSupport @297761 We want to help you get connected to the App Store. Have you tried these steps? https://t.co/1SrHVMz478 @AppleSupport Yes I did everything. I can open the App Store but I can’t update my app @297761 We'd like for you to try deleting the app and redownloading it from the App Store. Ensure you have a backup of before trying.,Customer is having an issue with App Store app. Agent informed the customer to delete the app and redownload it from App store.,0 days 04:54:27
1e866591667d45ac8afd70e7f600e86a,"[850591, 850592, 850593, 850595, 850596]","{850591: Timestamp('2017-10-20 15:12:05+0000', tz='UTC'), 850592: Timestamp('2017-10-20 15:12:42+0000', tz='UTC'), 850593: Timestamp('2017-10-20 14:58:25+0000', tz='UTC'), 850595: Timestamp('2017-10-20 15:17:13+0000', tz='UTC'), 850596: Timestamp('2017-10-20 15:28:14+0000', tz='UTC')}","@sprintcare @124218 Someone @115714 willow lawn Richmond Va is asking then changing apple ID pw's to gain access to personal information on returned iphones @sprintcare employee named Michael here asked for the apple pw's and 2way auth and shortly after both accounts had pw's changed @sprintcare I personal work in mobile security and this is unacceptable. You dont need the 2 way authentication to wipe the account from the device @322078 This concerns us. Please send us a Direct Message, so that we can further assist you. -LC https://t.co/rMApsV8PQY @322078 We take matters like this very seriously and we are currently investigating. Our local team will follow up with you once completed. -LC",Customer complains that two employees have changed the apple id pw's to have the access of personal information on returned iPhone. Agent ask to DM for further assistance and the local team will investigate about this.,0 days 00:29:49
bb92d103baff6e9f64fd4752f7f3d06a,"[965345, 965347, 965348, 965350, 965353]","{965345: Timestamp('2017-10-21 23:19:31+0000', tz='UTC'), 965347: Timestamp('2017-10-22 08:29:47+0000', tz='UTC'), 965348: Timestamp('2017-10-21 21:37:44+0000', tz='UTC'), 965350: Timestamp('2017-10-24 04:51:04+0000', tz='UTC'), 965353: Timestamp('2017-10-24 12:57:39+0000', tz='UTC')}","@AppleSupport I paid for a season of rake, downloaded it to my iPad &amp; now I can’t watch it? Unless I connect to store? Is that right ? @349069 We'd love to help. Which iOS version are you using? What steps are you taking to watch the episodes? @AppleSupport The latest version. I’ve downloaded it to iTunes and am just going in there. @AppleSupport And now this. It’s so hit and miss do I need to be connected to access what I purchased and downloaded ? @349069 It's possible to download purchased content for offline viewing. Other than this message, is your iPad online? Please DM us. https://t.co/GDrqU22YpT",Customer is asking that he had paid for a season of rake downloaded it to his ipad and amp now they can't watch it. Agent suggest him that if possible to download purchased content for offline viewing and DM us.,2 days 15:19:55
bfc491e53b01a44832549cde7ab1149c,"[1668622, 1668624, 1668629, 1668630, 1668630]","{1668622: Timestamp('2017-11-06 12:14:14+0000', tz='UTC'), 1668624: Timestamp('2017-11-06 12:42:28+0000', tz='UTC'), 1668629: Timestamp('2017-11-06 12:05:56+0000', tz='UTC'), 1668630: Timestamp('2017-11-06 12:03:58+0000', tz='UTC')}","@GWRHelp 
New train. No buffet equals crap service @508129 Hello Chris. Research showed customers preferred food and drink served at their seat. Everything at the Express Cafe can be offered at-seat. @GWRHelp Sat on the train for 75 minutes now and no refreshments. Your new service is absolute rubbish. @508129 Sometimes a Host will park at a convenient location and make an announcement, sorry this did not happen today. - Jordan",Customer is complaining about   no refreshments for 75 minutes sat on train. Agents telling that sometimes a host will park at a convenient location  and he will make an announcement.,0 days 00:38:30
7db7c0f3ab07568872f2e54596707e87,"[109907, 109909, 109910, 109918]","{109907: Timestamp('2017-11-23 20:02:28+0000', tz='UTC'), 109909: Timestamp('2017-11-23 19:56:06+0000', tz='UTC'), 109910: Timestamp('2017-11-23 19:55:31+0000', tz='UTC'), 109918: Timestamp('2017-11-23 18:05:27+0000', tz='UTC')}","Encountered nothing but incompetent &amp; indifferent staff from @AmazonHelp @115830 while trying to resolve the issue of them triple charging and overcharging me delivery for a TV I bought but they've not delivered. Of course they don't care, they're holding £1800 &amp; (/1) @140399 Thank you for clarifying. You can check the status and find more information about your refund here: https://t.co/qLyYhAej2E I am so sorry for the trouble. Please keep us updated on the arrival!! ^SC @AmazonHelp So you're ignoring the fact that you've not refunded the delivery cost? 🤦 @140399 We'd be happy to look into all options with you. Please contact us by phone or chat here: https://t.co/qy3J24VGxb ^AC",Customer is demanding the refund of delivery cost for the delayed delivery of a TV he bought. Agent requests to check the status of delivery and the information about refund by providing a link.,0 days 01:57:01
f602e84b628194e9cacbf20fd4111750,"[1037310, 1037310, 1037314, 1037319]","{1037310: Timestamp('2017-10-23 02:11:14+0000', tz='UTC'), 1037314: Timestamp('2017-10-22 20:24:30+0000', tz='UTC'), 1037319: Timestamp('2017-10-25 15:46:09+0000', tz='UTC')}","@hulu_support Unable to stream more than a few seconds, and tech support seems not working on Sunday:( @347555 Sorry for the continued trouble! Which device are you using? If you haven't already, try unplugging for a few mins and restarting. @347555 Sorry for the long wait! Phone/chat support is available 24/7. Were you able to try all of the steps that we've provided so far?",The customer is facing the problem that he is unable to stream more than few seconds and says that the tech support seems not working on Sunday. The agent asks which device the customer was using and then asks to try unplugging for a few min and then to restart and suggests to Phone/chat support.,2 days 19:21:39
60e684633f1c4b52ed82645769bae5f8,"[2621445, 2621447, 2621450, 2621451]","{2621445: Timestamp('2017-11-17 15:55:59+0000', tz='UTC'), 2621447: Timestamp('2017-11-17 06:21:34+0000', tz='UTC'), 2621450: Timestamp('2017-11-17 21:03:02+0000', tz='UTC'), 2621451: Timestamp('2017-11-17 21:02:12+0000', tz='UTC')}","@hulu_support How come SHOWGIRLS is supposed to be on Hulu, but when I tried to find it, I get a message that says the page does not exist? @166035 Sorry for any confusion. Unfortunately, we don't own the rights to Showgirls, but we can share the request! @hulu_support No. A few days ago the movie SHOWGIRLS by Paul Verhoeven was available on Hulu and advertised as a November title, and now it's gone. @hulu_support I'm interested in knowing how or why some titles get pulled within days of being available. It's not great for service when something is blink or you miss it.",The customer is complaining that he id getting page does not exist issue. The agent asked them to bear with them as they will investigate about it deeper.,0 days 14:41:28
30bcda452f1de2b6199a2a0f0582ea09,"[35334, 35336, 35339, 35340, 35341]","{35334: Timestamp('2017-11-01 13:32:00+0000', tz='UTC'), 35336: Timestamp('2017-11-01 09:28:22+0000', tz='UTC'), 35339: Timestamp('2017-11-01 14:15:00+0000', tz='UTC'), 35340: Timestamp('2017-11-01 14:16:16+0000', tz='UTC'), 35341: Timestamp('2017-11-01 15:13:27+0000', tz='UTC')}","@AppleSupport @TwitterSupport I thought the issue with icons not displaying correctly was a bug fix for watchOS 4.1? #AppleWatch https://t.co/r8h9zMExx7 @123703 We'd be happy to look into this display issue with you. To start, can you tell us which Apple Watch you're using? @123703 Do you notice this display issue with any other apps? @AppleSupport Only twitter currently @123703 Thanks. Let's start by updating both devices to see if the issues continues. This can help: https://t.co/80YRnjDFDk","Customer is having some display issue. Agent asked which apple watch is using,version and asked display issue with any other apps and informed to start updating both devices to see if the issues continues.",0 days 05:45:05
178d562e25e84451a6ea4c18010d46ca,"[1081717, 1081720, 1081722, 1081723]","{1081717: Timestamp('2017-10-23 20:31:36+0000', tz='UTC'), 1081720: Timestamp('2017-10-23 20:43:26+0000', tz='UTC'), 1081722: Timestamp('2017-10-23 19:59:45+0000', tz='UTC'), 1081723: Timestamp('2017-10-23 19:47:54+0000', tz='UTC')}","Seriously, @GWRHelp? You've cancelled the 20:49 from BTM to Frome on the day I have a late shift, and the next one's at 23:20. I might cry. @268133 Hello. I am sorry for the cancellation, please travel to Westbury on 2124 and speak to Station Staff on arrival. - Jordan @268133 Compensation would be given upon renewal if the punctuality and/ or reliability targets have not been met. - Jordan @GWRHelp The targets cover every train. I don't take every Train, I take the ones that are too short, or get cancelled for no reason, or delayed by..",Customer is complaining about the cancellation of a specific train. Agent states that they would provide compensation upon renewal.,0 days 00:55:32
f9377f9f66599f68d014b3de647f4391,"[2323598, 2323601, 2323604, 2323606, 2323607]","{2323598: Timestamp('2017-10-20 00:13:54+0000', tz='UTC'), 2323601: Timestamp('2017-10-20 00:10:14+0000', tz='UTC'), 2323604: Timestamp('2017-10-20 00:08:00+0000', tz='UTC'), 2323606: Timestamp('2017-10-20 00:01:00+0000', tz='UTC'), 2323607: Timestamp('2017-10-19 23:57:37+0000', tz='UTC')}","@115722 Arlington VA here—Internet okay, Internet TV guide okay, but no TV channels—none. When is service going to be restored? @673228 Are you getting channel unavailable message?
^TNT @673228 Thank you, if you were to reboot one of the two does it update with the correct time? ^JRA @VerizonSupport I rebooted one of the boxes and it never came back online showed  loading and reboot  messages and never got farther—ie, no internet guide @673228 Can you try reseating your coax cable on the back? Let us know if that helps.
^TNT",Here customer is complaining about the channels not available on TV .where internet is working properly and also he tried rebooting  still faces the same issue. Here agents ask the details and ask the agent to reboot the TV assist the customer.,0 days 00:16:17
86127f1402ccba850bc0cf0cd01ffa70,"[965442, 965444, 965445, 965447, 965448]","{965442: Timestamp('2017-10-14 04:04:06+0000', tz='UTC'), 965444: Timestamp('2017-10-14 04:16:44+0000', tz='UTC'), 965445: Timestamp('2017-10-14 03:18:32+0000', tz='UTC'), 965447: Timestamp('2017-10-14 04:27:58+0000', tz='UTC'), 965448: Timestamp('2017-10-14 04:39:32+0000', tz='UTC')}","@XboxSupport I need help with my game not loading @348981 Hi there! Let's try a fresh start by unplugging the console and your router/modem for a full 5 minutes.  ^BL @XboxSupport It will freeze on the Xbox 360 Screen @XboxSupport Yes, it freezes at the Xbox 360 loading screen. I restarted the game, my internet, console about 5 times. Didn’t work @348981 Let's go ahead and uninstall the game then reinstall it and check again.  ^BL",Customer is complaining about the loading issue in the game at XBOX 360 loading screen. Agent suggested to uninstall and reinstall the game.,0 days 01:21:00
5d46ea96c3941c911b9e522036a6f9c2,"[712261, 712262, 712263, 712264, 712266, 712268, 712272]","{712261: Timestamp('2017-10-10 22:55:17+0000', tz='UTC'), 712262: Timestamp('2017-10-10 21:44:14+0000', tz='UTC'), 712263: Timestamp('2017-10-10 23:22:02+0000', tz='UTC'), 712264: Timestamp('2017-10-10 23:55:38+0000', tz='UTC'), 712266: Timestamp('2017-10-11 00:10:09+0000', tz='UTC'), 712268: Timestamp('2017-10-11 00:29:47+0000', tz='UTC'), 712272: Timestamp('2017-10-11 01:24:07+0000', tz='UTC')}","@SouthwestAir Are you ever going to fix searches to the Caribbean.It's been broken from CLE since the SUMMER!HELP!I just want to book travel https://t.co/NOKHVqRc2J @SouthwestAir It's been 4 months-is there someone I can email about getting this fixed? I shouldn't have to call to scope out caribbean vacays from CLE @290334 Beth, we aren't returning the same error from our end. Have you tried a different browser or searching by our ""Flexible Dates"" tool? ^CT @SouthwestAir Yes I've tried 4 diff computers in 2 diff locations using Chrome, Firefox &amp; IE. I'm perplexed as to how you aren't having an issue-send link @SouthwestAir Is there a way to make the layover time frame in between longer to give more flight options? @SouthwestAir What is an established route? Can SW merge 2 flights (CLE-FLL-FLL-PLS) on the route to acct for layovers so we don't have to recheck luggage @290334 Layover time depends on the flight routing. Again, if we can help with the booking, feel free to reach out to us over the phone. ^CT",Here customer is unable to book a flight and taking help. Agent note down the details and tries to help him out to give him proper solution.,0 days 03:39:53
4bfcb0b06648596e662154b91a42458b,"[2891384, 2891386, 2891387, 2891388, 2891389]","{2891384: Timestamp('2017-11-28 14:23:00+0000', tz='UTC'), 2891386: Timestamp('2017-11-28 13:37:36+0000', tz='UTC'), 2891387: Timestamp('2017-11-29 08:54:48+0000', tz='UTC'), 2891388: Timestamp('2017-11-29 09:11:28+0000', tz='UTC'), 2891389: Timestamp('2017-11-29 09:43:57+0000', tz='UTC')}","@sainsburys cauliflower cheese with cafe Christmas roast turkey dinner 🤔no option to swap for carrots! #disappointed #wherearetheoptions @801545 Sorry about that, what store did you visit &amp; when? Steven @801545 Thanks Lana. We're unable to swap any products in the cafe as we're trying to cut down on food waste. I hope this helps. Mariya @sainsburys That I have no problem with at all...but why cauliflower cheese with turkey Christmas dinner instead of carrots/parsnips/peas! @801545 I understand your frustration. I've fed this back with the cafe manager for internal review. Mariya",The customer asks why there is cauliflower cheese with turkey Christmas dinner instead of carrots/parsnips/peas. The agent asks which store did the customer visited and says that they are unable to swap any products in the cafe as they are trying to cut down on food waste and adds that they have fed that back with the cafe manager for internal review.,0 days 20:06:21
0bea777fa875f7ce73b45d55840ac4e5,"[2590260, 2590264, 2590266]","{2590260: Timestamp('2017-10-30 19:56:23+0000', tz='UTC'), 2590264: Timestamp('2017-10-30 20:07:03+0000', tz='UTC'), 2590266: Timestamp('2017-10-30 20:08:38+0000', tz='UTC')}","@VirginTrains Can you please tell me what time the first train for laton buzzard to London morro @130560 03:30 with LM, and 06:26 with us ^MW @130560 There's isn't as long as you can carry it yourself, Alex ^MW",Customer is enquiring about train timings and weight limit on his luggage. Agents informs that there is no weight limit on his lugguge unless its been  carried by himself.,0 days 00:12:15
7fc37ff0e8cca291aabe3ef385bbaa30,"[2582354, 2582355, 2582357, 2582357, 2582364]","{2582354: Timestamp('2017-11-16 22:26:59+0000', tz='UTC'), 2582355: Timestamp('2017-11-16 22:17:02+0000', tz='UTC'), 2582357: Timestamp('2017-11-17 19:30:30+0000', tz='UTC'), 2582364: Timestamp('2017-11-16 22:20:16+0000', tz='UTC')}","@AdobeCare Hi my team are also having issues. I'm on OS High Sierra, they are on Sierra 10.12.6 - exporting PDFs results in duplicate pages &amp; some outlines text not embedding @AdobeCare Thanks, though they haven't helped so far. Please just fix the bugs and update the software @118045 Hi there! Could you please confirm the application you are using to export pdf? ^SS @118045 Hi Cass, can you check for any updates for Illustrator in your CC Desktop App? A small patch was released that resolved some of these PDF issues. ^Wren",Customer is saying that while exporting PDFs results in duplicate pages. Agent asked the customer to check CC desktop app.,0 days 21:13:28
a4be3df8486499f098c0b14a6ea70756,"[1082298, 1082302, 1082303]","{1082298: Timestamp('2017-11-26 13:50:01+0000', tz='UTC'), 1082302: Timestamp('2017-11-25 11:15:31+0000', tz='UTC'), 1082303: Timestamp('2017-11-25 11:04:47+0000', tz='UTC')}","@1936 @idea_cares @116329 @117128 
Guys.....this is it...don't have any more patience....@idea_cares you just suck.....you have no apathy towards a customer and his problem, @375301 Sorry for the trouble caused. We request you to please share your Idea number with alternate contact number, and elaborate your exact concern so that we can help you in the issue.

Regards,
Jyoti. @375301 As checked your services are temporarily disconnected because you had some outstanding to clear for previous operator. If paid, please visit nearest Idea store (https://t.co/8zOlIm1iD0) along with receipt for further activation.  

Regards,
Pradnya",The customer is complaining that his network was deactivated. The agent asked to visit the nearest idea store for further assistance.,1 days 02:45:14
a94435f2ca27f0aeb1df0648a9fbe082,"[2771606, 2771608, 2771610, 2771610]","{2771606: Timestamp('2017-11-21 19:58:13+0000', tz='UTC'), 2771608: Timestamp('2017-11-21 20:02:10+0000', tz='UTC'), 2771610: Timestamp('2017-11-21 20:41:01+0000', tz='UTC')}","@Ask_WellsFargo 5 days ago it showed no pending transaction and seemed like I had enough balance so I paid my credit card then next day my balance turned into -175. That was my first overdraft I do admit it was my fault. I am not good at tracking my balance at all. Bt it happened again yesterday @Ask_WellsFargo I paid off and I didn't spend any money after that and it was being no pending transaction everything is in post transaction for days and last night I was -34 again! Then I found out it's one transaction which was in post transaction for days and it made me overdraft again. @774741 Let me research your fee concern further, Jialing. In a DM, please provide me your full name, phone number, and address (no account numbers). ^TL https://t.co/q1oBDuYAdh","Customer is complaining about false debits from his credit card. Agent requests for the name, phone number and address for further assistance.",0 days 00:42:48
8973d5fcce063d649f0a5d7739707111,"[209155, 209159, 209161, 209162]","{209155: Timestamp('2017-10-05 13:53:00+0000', tz='UTC'), 209159: Timestamp('2017-10-04 19:53:47+0000', tz='UTC'), 209161: Timestamp('2017-10-04 19:21:01+0000', tz='UTC'), 209162: Timestamp('2017-10-04 18:55:39+0000', tz='UTC')}","@AsurionCares Sure, I tried filing a claim on your website, but the company refuses to send me a phone to my address in LA where I am currently living. @165513 Have you tried filing your claim using a different web browser? Does the address include a PO box? ^AW @AsurionCares That's not the issue. I sent in the required affidavit and ID picture, but my ID is expired and I don't have any other since my wallet was @165513 We'll be glad to discuss the policy with you further. Please provide us with the best contact number to reach you. ^AW",The customer says he tried filing a claim on the website but the company refuses to send the phone to his address. The agent asks whether he has tried filing the claim using different browser and asks to provide the contact number.,0 days 18:57:21
a8be703b35b0d7f66b719d147e01513b,"[1946492, 1946494, 1946495, 1946699]","{1946492: Timestamp('2017-10-30 11:53:21+0000', tz='UTC'), 1946494: Timestamp('2017-10-30 11:50:53+0000', tz='UTC'), 1946495: Timestamp('2017-10-30 12:12:55+0000', tz='UTC'), 1946699: Timestamp('2017-10-30 12:52:12+0000', tz='UTC')}",@AmericanAir what a fail on the disclosures for your new Basic Economy. You created one pissed off customer today with your lies. #FAA #FTC @578459 There are several prompts of the restrictions which come with Basic Economy when booking through our site. https://t.co/MKvFFVWJdz @AmericanAir 20+ year internet marketing career. Please don't disrespect me. AA buried disclosure to rob people. Got notices with boarding pass today. @578459 We're unable to authorize or refund any credit to your account. Basic Economy fare checked bags are non-refundable.,The customer was asking that why he has been charged for bags. The agent responded saying thatbasic economy fare checked bgs are non refundable.,0 days 01:01:19
d3af0936afcc8dec65aa5cb3956098fe,"[1504767, 1504768, 1504769, 1504771, 1504772, 1515927, 1515928, 1515929, 1515930]","{1504767: Timestamp('2017-11-03 15:42:54+0000', tz='UTC'), 1504768: Timestamp('2017-11-03 15:59:26+0000', tz='UTC'), 1504769: Timestamp('2017-11-03 15:36:04+0000', tz='UTC'), 1504771: Timestamp('2017-11-03 15:26:48+0000', tz='UTC'), 1504772: Timestamp('2017-11-03 15:46:22+0000', tz='UTC'), 1515927: Timestamp('2017-11-03 17:31:26+0000', tz='UTC'), 1515928: Timestamp('2017-11-03 22:36:25+0000', tz='UTC'), 1515929: Timestamp('2017-11-03 23:27:51+0000', tz='UTC'), 1515930: Timestamp('2017-11-03 17:30:32+0000', tz='UTC')}","@NikeSupport -Loyal customer for years but c’mon Nike, 2 months and the air bubble has popped! Not Cool. https://t.co/CnCUFjD1eX @NikeSupport Thanks for the quick reply! If memory serves me correct, I️ believe Dicks Sporting Goods, Sangertown Mall in New Hartford, NY. @469249 Thanks for the info, Mario. Have you spoken to the original retailer regarding this directly? @NikeSupport I️ have not. I️ threw the box away, along with the receipt. @NikeSupport I️ have not. No longer have the receipt or box. @469249 As a starting point, we always recommend contacting the original retailer to discuss possible return/exchange options. (1/2) @469249 (2/2) In the event they're unable to help, you have the option of filing a claim through us. Details: https://t.co/Gbb2K3jz9B @NikeSupport Thanks to @NikeSupport and @7655 for swapping out damaged item for a new one. Great customer service! @469249 Glad to hear, Mario. We're always just a tweet away.",Customer is complaining about the damage shoes. Agent suggested to contact original retailer for return/exchange policy and also states that they can opt the option of filling claim.,0 days 08:01:03
2165ced383827bc306922ff99a225460,"[1048512, 1048519]","{1048512: Timestamp('2017-10-23 04:04:51+0000', tz='UTC'), 1048519: Timestamp('2017-10-25 09:41:04+0000', tz='UTC')}","@sainsburys Last visit Sat. Again #NAS #CreamSoda in desperately short supply. Not having much satisfaction at Torquay. JIT ordering not good there. @222357 This has been fed back for internal review. As I advised, all products are subject to availability. We'll monitor any feedback we get. Danny",The customer is complaining that creamsoda in desperately short supply and not satisified. The agent advised all the products are subject to availability.,2 days 05:36:13
8ee237b1d3a0a29a82cb5de73dd29c22,"[2212838, 2212840, 2212841, 2212842, 2212845]","{2212838: Timestamp('2017-11-26 14:13:02+0000', tz='UTC'), 2212840: Timestamp('2017-11-26 05:50:57+0000', tz='UTC'), 2212841: Timestamp('2017-11-26 14:55:49+0000', tz='UTC'), 2212842: Timestamp('2017-11-26 14:57:20+0000', tz='UTC'), 2212845: Timestamp('2017-11-26 15:16:24+0000', tz='UTC')}",I wish @127718 would hurry up and get my phone shipped to me. 💔 @646707 When did you order your phone Brandy? ^AS @646707 Has your card been charged yet? You'll know your phone has shipped when your card is charged. ^AS @USCellularCares We bought it in the store on an installment plan. Paid the taxes on it that day. Have yet to see it.. ☹️ @646707 If you talked to the store then I know they will call you once the phone is available. I apologize it's taking so long. ^AS,The customer says he has ordered a phone in an instalment and paid all the taxes but still he has not yet received the phone. The agent asks when did the customer ordered the phone and says that customer will know that the phone is shipped when the card is charged.,0 days 09:25:27
d30ba2cdee8b4a84733c4049e187f525,"[86547, 86556]","{86547: Timestamp('2017-11-30 14:13:27+0000', tz='UTC'), 86556: Timestamp('2017-11-30 00:55:00+0000', tz='UTC')}","@AmericanAir Do you have a plan to notify passengers well in advance of pilot related cancellations or just wait til the day before?  Will you protect passengers on other airlines if flights are cancelled b/c of pilot shortages? @134911 As of now, flights are scheduled and we expect to avoid cancellations.",The customer is complaining that what will you do if there are no enough pilots to fly. The agent answered that as of now flights are scheduled and they have avoiding cancellations.,0 days 13:18:27
d98b8a0c1105c505fcfad1ae9a2c7efe,"[50742, 50743, 50744, 50746, 50747, 50747]","{50742: Timestamp('2017-11-03 18:02:16+0000', tz='UTC'), 50743: Timestamp('2017-11-01 18:02:00+0000', tz='UTC'), 50744: Timestamp('2016-02-17 11:56:19+0000', tz='UTC'), 50746: Timestamp('2015-12-11 04:01:35+0000', tz='UTC'), 50747: Timestamp('2015-12-11 03:32:01+0000', tz='UTC')}","@116331 worst network has provided by idea in our area. Complaining you from last 3years. No improvement. Faltu Faltu. @127383 we understand &amp; regret the network trouble that you are facing. Please message us your contact details for investigation. @127383 has been discussed and addressed. For further assistance, kindly contact our Idea customer care helpline. 2/2 @127383 Sorry for trouble. Request you to specify your exact concern, so that we can assist you better. Regards, Vicky @127383 We're awaiting for your response to resolve ur issue. Pls provide the same within next 24 hrs. Rgds, Idea Care","Customer is complaining  about the idea network which is worst in their area from last 3 days. Agent says to specify your exact concern, so that  can assist better.",693 days 14:30:15
c6722f1f7810676c3b519882efff5a34,"[800908, 800909, 800910, 800914, 800915]","{800908: Timestamp('2017-10-12 15:16:00+0000', tz='UTC'), 800909: Timestamp('2017-10-12 15:06:27+0000', tz='UTC'), 800910: Timestamp('2017-10-12 14:54:01+0000', tz='UTC'), 800914: Timestamp('2017-10-12 12:11:00+0000', tz='UTC'), 800915: Timestamp('2017-10-12 09:51:21+0000', tz='UTC')}","@116076 I was charged twice for the same order, once on the mobile app and once with the delivery (the store said they will refund). :( @310853 Our apology! Please DM with your email address so we can look into this. Thank you. @310853 We're not showing an order with this email address.  Can you please DM us with the store details and your order number? @AskPapaJohns Here is the order number 👆🏻 @310853 We've forwarded your concerns to our contact for Qatar, Radwa.",Customer is complaining about charging twice for the same order. Agent updated the customer to DM them with store details and order number and also inform that they will forwarded to concerns team.,0 days 05:24:39
1a38a917b9497d456ffe9288ca95df59,"[799386, 799386, 799389, 799391, 799392, 799393, 799394]","{799386: Timestamp('2017-10-16 16:31:31+0000', tz='UTC'), 799389: Timestamp('2017-10-16 16:21:31+0000', tz='UTC'), 799391: Timestamp('2017-10-16 16:05:44+0000', tz='UTC'), 799392: Timestamp('2017-10-16 16:09:21+0000', tz='UTC'), 799393: Timestamp('2017-10-16 16:00:45+0000', tz='UTC'), 799394: Timestamp('2017-10-16 15:57:22+0000', tz='UTC')}","@AppleSupport since updating to #iOS11 on my #ipadpro some app icons are gone
See examples attached. Do you‘ve any idea how to fix this? https://t.co/ZwxixTP5kk @310544 We'd be happy to help out with this. What version of iOS 11 do you have? Do you see any app updates in the App Store? @AppleSupport Thx
All apps are up-to-date, I‘m running 11.0.3
e.g. the @297246 has an icon in the App Store, but not on my iPad @AppleSupport @297246 I don‘t encounter this problem on my #iPhone running #iOS 11.0.3 as well @AppleSupport No, unfortunately not. During the installation process the icon is visible for a short time, but afterwards the same resolut @310544 Thanks for that info. Do you have these apps on another device like an iPhone or regular iPad? DM us and we'll continue there. https://t.co/GDrqU22YpT",Here Customer complained that after updating all the apps ios is not working properly so  he is asking how to fix it. Here agent ask to  update   all app available on device hence it wont resolve the issue so agent ask customer to message him on app after that he can look after to resolve the actual issue.,0 days 00:34:09
3173a35d75b8357f4219e996bfe73770,"[1237635, 1237641, 1237644, 1237645]","{1237635: Timestamp('2017-10-26 02:23:00+0000', tz='UTC'), 1237641: Timestamp('2017-10-26 02:54:27+0000', tz='UTC'), 1237644: Timestamp('2017-10-26 02:08:24+0000', tz='UTC'), 1237645: Timestamp('2017-10-26 02:01:59+0000', tz='UTC')}","@AppleSupport any help for an alarm that goes off every day on Watch 3 but isn’t listed in the alarms?? @AppleSupport I have opened up alarms and there are none listed. I have asked Siri to clear all alarms and she says there are none. @142447 Okay, thanks. Those are great steps. Let's try restarting both devices to test. @142447 Great! Please DM us with the results of the restart. https://t.co/GDrqU22YpT",The customer is seeking help for an alarm that goes off every day on Watch 3 and he says that isn't listed in the alarms and he asked siri to clear out all the alarms but she says there are none. The agent asks to restart both the phone and the watch and asks to DM the results of the restart.,0 days 00:52:28
75f1069726ba6307856f356c3517a7be,"[1821127, 1821131, 1821132, 1821133]","{1821127: Timestamp('2017-10-18 03:43:40+0000', tz='UTC'), 1821131: Timestamp('2017-10-18 03:46:28+0000', tz='UTC'), 1821132: Timestamp('2017-10-18 03:48:55+0000', tz='UTC'), 1821133: Timestamp('2017-10-18 03:52:28+0000', tz='UTC')}",@VerizonSupport Ight look so my moms left our account and it’s just me on there. She didn’t make me an account owner tho so I can see my bill detail @546729 We would need to get the account moved over into your name to be able to do that inless you have the log in info from your mother. ^RMD @VerizonSupport I do not. I do have the last four to her SSN if that’ll help? I know I needed that when I went into a Verizon store before. Lol @546729 Let's discuss this in further detail. Please follow and DM us at your convenience. ^DDD,Customer is requesting for assistance in accessing his moms account. Agent state that it could be done if the account gets moved to customer's name or by having log in info from his mother.,0 days 00:08:48
45d8683c1f2ab93d073e5bf19e268cd7,"[212747, 212748, 212752, 212754, 212755]","{212747: Timestamp('2017-09-28 06:32:03+0000', tz='UTC'), 212748: Timestamp('2017-09-28 06:28:03+0000', tz='UTC'), 212752: Timestamp('2017-09-28 03:16:49+0000', tz='UTC'), 212754: Timestamp('2017-09-28 03:09:28+0000', tz='UTC'), 212755: Timestamp('2017-09-28 03:03:44+0000', tz='UTC')}","@mediatemplehelp yo, Im trying to subscribe to your managed WordPress plan but the load just won't finish😂 https://t.co/TaqQvcMqux @166480 I am sorry to hear you are having trouble. What is the domain name used to open service? @166480 Thank you, we will take a look and attempt to get the order processed. @mediatemplehelp Hi seems my order processed twice (different order#no) please cancel one of them because its the same @166480 Hello!  We'd be happy to remove the additional order.  Please contact our support so that we can assist further.",The customer says that he is trying to subscribe to WordPress plan but the load isn't getting finished and adds that his order processed twice with different order numbers and requests cancel one of them. The agent asks for the domain name used to open service and informs that they will take a look and attempt to place the order and adds that they will remove the additional order.,0 days 03:28:19
030babcfd6bc66da743c900cf0cdcb8f,"[1874175, 1874177, 1874178, 1874179, 1874180]","{1874175: Timestamp('2017-10-20 09:29:55+0000', tz='UTC'), 1874177: Timestamp('2017-10-20 08:41:15+0000', tz='UTC'), 1874178: Timestamp('2017-10-20 08:23:49+0000', tz='UTC'), 1874179: Timestamp('2017-10-20 06:13:21+0000', tz='UTC'), 1874180: Timestamp('2017-10-20 06:10:46+0000', tz='UTC')}","@SpotifyCares When I clicked on one of my music .. the description says it otherwise https://t.co/1FvN4YKrSe @559512 Thanks for the info. Can you let us know the device/OS and Spotify version you're using? /NY @SpotifyCares I'm using iOS 10.2 and my Spotify version is 8.4.22.515 @559512 Cool! Just to check, does logging out of Spotify, restarting your device, and logging back in help at all? Keep us posted /NY @559512 We'd suggest a reinstall, but it would remove your downloads. If you're cool with this, the steps are here: https://t.co/EqisDMwZAT /NY",Customer is unable to play music in spotify  music app. Agent ask customer to logout from app and restart the phone and login back again.,0 days 03:19:09
a1c2bbca96a716639569072c50c0caa3,"[815425, 815428, 815431]","{815425: Timestamp('2017-11-05 13:02:38+0000', tz='UTC'), 815428: Timestamp('2017-11-05 16:04:23+0000', tz='UTC'), 815431: Timestamp('2017-11-05 12:55:04+0000', tz='UTC')}","Asked @Delta staff at @122122 TWICE if I could upgrade my seat and both employees told me I had to make changes at the opposite spot. @Delta @122122 To clarify - there are comfort seats available, but because an employee gave me false info, I’m not allowed to pay for an empty seat. @314187 Wow, that's not good to hear. You may wish to reach out to our wifi partners @116462 regarding the trouble you are having. *HKC",The customer is complaining that he was unable to upgrade or change his seat even after paying the amount of $34. The agent confronted the customer saying that they will inform the wifi partners regarding the trouble that he was facing.,0 days 03:09:19
6295f851516fc3fa640c24dc5acdc4bd,"[87314, 87315, 2979082, 2979084]","{87314: Timestamp('2017-11-30 03:36:30+0000', tz='UTC'), 87315: Timestamp('2017-11-30 03:48:52+0000', tz='UTC'), 2979082: Timestamp('2017-11-30 06:23:27+0000', tz='UTC'), 2979084: Timestamp('2017-11-30 07:25:31+0000', tz='UTC')}","@116331 @idea_cares @116590 @116588 
Call dialer +918888282908, has tried my number multiple times but call was never connected. #poorservices #worstnetwork 
Proof for reference. https://t.co/eXtgIGEkHJ @135115 Sorry for trouble caused to you, we want to inform you that there was some temporary issue was going now it has been resolved. Request you to observe for some time.

Regards,
Neha L @135115 Dear Hiren,

As checked complaint was raised regarding network issue but as it was only a temporary issue it has been resolved,please let us know the concern you facing know so that we can assist you further.

Regards,
Amruta https://t.co/LBfZgLCSfr @135115 Sorry but it was some temporary issue, please observe the network for 7 days and if still the issue continues write us back.

Regards,
Yogita",Customer is complaining about call that has been not connected after calling many time. Agent informed the customer that the complaint was raised regarding network issue  but it has been resolved and informed that if any other concern they will assist for further.,0 days 03:49:01
79e01c1107be847877759b6ba9c77979,"[1428458, 1428463, 1428464, 1428465]","{1428458: Timestamp('2017-11-02 05:52:59+0000', tz='UTC'), 1428463: Timestamp('2017-10-29 06:42:58+0000', tz='UTC'), 1428464: Timestamp('2017-10-29 06:50:51+0000', tz='UTC'), 1428465: Timestamp('2017-10-29 06:50:27+0000', tz='UTC')}","@AirAsiaSupport @115798 hello Air asia please process my case number 00197387 &amp; 00197126 immediately. Thanks @451804 and there is an internal issue which is causing the long delay. The team is doing their best  &gt;&gt;&gt; @451804 we've forwarded the case again to process https://t.co/m6Hq20bgbp will be updated as soon as possible once it's processed and completed.&gt; @451804 Hi there, appreciate can check your inbox. We have assisted you via DM. Thanks-Sha","Customer is requested to process his case number is 00197387. Agent informed that they having some internal issue which is causing delay and  updated that they will informed once the case is processed and completed, Finally inform the customer that they will assist via DM.",3 days 23:10:01
f3048827d338233c08d182cef6f2ea9f,"[1998193, 1998196, 1998198, 1998203, 1998205]","{1998193: Timestamp('2017-11-20 22:28:13+0000', tz='UTC'), 1998196: Timestamp('2017-11-21 15:51:10+0000', tz='UTC'), 1998198: Timestamp('2017-11-20 22:07:21+0000', tz='UTC'), 1998203: Timestamp('2017-11-13 21:46:03+0000', tz='UTC'), 1998205: Timestamp('2017-11-13 21:17:40+0000', tz='UTC')}","@AskSeagate Hi! My Samsung M3 portable hard drive is recognised in Disk Management on my Windows 10 laptop but it's not showing up in Windows Explorer for me to access the files and back up to. Any ideas please on what to do?! Thanks in advance. @590826 It may be helpful to see how the drive is partitioned in Disk Management. Please share a screenshot of this. Did the drive previously work on this Windows 10 laptop? Any recent software updates? No secret zone set up for the M3 drive? @590826 Did you ever set up a password protected ""Secret Zone"" using the software that came with your M3? The drive should disappear from Disk Management if the drive is not installed on a USB port. Does Disk 1 show even after a reboot when the M3 drive is not installed? Let us know, @590826 Can you initialize the drive by right clicking within the box that indicates the drive is not initialized? If disk cannot be initialized, you can try Diskpart but be careful using this to make sure the correct disk is chosen https://t.co/pxR0XO0m5H Both answers will erase data @590826 Given your description, if the drive will not initialize no matter what computer/port is tried, and diskpart also does not work, then the drive may be nonfunctional. Check your warranty/return options here https://t.co/qQjhlOwgu1",Customer is complaining about the corrupted external hard disk. Agent states that the drive may be nonfunctional.,7 days 18:33:30
a9d1d288b3b56ff96af34c88a43232da,"[1400554, 1400555, 1400559, 1400559, 1400560]","{1400554: Timestamp('2017-11-25 22:48:00+0000', tz='UTC'), 1400555: Timestamp('2017-11-25 23:00:31+0000', tz='UTC'), 1400559: Timestamp('2017-11-25 21:54:00+0000', tz='UTC'), 1400560: Timestamp('2017-11-25 21:47:27+0000', tz='UTC')}","@AppleSupport My Animoji‘s are being sent as pictures! How do I fix! @445647 If you're running into issues with the Animoji's on your iPhone X, we'd like to help you out. Do you see the Animoji recording before sending your message? Also, please let us know which version of the iOS software you currently have installed. https://t.co/GDrqU22YpT @445647  Are you sending the Animoji as a sticker or in its normal form? Send us a DM. https://t.co/GDrqU22YpT @AppleSupport It is now working. I don’t know why it stopped and sent as sticker and then began to work again.","The customer is saying that Animoji's are being sent as pictures from his phone and says its resolved after some time. The agents asks whether Animojis are recording before sending the messages, what version of iOS is installed and asks to DM.",0 days 01:13:04
7d886bc49669c54e0db88ba9c3bbe2a1,"[1303385, 1303387, 1303389, 1303391, 1303392]","{1303385: Timestamp('2017-10-16 09:54:43+0000', tz='UTC'), 1303387: Timestamp('2017-10-16 09:51:33+0000', tz='UTC'), 1303389: Timestamp('2017-10-16 10:01:38+0000', tz='UTC'), 1303391: Timestamp('2017-10-16 10:18:52+0000', tz='UTC'), 1303392: Timestamp('2017-10-16 12:04:38+0000', tz='UTC')}","@nationalrailenq ive just been told that scotrail wont take card payments with my 16-25 railcard on the train.. WTF????!?!?! @424578 Hi Lauren, which station did you board at please? @424578 Thank you, this station has both a ticket office and TVMs. You need to purchase your ticket before boarding a train 1/2 @424578 Were you able to purchase a ticket on the train without your railcard please? @nationalrailenq This morning yes, as the ticket person was nice enough to allow it w/ my railcard but advised me of the changes to card payments etc.",Customer having an issue with card payment with 16-25 railcard on the  train. Agent asked for the station name and updated that in that station has both ticket office and TVMs. Finally check with customer whether he is able to purchase a ticket without railcard.,0 days 02:13:05
10f399272130e851cbf3f4eb93e0ffa1,"[1624160, 1624162, 1624163, 1624165, 1624166]","{1624160: Timestamp('2017-11-05 17:46:20+0000', tz='UTC'), 1624162: Timestamp('2017-11-03 04:20:40+0000', tz='UTC'), 1624163: Timestamp('2017-11-07 23:15:58+0000', tz='UTC'), 1624165: Timestamp('2017-11-07 23:54:52+0000', tz='UTC'), 1624166: Timestamp('2017-11-08 00:10:41+0000', tz='UTC')}","@hulu_support is there a way to find a TV guide to find whats on? @162125 Hey, Ryan! We hear you, and we're working on it. Be sure to check out the latest update here: https://t.co/vIaXcS3oNC. @162125 No news regarding CW with our on-demand plans, but select CW content is available now with our Live TV add-on! @162125 The CW isn't available as a live channel yet, but we're working on adding it. We'll let our team know you can't wait! @hulu_support But will you be able to record because YouTube tv have it but can’t record?",Customer is asking that is there a way to find a tv guide to find whats on. Agent updated that new episodes are made available day after air for live TV subscribes.,4 days 19:50:01
979d92b3540a61d5a829cc965ea08126,"[2688884, 2688885, 2688886, 2688887, 2688890]","{2688884: Timestamp('2017-11-26 22:05:58+0000', tz='UTC'), 2688885: Timestamp('2017-11-26 23:01:40+0000', tz='UTC'), 2688886: Timestamp('2017-11-26 21:54:01+0000', tz='UTC'), 2688887: Timestamp('2017-11-26 23:03:41+0000', tz='UTC'), 2688890: Timestamp('2017-11-26 23:18:50+0000', tz='UTC')}","@azuresupport #azTechHelp how do I change GRS replication to LRS? @756012 Here is some documentation that should help with this: https://t.co/EZJMmre6uM ^PB @AzureSupport Thanks. How do I make the same change but I have already stored a lot of data? The option to change is grated out @756012 If you could post here: https://t.co/P9NTd3gApd and send us a link to the post, we can have an engineer on that team assist.  ^PB @756012 Thank you! We have alerted the team and they should respond to your post shortly.  ^PB",Customer is complaining that how to change GRS replication to LRS. Agent updated that they have alerted the team and they will respond.,0 days 01:24:49
06278a8f4ccf40410ebbf57fe77e1937,"[2108330, 2108338, 2108339, 2108339, 2108342]","{2108330: Timestamp('2017-11-08 02:51:09+0000', tz='UTC'), 2108338: Timestamp('2017-11-08 03:19:58+0000', tz='UTC'), 2108339: Timestamp('2017-11-08 03:11:59+0000', tz='UTC'), 2108342: Timestamp('2017-11-08 03:02:51+0000', tz='UTC')}","@AmericanAir I hope you are planning to hold flight to LGA for a bunch of us stuck on DC tarmac in aa5573 @622069 You still have a shot of making the flight. It just got delayed for 10 mins but you'll need to hurry and get there ASAP! @AmericanAir I hope AA really steps up if this gets hosed up.  I’m standing next to 5 other people waiting for the shuttle to get to the gate for the same LGA flight @622069 Our team is aware you're on your way. Although we can't make any promises, they'll do all they can to assist.",Customer is complaining that they are planning to hold flight to LGA for a bunch of them stuck on DC tarmac in aa5573. Agent updated although they can't make any promises they'll do all they can to assist.,0 days 00:28:49
ec524b0632d08d0c75c1631827ccfa2b,"[1200136, 1200138]","{1200136: Timestamp('2017-10-16 03:38:28+0000', tz='UTC'), 1200138: Timestamp('2017-10-16 03:21:38+0000', tz='UTC')}",@VerizonSupport my fios ONT box has red ‘fail’ and ‘vid’ lights on. Battery power is fine. Unplugged red and black wires and didn’t help. @401982 Press and hold the Alarm Silence or reset button for 15 seconds. Give it 5 min and then check to see if your service comes back on. ^FEM,The customer is complaining that ont box has red with lights on. The agent asked to hold the alarm silence for or reset button for 15 seconds.,0 days 00:16:50
3d83667dbfcf56fedbe0c2309120de32,"[545622, 545623, 545625, 545628]","{545622: Timestamp('2017-12-02 17:03:09+0000', tz='UTC'), 545623: Timestamp('2017-12-02 17:12:30+0000', tz='UTC'), 545625: Timestamp('2017-12-02 14:38:26+0000', tz='UTC'), 545628: Timestamp('2017-12-03 02:12:02+0000', tz='UTC')}","@British_Airways could you tell me if there is an alternative number to call aside from 0906 706 0010 we can’t get thru this number @244995 Please DM any reference you have, your full name, home and email address and the details of your query. ^Steph 2/2 @British_Airways Is there a way for you to check this record PE558R as currently we are being blocked to do online check-in we are experiencing this error - 
Access to this booking has now been prohibited due to too many unsuccessful attempts. @244995 Hi Lucho.  It was my pleasure to be able to help.  If you have any issues like this or regarding a booking.  To save yourself waiting on the telephone, contact us on Twitter as we're here 24/7 and always available to offer assistance. ^Neil","The customer is asking whether there is any way to check the record PE558R as currently they are being blocked to do online check-in, they are experiencing error like ""Access to this booking has now been prohibited due to too many unsuccessful attempts"". The agent asks to DM any reference, customer's full name, home and email address and the details of the query and asks to contact them on Twitter for further assistance.",0 days 11:33:36
52f8a5c76b3e621eb405b765bd7cc772,"[570271, 570273, 570274, 570277, 570278]","{570271: Timestamp('2017-12-03 03:22:04+0000', tz='UTC'), 570273: Timestamp('2017-12-03 02:03:25+0000', tz='UTC'), 570274: Timestamp('2017-12-03 04:18:12+0000', tz='UTC'), 570277: Timestamp('2017-12-03 05:45:30+0000', tz='UTC'), 570278: Timestamp('2017-12-03 06:01:12+0000', tz='UTC')}","@XboxSupport i am currently trying to download a game and it is getting ""installation stopped"" at 87 and 99 precent, i tried everything i could find online, what do i do please help!!!! @253870 Hi there! Is the game on disc or digital, are you using an external hard drive with the console, and is the console plugged into a power strip? ^JL @253870 Alrighty, let's unplug the power strip and plug the console directly into a wall outlet as the power strip can cause the console problems.  ^JL @XboxSupport my installation won't move up unless i'm watching it, what should i do now @253870 We would leave the console be until that finishes and let us know if it does not finish up by tomorrow.  ^JL",Customer is complaining that he is trying to download the game but its getting stop on 87 to 99 percent what to do. Agent updated that to leave the console be until that finishes and let us know if it does not finish up by tomorrow.,0 days 03:57:47
0b6dda8ad5ca629183f9233cd395d691,"[712593, 712596, 712600]","{712593: Timestamp('2017-10-10 22:19:01+0000', tz='UTC'), 712596: Timestamp('2017-10-10 22:33:09+0000', tz='UTC'), 712600: Timestamp('2017-10-10 21:53:28+0000', tz='UTC')}",When you have been waiting 3+ hours for a maintenance crew from another airport 🙄 @AmericanAir @290418 We'd like to check on an update for you. What's the flight number? @290418 Our latest is showing an estimated departure time of 7p. We also have a great link to keep an eye on it here: https://t.co/hSJ3SkyGEd,The customer is complaining that he has waiting from past 3 hours for a maintaince crew. The agent says that they will send updates to the customer.,0 days 00:39:41
cc5b0ed724126981d9019d33e1bdab2c,"[695989, 695996]","{695989: Timestamp('2017-10-05 22:29:51+0000', tz='UTC'), 695996: Timestamp('2017-10-05 22:12:12+0000', tz='UTC')}","@115913 I can’t get free Netflix due with my Tmobile one because my plan based on last year rate . That’s the tax being with Tmobile. 😓 https://t.co/Ia3rAGkTDy @175990 @115913 I was just able to send a DM your way, and I am still here to work for you. I look forward to hearing from you soon. *AlexGill",The customer is complaining that they can't get netflix due for me. The agent asked to continue conversation via dm.,0 days 00:17:39
b9f543264a3f63135d37e2b65eee99cb,"[2218931, 2218932, 2218933, 2218933, 2218935, 2218935, 2218937, 2218937, 2218938]","{2218931: Timestamp('2017-11-10 11:36:49+0000', tz='UTC'), 2218932: Timestamp('2017-11-10 22:23:19+0000', tz='UTC'), 2218933: Timestamp('2017-11-10 09:26:13+0000', tz='UTC'), 2218935: Timestamp('2017-11-11 10:46:24+0000', tz='UTC'), 2218937: Timestamp('2017-11-11 14:44:08+0000', tz='UTC'), 2218938: Timestamp('2017-11-11 15:11:28+0000', tz='UTC')}","@SpotifyCares not sure if iOS bug or specifically relating to the X but when I’m listening to music on Spotify and accept a call. The only way to get the musi to resume is to completely force close the app and reopen it @471615 Hey, help's here! Can you let us know the iOS and Spotify versions you're using? We'll see what we can suggest /GK @SpotifyCares iOS 11.2, Spotify version 8.4.25.906 @SpotifyCares No, I have to close the app each time I finish talking on a call in order for Spotify to give me the option to play/pause the music again. Otherwise it says it’s playing and the time goes on with no music playing and won’t let me pause it @SpotifyCares This doesn’t do anything. Just tried to replicate the fault on my girlfriends iPhone 5s and it works as it should. Has anyone at Spotify tried this on an 

iPhone X? Play music&gt;accept a call&gt;end call&gt;music should resume playing and allow you to pause it @471615 Can you DM us your account's username or email address? We'll check things backstage /MU https://t.co/ldFdZRiNAt",Customer complains that he is unable to answer the call and listen to listen at a time. Agent ask to DM username or email address for further assistance.,1 days 05:45:15
9eec592dcb9c8cb352365bb915cf4352,"[1946538, 1946540, 1946545, 1946545, 1946545]","{1946538: Timestamp('2017-10-30 11:59:07+0000', tz='UTC'), 1946540: Timestamp('2017-10-29 18:05:56+0000', tz='UTC'), 1946545: Timestamp('2017-10-30 11:59:02+0000', tz='UTC')}","help @HPSupport have computer problme @578469 Hi there, I'd be happy to help! What seems to be the issue? Could you elaborate more? Let me know :) 1/2 @578469 To better assist you, please click to send us a Private Message and I'll look into this. Thanks! ^Asmita 2/2 https://t.co/a2xkfCrUG1",Customer is asking help to hp support for having computer problems. Agent asking about issue and telling him to send a private message for better aasistance.,0 days 17:53:11
9fdc34315a8c5cf8ae1b0ab055e9bf10,"[2240612, 2240614, 2240618, 2240619]","{2240612: Timestamp('2017-11-10 16:02:00+0000', tz='UTC'), 2240614: Timestamp('2017-11-10 15:50:45+0000', tz='UTC'), 2240618: Timestamp('2017-11-10 15:49:00+0000', tz='UTC'), 2240619: Timestamp('2017-11-10 15:45:29+0000', tz='UTC')}","@AmazonHelp hi, placed order promised delivery today, told order 'stuck in fulfilment centre' can you just get it 'un-stuck' this isn't my fault. I'm sure you're sending other orders fine. @653274 we'd like to take a further look into this with you! Please reach out to us by phone or chat so we can better assist: https://t.co/JzP7hlA23B ^KJ @AmazonHelp Also, your supervisor was very rude, and didn't answer any of my questions. @653274 I am very sorry to hear that Dan, what did they advise you? Which steps have been taken in relation to your parcel? ^MA",The customer had placed an item and it about it deliver but unfortunately it stuck in fulfilment centre. The agent was asking the customer on which steps under does he gone through respective to his parcel.,0 days 00:16:31
d3ef03b820ad9dc2801f35f3ecdc7caa,"[1736491, 1736493, 1736499]","{1736491: Timestamp('2017-11-26 05:54:37+0000', tz='UTC'), 1736493: Timestamp('2017-11-25 21:10:40+0000', tz='UTC'), 1736499: Timestamp('2017-11-28 13:16:20+0000', tz='UTC')}","@tesco currently unable to checkout groceries :(
https://t.co/zi0ZQNXvjJ
Tried on Firefox &amp; Chrome, same problem @11525 Hi Ian, I'm afraid I'm not able to view the link. Can you advise what error messages you see when attempting to check out? Thanks - Emma @11525 Hi Ian, I'm glad you've managed to place your order, I'm sorry for the trouble that you've had when placing your order. For our IT team to investigate further can you please DM your full name and full address? TY - Kelly.","The customer says that he is unable to checkout groceries, tried on chrome and Firefox but facing same issue. The agent asks is there any error messages the customer gets while attempting to check out and asks to DM customer's full name and full address for their IT team to assist further issue.",2 days 16:05:40
dba981bf6580c8a31cf896c5c7d2ca16,"[2262939, 2262941, 2262942, 2262944]","{2262939: Timestamp('2017-11-10 09:39:00+0000', tz='UTC'), 2262941: Timestamp('2017-11-16 14:13:13+0000', tz='UTC'), 2262942: Timestamp('2017-11-16 14:27:56+0000', tz='UTC'), 2262944: Timestamp('2017-11-11 02:12:56+0000', tz='UTC')}","@AirAsiaSupport how do i go about purchasing cargo on the same flight coming back from bintulu @658805 You can make the following booking changes on ""Manage my Booking""
Log In to Account &gt; Manage My Booking &gt;&gt;&gt; @AirAsiaSupport I have not made any booking yet but wat is the cost per kg or how does it go about? @658805 Hi , The rates for our baggage allowance can be located here : https://t.co/jNMqRBUZdx . Thanks - Nod",Customer is inquiring about the cost for purchasing the cargo allowance. Agents suggests to go through an URL he shared to check the rate.,6 days 04:48:56
9bddb5f12816fcd9b15a2823d054064f,"[1350729, 1350731, 1350734, 1350736]","{1350729: Timestamp('2017-10-16 14:12:17+0000', tz='UTC'), 1350731: Timestamp('2017-10-16 08:17:11+0000', tz='UTC'), 1350734: Timestamp('2017-10-17 08:00:36+0000', tz='UTC'), 1350736: Timestamp('2017-10-16 07:33:48+0000', tz='UTC')}","@sainsburys any stats on how many people have required stitches after having to resort to using a knife to remove the tab from your 4 pint milk cartons? #fortknox @sainsburys I see my attempt at humour has failed! It is virtually impossible to remove the tab from your 4 pint containers of milk without resorting to using a sharp implement. A frail elderly person would have great difficulty. Shame on #sainsburys @434961 I do apologise Chris. Can you send us the photo of the barcode? Thanks, Gabby @434961 Thanks, if you DM us your Nectar card number using the link, we'll get this logged and pop on some points so you're not out of pocket. Faiza https://t.co/MdMtnTlX6H",Customer is saying that is it difficult o remove the tab from 4 pint containers of milk without using a sharp implement. Agent asked the customer to share the photo of barcode and DM the Nectar card number using the link.,1 days 00:26:48
87a2d7be9f6db33c0c4db59064d55b17,"[1681413, 1681415, 1681418, 1681419, 1681421]","{1681413: Timestamp('2017-11-06 16:11:47+0000', tz='UTC'), 1681415: Timestamp('2017-11-06 20:03:37+0000', tz='UTC'), 1681418: Timestamp('2017-11-06 16:05:58+0000', tz='UTC'), 1681419: Timestamp('2017-11-06 16:02:04+0000', tz='UTC'), 1681421: Timestamp('2017-11-06 15:56:49+0000', tz='UTC')}","@ArgosHelpers what's going on with the Xbox one x pre orders,had no confirmation about my dispatch @ArgosHelpers When will I get confirmation of dispatch? @450760 You should get an automatic notification once it has been dispatched. - David @450760 I do not have an exact time I'm afraid.  The item should be delivered on release tomorrow. - David @ArgosHelpers Ppl have been told they might not get them 2moz,Is this true?",Customer is asking help that with Xbox one x pre orders had no confirmation about the dispatch. Agent updated to DM them the order details.,0 days 04:06:48
478a42d3f2fe9e713fffbc0b3702cce5,"[888897, 888898, 888901, 888903, 888904]","{888897: Timestamp('2017-10-13 17:43:09+0000', tz='UTC'), 888898: Timestamp('2017-10-13 17:32:39+0000', tz='UTC'), 888901: Timestamp('2017-10-13 18:01:51+0000', tz='UTC'), 888903: Timestamp('2017-10-13 17:30:29+0000', tz='UTC'), 888904: Timestamp('2017-10-13 17:22:47+0000', tz='UTC')}","Why are @VirginTrains always delayed #nightmare @331039 Hi Emma, which service are you booked to travel on please? ^HP @VirginTrains 18:20 Warrington Bank Quay to London Euston. @VirginTrains Frustrating when the 18:39 train to London Euston comes in before the 18:22 though @331039 Hi Emma, a member of the team will get back to you asap ^HP",Customer complaints on dealy of train b/w  warring ton to london . Gent is suggesting customer check  with help of url link for the compensation.,0 days 00:39:04
e8bec483062394a09e081a5e4489fa73,"[1167658, 1167659, 1167661, 1167663, 1167664]","{1167658: Timestamp('2017-10-16 16:54:58+0000', tz='UTC'), 1167659: Timestamp('2017-10-15 10:35:24+0000', tz='UTC'), 1167661: Timestamp('2017-10-16 19:43:48+0000', tz='UTC'), 1167663: Timestamp('2017-10-17 09:01:34+0000', tz='UTC'), 1167664: Timestamp('2017-10-17 18:46:26+0000', tz='UTC')}","@115937 
It is the worst online deal ever @AskeBay You also can see 
there is no apologies in their msg for not entertainment of service https://t.co/unq1KsGO9O @AskeBay Just asking a question to u 
Would u like to purchase ever again if someone gives u this type of service ?
It's been 25 day and no refund @AskeBay Look they are supposed to answer in 1 min https://t.co/aenuEpOAtb @394647 We know waiting can be frustrating, we’d love to help! If you need help from our India site, try @2598 for help! ^LL",Customer complains about eBay services. Agent updated the customer to check the URL for further assistance.,2 days 08:11:02
8a90c4603e9618ca7cb05ea26ab9c46a,"[1023437, 1023438, 1023440, 1023442, 1023443]","{1023437: Timestamp('2017-10-14 16:35:42+0000', tz='UTC'), 1023438: Timestamp('2017-10-14 15:18:52+0000', tz='UTC'), 1023440: Timestamp('2017-10-14 21:27:33+0000', tz='UTC'), 1023442: Timestamp('2017-10-14 21:47:32+0000', tz='UTC'), 1023443: Timestamp('2017-10-14 21:51:06+0000', tz='UTC')}","@hulu_support live tv keeps freezing. My internet connection is fine, and I have zero problems streaming shows. How can I fix this? @hulu_support Watching on my laptop (Mac). Also, it cuts to commercial in the middle of a scene?? First day using live tv, hope this isn’t the norm? @hulu_support Tried all that, did not help. After reading stuff online it appears buffering is a known issue with your live service. @hulu_support Speed is 4x your requirements. Again, streaming regular Hulu is fine, it’s only the live TV that is a hot mess. Will just cancel after trial @329218 We definitely recommend reaching out to our team so we can take a closer look. What you're reporting should not be the case.",Customer is complaining that his internet connection is fine and they have zero problems streaming shows. Agent suggest that they will definitely recommend reaching out to their team so they can take a closer look.,0 days 06:32:14
a00211076eb4f52849a22dc196eddaa0,"[228431, 228432, 228435, 228437, 228438]","{228431: Timestamp('2017-11-15 13:38:30+0000', tz='UTC'), 228432: Timestamp('2017-11-15 04:21:07+0000', tz='UTC'), 228435: Timestamp('2017-11-14 15:22:01+0000', tz='UTC'), 228437: Timestamp('2017-11-13 15:50:00+0000', tz='UTC'), 228438: Timestamp('2017-11-13 13:27:37+0000', tz='UTC')}","@AppleSupport Why is my brand new 13 inch MBP draining 50% battery overnight while its supposed to be sleeping? Never had this problem with a Mac. Just got it a few days ago. Is this a High Sierra issue??? @170451 We know how important battery life is so we'll do all we can to get to the bottom of what's going on there. Which version of High Sierra are you currently running? Also, are you using the original charging cables that came with your MacBook Pro? @170451 Thanks for verifying. Was your MacBook very recently updated? Is it set to back up automatically using Time Machine? We'd like to share this guide that has information about Power Nap, a feature that can update data while your Mac sleeps: https://t.co/C4p1hZxtxX @AppleSupport Set up as new, enabled Filevault at Setup, I've restarted since setting up. I left it at 100% at 8 AM, this morning, came back to it at 11PM at 46%. @170451 Thanks for the detailed information. We're committed to helping sort this out, so please send us a DM to continue from here. https://t.co/GDrqU22YpT",Customer is complaining about drained battery when his MacBook pro was on sleep. Agent is requesting for the detailed information for resolving the issue.,2 days 00:10:53
93e3fff256076121f197853f0a8c6f58,"[2661678, 2661678, 2661682, 2661686, 2661686]","{2661678: Timestamp('2017-11-18 10:45:56+0000', tz='UTC'), 2661682: Timestamp('2017-11-18 09:09:41+0000', tz='UTC'), 2661686: Timestamp('2017-11-18 08:10:48+0000', tz='UTC')}",@NortonSupport My Norton VPN will not connect. Also when I click on a send button on Twitter the send button changes to black and flashes on and off as if somebody is blocking it. @738087 Sorry you are having trouble with your Norton VPN app. Have you tried restarting your computer? Could you try a different location and check? -Harini @738087 DM is the direct messaging feature in Twitter. Please click on this link here to send us a message. -Harini https://t.co/K1tHrA9w85,Customer is having an issue with Norton VPN app. Agent informed to check with different location and asked to DM for further assist.,0 days 02:35:08
d5fc0bf418d6ddcd72f3269a4f5f18a0,"[655880, 655883, 655883, 655884, 655884]","{655880: Timestamp('2017-11-22 22:33:11+0000', tz='UTC'), 655883: Timestamp('2017-11-22 22:27:23+0000', tz='UTC'), 655884: Timestamp('2017-11-22 22:24:59+0000', tz='UTC')}",@AskLyft I do have a question.  I went to urgent care and have a copy of the police report.  Who do I send the medical records to? @276026 This is something we will need to partner with our Support Team to take a closer look into. Please reach out to our Support Team at https://t.co/mSGO64yDdd for further assistance. Once you do this please let us know so we can escalate it for you. @276026 Could you send us a DM with the email address you used? https://t.co/SXpdictw1A,Customer is having an issue to send a medical records. Agent updated that there support team will look into this issue and asked the customer to DM with email address.,0 days 00:08:12
22c870e1cf8cd1827b86c822043fbdd2,"[1215090, 1215091, 1215092, 1215096, 1215097]","{1215090: Timestamp('2017-10-25 16:53:15+0000', tz='UTC'), 1215091: Timestamp('2017-10-25 16:57:10+0000', tz='UTC'), 1215092: Timestamp('2017-10-25 16:47:27+0000', tz='UTC'), 1215096: Timestamp('2017-10-25 16:29:07+0000', tz='UTC'), 1215097: Timestamp('2017-10-25 16:25:26+0000', tz='UTC')}","@nationalrailenq I am delayed at Preston but I need to catch my conection at Crewe. Help me ASAP @350382 Hi there, if you do miss your connection, speak to station staff and they should validate your ticket for the next service. @nationalrailenq 14.58 from haymarket to Berkhamsted. Stuck in Preston. @350382 I'm afraid this service is being held due to a person being hit by a train at Harrow &amp; Wealdstone. @nationalrailenq What happens when i get to Crewe cos obviously all the trains are messed up now, what happens now with my paid seat ?",Customer is asking for the help that he is delayed at Preston but he need to catch his connection at crewe. Agent updated that to claim for the delay by visiting the train operators website.,0 days 00:31:44
ca875aac704420d23312251b50948195,"[1776730, 1776732, 1776734, 1776735, 1776737]","{1776730: Timestamp('2017-10-17 22:52:29+0000', tz='UTC'), 1776732: Timestamp('2017-10-17 22:48:49+0000', tz='UTC'), 1776734: Timestamp('2017-10-18 22:26:01+0000', tz='UTC'), 1776735: Timestamp('2017-10-18 22:32:25+0000', tz='UTC'), 1776737: Timestamp('2017-10-18 22:50:59+0000', tz='UTC')}","@115888 what's the deal with the weak random in playlists? Keeps playing the same band consecutively - this has been happening forever now! @533903 Hey! We’ve made some improvements to our shuffle algorithm. We’d love to hear your feedback here: https://t.co/T3vZnSL3od /RI @SpotifyCares I try to shuffle in playlist and it really doesn't play randomly, plays the same artist almost continuously. Don't know what connect is @533903 We'll take note of that. Can you let us know if you listen on your speakers or TV, using the Spotify app as a remote? /YM @533903 Thanks for clarifying and for taking the time to reach out – your feedback's been noted 📝 /YM",Customer is asking that the deal with the weak random in playlists. Agent updated that they will take a time to reach out with the solutions.,1 days 00:02:10
0f46b4e4672be42891e2ccfbe3b610a4,"[339598, 339600, 339601, 339605]","{339598: Timestamp('2017-10-07 23:30:55+0000', tz='UTC'), 339600: Timestamp('2017-10-07 23:01:32+0000', tz='UTC'), 339601: Timestamp('2017-10-07 23:30:54+0000', tz='UTC'), 339605: Timestamp('2017-10-08 17:54:42+0000', tz='UTC')}","@XboxSupport Hello, i have a problem since halo 3 goes retrocompatible i’m not able to install the game and i have it @197099 Hi there, do you own the game on disc or digitally? What happens when you  1 ^ZM @197099 try to install it, any specific error messages? Please try these steps: https://t.co/7pTYPErhuQ .  2 ^ZM @197099 team here: https://t.co/lUV7XYl61S they may have some additional options for you to get this resolved.  2 ^XS","The customer says that he have a problem since halo 3 goes retrocompatible, he's not able to install the game and he have it. The agent asks whether the customer owns the game on disc or digitally and suggests to install it, and asks whether he is getting any error messages and shares a link which have the additional options for him to get the issue resolved.",0 days 18:53:10
1c3d07108a7881949367963412bae0d3,"[2570855, 2570860, 2570861]","{2570855: Timestamp('2017-10-30 16:01:18+0000', tz='UTC'), 2570860: Timestamp('2017-10-30 15:40:14+0000', tz='UTC'), 2570861: Timestamp('2017-10-30 14:16:54+0000', tz='UTC')}","@124257 What happened to 5GB at 500frs? @571681 @124257 Y'ello Lester, 
It was a promotion 
The promotion has ended @MTNC_Care @124257 Please we want it back! ""Promote"" again!!","The customer enquires about the 5GB at 500frs offer and asks to ""Promote"" again. The agent informs that was a promotion and the promotion has ended.",0 days 01:44:24
f9de278e1b4affb373c852cf41dad55e,"[2923817, 2923818, 2923819, 2923820, 2923822, 2923824, 2923828]","{2923817: Timestamp('2017-11-29 02:46:44+0000', tz='UTC'), 2923818: Timestamp('2017-11-29 02:16:07+0000', tz='UTC'), 2923819: Timestamp('2017-11-29 02:49:04+0000', tz='UTC'), 2923820: Timestamp('2017-11-29 02:57:15+0000', tz='UTC'), 2923822: Timestamp('2017-11-29 03:02:30+0000', tz='UTC'), 2923824: Timestamp('2017-11-29 03:20:24+0000', tz='UTC'), 2923828: Timestamp('2017-11-29 03:43:39+0000', tz='UTC')}","@117890 Because of your crap system &amp; equipment, I only get the first 13 channels. It explains why my renters mess with the wiring to be able to watch something. I wonder if I can cancel your bulk contract for non-performance? @Ask_Spectrum Find me a technical support person who understands Bulk agreements with Multi-Dwelling Units. So far front line CS and the supervisor have no idea what I am talking about. @809087 Is this a business class account? ^AP . @Ask_Spectrum Yes. Krishna K. got it fixed. But not without some struggles. As a weekly rental property, this can't be an ongoing problem and there has to be an easy way for them to solve it. @Ask_Spectrum She wasn't able to give me detailed information on what she did. Just said it wouldn't happen again.  I have to say I am skeptical based on history. This is a rental unit &amp; guests won't troubleshoot, they'll just bypass the DTA. Not a good thing. @809087 I understand. I'm hopeful you wouldn't experience issues again. However, if you do, I would certainly recommend speaking with our business class department as I'm sure they will have a quick &amp; full access to your account. Do you have contact information... https://t.co/UJxfhi6gRn @809087 I apologize for the inconvenience. If there is anything I can do to assist you in the future please feel free to reach out to us ^AS",Customer is complaining about the poor system and equipment where they are getting only 13 channels. Agent recommend to speak with business class department and also request to reach out to them on anytime for further assistance.,0 days 01:27:32
eff170b9cd3b7fee97b075af8e009196,"[2600042, 2600043, 2600044, 2600047, 2600050]","{2600042: Timestamp('2017-11-17 06:41:26+0000', tz='UTC'), 2600043: Timestamp('2017-11-17 06:38:13+0000', tz='UTC'), 2600044: Timestamp('2017-11-17 06:33:00+0000', tz='UTC'), 2600047: Timestamp('2017-11-17 06:27:30+0000', tz='UTC'), 2600050: Timestamp('2017-11-17 06:20:51+0000', tz='UTC')}","@VerizonSupport my wifi is down and the troubleshooter is broken @306919 Thank you. It may be maintenance being performed. Do you know where the BBU is located for a reboot so the data port can be initialized? It can look like 1 of the 2 units.
^JRA https://t.co/q9S0wajgZ5 @306919 Hold down the Alarm Silence button for 15 seconds. 
^TXA @VerizonSupport i think my ONT might be broken, ive had to do this several times and it all leads back to the unit. also, theres a green telecommunication box on our street that has all of the coax and fiber optic wires exposed... yikes! @306919 Please click on the following link to enter a secure chat with an agent. https://t.co/LIt3PzskWC
^TXA",Customer complains about wifi network system. Agent suggests customer to chat with the Agent with provided link.,0 days 00:20:35
5266f1526b09d6fe93861f58d0e8d8fa,"[1456452, 1456456, 1456456, 1456458, 1456460, 1456461]","{1456452: Timestamp('2017-11-02 20:04:40+0000', tz='UTC'), 1456456: Timestamp('2017-11-04 20:57:00+0000', tz='UTC'), 1456458: Timestamp('2017-11-05 03:22:06+0000', tz='UTC'), 1456460: Timestamp('2017-11-02 17:49:00+0000', tz='UTC'), 1456461: Timestamp('2017-11-02 16:03:43+0000', tz='UTC')}","@115858 updated to latest iOS. When charging without adapter, the phone freezes?? #bug #ios #2017 https://t.co/nuNJOiWtKW @458042 Let’s investigate this together. Check Settings &gt; General &gt; About and DM us your exact version to begin. https://t.co/GDrqU22YpT @458042 iOS Thanks for showing us. Do you have the iOS 11.1 update available at Settings &gt; General &gt; Software Update? @458042 We'd be happy to look into this with you more in detail.  Please reach out to us via DM and we'll get started. https://t.co/GDrqU22YpT @AppleSupport 1/Understand that when directly charging using the cable, without the adapter, the phone freezes.
(2/n)",Here customer is complaining about the apple phone get freezes if he uses the  the cable without adaptor. Here note down the issue and ask the customer to follow the steps  and takes the details and tells the customer to message him to get better assistance over it.,2 days 11:18:23
8aa39181a48e0a00a0a0bd37f5057b41,"[1628005, 1628008]","{1628005: Timestamp('2017-11-05 15:06:00+0000', tz='UTC'), 1628008: Timestamp('2017-11-05 14:56:42+0000', tz='UTC')}","@VerizonSupport I just want to cancel it.. no one is answering! @498407 Ah, to cancel services, you would need to call in to 1-800-837-4966. ^BCW",The customer is complaining that he was about the services but no one is reponsing. The agent asked them to call at 1-800-837-4966 for cancellation and asked to call them at mo.,0 days 00:09:18
74ae93902ffdf1ec571d6c8382900208,"[2641891, 2641892, 2641893, 2641894, 2641895, 2641896, 2641900, 2641901, 2641902, 2641903]","{2641891: Timestamp('2017-10-31 01:22:00+0000', tz='UTC'), 2641892: Timestamp('2017-10-31 01:24:31+0000', tz='UTC'), 2641893: Timestamp('2017-10-31 01:18:22+0000', tz='UTC'), 2641894: Timestamp('2017-10-31 01:25:03+0000', tz='UTC'), 2641895: Timestamp('2017-10-31 01:31:00+0000', tz='UTC'), 2641896: Timestamp('2017-10-31 01:31:56+0000', tz='UTC'), 2641900: Timestamp('2017-10-31 01:46:35+0000', tz='UTC'), 2641901: Timestamp('2017-10-31 01:49:27+0000', tz='UTC'), 2641902: Timestamp('2017-10-31 01:52:44+0000', tz='UTC'), 2641903: Timestamp('2017-10-31 01:57:00+0000', tz='UTC')}","Never mind my isp is experiencing really bad problems it wasn't SE good to know good job @VerizonSupport /sarcasm @745526 Good evening, what issues are you having with your service? ^RMD @VerizonSupport Fios is out, I checked for usual basic troubleshooting (router lights, battery on white box, resetting everything) but none have worked @VerizonSupport Checked to see if it was down and apparently not the only one experiencing issues right now. What is going on? @745526 Were any lights lit on the battery backup unit?
^HSB @VerizonSupport I just told you I did all the usual troubleshooting and found nothing out of the ordinary @745526 Please follow and DM. ^RMD @745526 That may be true but i cannot have a tech take a look at your account without you being in PM. Please do so to continue. ^RMD @VerizonSupport I've already had someone over phone take a look and they told me the issues are happening on your side not mine, so once again no thank you @745526 So you already know this is an issue that we are working on in your area? ^RMD",Here customer is having some issue where router light are not working properly and he want a solution. Here agent tells to follow steps for better troubleshooting and then tells him to message him and stay connected for the better solution.,0 days 00:38:38
0cb96a8571893e3e842968887cd92b4e,"[829282, 829283, 829284, 829286]","{829282: Timestamp('2017-10-21 02:12:37+0000', tz='UTC'), 829283: Timestamp('2017-10-21 02:08:01+0000', tz='UTC'), 829284: Timestamp('2017-10-21 02:06:01+0000', tz='UTC'), 829286: Timestamp('2017-10-21 01:58:48+0000', tz='UTC')}","DVR did not record any of my Thursday shows. Not cool @116021 #grrrrrr @CoxHelp No just stopped working. Reboot has it working again, but no idea there was an issue. @317477 Ok. Do any of them show up in the missed recordings folder?  -Allan @CoxHelp I don't see a missed recordings folder. Lost &amp; found says show did not record for unknown reasons",Customer is saying that DVR does not record any of the thursday shows. Agent updated that there is a need to change a box due to missed recording folder.,0 days 00:13:49
a9c862b7c6732db1655e6df645953afc,"[33315, 33315, 33319]","{33315: Timestamp('2017-11-01 13:15:38+0000', tz='UTC'), 33319: Timestamp('2017-11-01 13:53:00+0000', tz='UTC')}",@AppleSupport Battery dies fast as hell now. Phone always is freezing up and I end up having to wait like 15 minutes for it to get unfreeze @123363 Install our newest iOS 11.1 update to help: https://t.co/80YRnjDFDk Let us know if this helps improve these issues.,Customer is complaining about the iPhone  that battery dies fast and phone always is freezing up and end up having to wait like 15 minutes for it to get unfreeze. Agent says to install newest IOS 11.1 updates to help :URL let knows if this helps improves these issues.,0 days 00:37:22
b44910fd21e75fdc93a0d0d8d356b61c,"[103357, 103361, 103361, 103364]","{103357: Timestamp('2017-11-30 17:18:44+0000', tz='UTC'), 103361: Timestamp('2017-11-28 18:35:17+0000', tz='UTC'), 103364: Timestamp('2017-11-28 17:43:03+0000', tz='UTC')}","@AskeBay Despite me telling you I paid for item and seller told me now cannot send for 2 or 3 months and did not respond to 8 emails I sent them, your sick response was if you do not hear back in 30 days let us know #sick#stupid#pissedoff @138752 You have 30-days from the latest estimated delivery date to file a claim. If there is no est. delivery dates for some reason, then you have to give the seller 30-days from payment before you can open a claim: https://t.co/HFE3IJeKUG ^V @138752 Your money is safe and we have you fully covered by eBay Money Back Guarantee. Typically, we give the seller until the estimated delivery date to see if it arrives. As ^V mentioned, our team here on Twitter is happy to take a look via DM, if you'd like. ^S",The customer says he paid for an item and seller told him that they cannot send for 2 to 3 months. The agent replies that the customer have 30 days from the estimated delivery date to file a claim.,1 days 23:35:41
8661046dac03946ffcd5d002cf54835b,"[2626230, 2626234, 2626236, 2626237, 2626238]","{2626230: Timestamp('2017-10-30 23:59:00+0000', tz='UTC'), 2626234: Timestamp('2017-10-30 23:36:28+0000', tz='UTC'), 2626236: Timestamp('2017-10-30 23:54:11+0000', tz='UTC'), 2626237: Timestamp('2017-10-30 23:35:24+0000', tz='UTC'), 2626238: Timestamp('2017-10-30 23:04:58+0000', tz='UTC')}","@coxhelp any update on restoring cable/internet to Warren RI? 02885 @741807 2) I understand may residential power customers are also affected. This may seem an odd question. Do you have power? -Colleen @CoxHelp We do have power! We had cable and internet until like 1pm this afternoon too.. Which is why I'm puzzled @741807 1) Our power supplies will maintain service for short power interruptions, so perhaps that's why. I have someone double checking @741807 As far as I can tell we are waiting on restoration of commercial power, but if I find out otherwise I'll let you know.  -Colleen",The customer asks whether any update on restoring cable/internet to Warren RI. The agent replies they are waiting on restoration of commercial power and they will inform if they find any other.,0 days 00:54:02
86e8ad7010de4db1c29997269962e678,"[2747958, 2747959, 2747961, 2747963]","{2747958: Timestamp('2017-11-20 22:27:24+0000', tz='UTC'), 2747959: Timestamp('2017-11-20 22:37:23+0000', tz='UTC'), 2747961: Timestamp('2017-11-20 22:51:57+0000', tz='UTC'), 2747963: Timestamp('2017-11-20 22:41:37+0000', tz='UTC')}","@AirAsiaSupport I would like to follow up the complaint I submitted with reference number 00547801. Thank you @503274 &gt;&gt; had already reserved earlier but ended up with nothing. We will forwarded your case to our relevant team to&gt;&gt; @AirAsiaSupport The complaint also included the preferred seat that was already paid for but was given another seat number upon check-in. @503274  Yes, we will be investigating on that too, Mini.  You'll be responded accordingly via Email once done. Thank you. -Miza",Customer is enquiring about follow up of the complaint that he raised. Agent informed that they will forward the case to relevant team.,0 days 00:24:33
79c3113904d448bf1e5d4b4e635adc17,"[1121475, 1121479]","{1121475: Timestamp('2017-10-24 06:54:46+0000', tz='UTC'), 1121479: Timestamp('2017-10-23 17:36:31+0000', tz='UTC')}",@AskPlayStation is there a way to send funds to different user on my ps4 @336252  Sorry for the misunderstanding. Once the funds are in your account they cannot be transferred to other account.,Customer enquires how to send the funds to different user on ps4. Agent replied that once the funds are transferred to their account they cannot transferred to other account.,0 days 13:18:15
b0ce177b226d21c6c812cba19318e47b,"[1954858, 1954861, 1954862, 1954863, 1954864, 1954865, 1954867]","{1954858: Timestamp('2017-10-29 19:41:30+0000', tz='UTC'), 1954861: Timestamp('2017-10-29 20:07:01+0000', tz='UTC'), 1954862: Timestamp('2017-10-29 19:17:33+0000', tz='UTC'), 1954863: Timestamp('2017-10-29 19:01:59+0000', tz='UTC'), 1954864: Timestamp('2017-10-29 18:57:00+0000', tz='UTC'), 1954865: Timestamp('2017-10-29 18:51:46+0000', tz='UTC'), 1954867: Timestamp('2017-10-29 17:47:24+0000', tz='UTC')}","@AppleSupport hi, I’m having troubles transferring music to my phone all of a sudden @AppleSupport It shows this and doesn’t copy https://t.co/P5IB0hHIPB @580277 Thanks for the photo. Does an error ever come up, or does it just get stuck on that step? @AppleSupport It says the previous picture and goes back the apple logo https://t.co/uub7cpiv1s @580277 Okay. Let's make sure that iTunes is running the latest version so we can rule that out as a cause. https://t.co/g2HM9lnith @580277 Perfect. It's a little difficult to tell from the screenshots; can you let us know if you're using a Mac or a PC with iTunes? https://t.co/GDrqU22YpT @580277 Thanks! Let's continue our conversation in DM. https://t.co/GDrqU22YpT",Customer complains that they are unable to transfer the music to the phone. Agent asks to DM for further conversation.,0 days 02:19:37
4f0f69e10c73e17091233fa54c5a5cc2,"[135071, 135072, 135074, 135075]","{135071: Timestamp('2017-11-24 08:51:31+0000', tz='UTC'), 135072: Timestamp('2017-11-24 07:33:26+0000', tz='UTC'), 135074: Timestamp('2017-11-24 09:37:31+0000', tz='UTC'), 135075: Timestamp('2017-11-24 10:02:24+0000', tz='UTC')}","@115850 Amazon customer service is the worst. They always give wrong information to customers. Wanted to buy iphone 8 plus , but they could not clarify my query. @AmazonHelp Is the 8000 cashback offer on iphone 8 still available... @AmazonHelp Checj yourself..it is mentioned in the page...but according to  terms &amp; conditions, it is already expired @146431 Are you referring to Apple iPhone 8 Plus with Jio Buyback Offer? ^YP","Customer did not get the cashback offer on iPhone 8. So, the customer is complaining about the service provided by the amazon. Agents states that the applicable promotions and offers are mentioned on the product details page and requests to follow the link he shared.",0 days 02:28:58
5d9419e051981dc41030eedc535a3e58,"[794580, 794582, 794583, 794588, 794591]","{794580: Timestamp('2017-10-12 14:06:29+0000', tz='UTC'), 794582: Timestamp('2017-10-12 09:52:59+0000', tz='UTC'), 794583: Timestamp('2017-10-12 15:49:37+0000', tz='UTC'), 794588: Timestamp('2017-10-12 16:52:00+0000', tz='UTC'), 794591: Timestamp('2017-10-12 09:52:33+0000', tz='UTC')}","@309452 @AppleSupport I own the latest version of iphone 6s ios11.0.3! My problem is that I can no longer delete my notifications on the @309452 @AppleSupport homepage all at once! Can you fix that ?! @309451 Let's take a look at this together. When you're viewing your Notifications, do you see the ""x"" at the top? @309451 OK, thank you. Has your iPhone been restarted since you noticed this issue with Notifications? @309451 We'd like to take a closer look with you. DM us about this issue and we'll continue together there. https://t.co/GDrqU22YpT",Customer not able to delete the notifications on AppleSupport homepage all at once. Agent updated the customer to DM them about the issue and they will work on it.,0 days 06:59:27
2328ad236721a4de638ce50992b9b414,"[1723403, 1723404]","{1723403: Timestamp('2017-11-10 09:33:41+0000', tz='UTC'), 1723404: Timestamp('2017-11-10 10:25:54+0000', tz='UTC')}","@AmazonHelp MY ACCOUNT COD ISSUE NOT YET FIXED UNABLE TO BUY MOBILES LIKE ONEPLUS5 MOTOG5..AMAZON IS USELESS#Flipkartisbest @118702 @280255 We've sent the correspondence to your registered email ID. Kindly check it here: https://t.co/8DAc10S7ww ^GK",Customer complaining about the amazon service. Agent updated the customer to check the URL.,0 days 00:52:13
2511b4536a1ca50cb40ed35cbc5b6a98,"[464922, 464926, 466537, 466538]","{464922: Timestamp('2017-12-01 04:12:11+0000', tz='UTC'), 464926: Timestamp('2017-11-30 20:07:01+0000', tz='UTC'), 466537: Timestamp('2017-12-03 02:35:16+0000', tz='UTC'), 466538: Timestamp('2017-12-03 15:52:28+0000', tz='UTC')}","@116021 Where do you stand on #NetNeutrality ? Have you expressed that to the FCC? What are your plans if #NetNeutraility is repealed? @225578 Hi, Cox never will, nor ever has made any changes with the explicit intent to deceive our customers.  Please know our core value at Cox is to provide our customers with exceptional service for the best value - it's what we've always done and will continue to do!  -Carol (1/2) @225578 Cox has every incentive to remain committed to the principles of an open Internet as we realize the importance our customers place on having access to the content of their choice. Read more at https://t.co/752peCEHnL. Thank you. -Lindsey @CoxHelp Thank you for the reply and the link. However, a couple of questions: ""Reestablishing ‘light-touch’ regulation will return a level of certainty for consumer protections."" The reason we're against the repeal of #NetNeutraility is because we don't feel like we will be protected 1/",Customer is enquiring about the repealing of net neutrality and reestablishment of light-touch regulation for consumer protections. Agent states that they haven't made any changes with the intent to deceive customers and have realized the importance of customers content choice.,2 days 19:45:27
d63bcfd56e1b68a230ee137eea525c71,"[121953, 121954, 121955, 121956]","{121953: Timestamp('2017-11-23 23:17:51+0000', tz='UTC'), 121954: Timestamp('2017-11-23 23:08:39+0000', tz='UTC'), 121955: Timestamp('2017-11-23 23:05:58+0000', tz='UTC'), 121956: Timestamp('2017-11-23 23:01:05+0000', tz='UTC')}","@127718 @USCellularCares is there a good reason why I’ve been looking at this screen for 5+ Minutes while in Bloomington, IL? I’m beginning to think that #LTE is just an acronym thrown around for no reason. https://t.co/ZqnDocZzTq @143178 Have you tried powering your phone down for about three minutes to reset the phone? ^AH @USCellularCares Of course. And cycling airplane mode. And closing and reloading apps. This has become the norm for us. Literally everywhere but our tiny hometown gives us little to no data. Cities are terrible for us. @143178 That is a partner coverage area. When roaming there is a 500MB data roaming limit which is a reason it could slow down in that area. ^AH",Customer is having an issue with slow network and data consuming in his hometown. Agent updated that when roaming there is 500MB data roaming limit that's the reason for slow down in your hometown.,0 days 00:16:46
9307e7f59d1137187ebe78a19fc04bae,"[108087, 108091]","{108087: Timestamp('2017-11-23 17:03:32+0000', tz='UTC'), 108091: Timestamp('2017-11-23 16:51:54+0000', tz='UTC')}","@AmazonHelp Disappointed that I ordered something through Prime, expected to receive today and now had email to say won't be here for up to two more days. @139998 Ok, Keep an eye on the emails and keep us in the loop ^DJ",Customer is disappointed for the delay of the products for two days. Agent is updating her to keep an eye on the mails and to keep them in a loop.,0 days 00:11:38
72f93c47051557d1f8365f3da3c5b91c,"[1366898, 1366900, 1366902, 1366903]","{1366898: Timestamp('2017-10-18 23:37:17+0000', tz='UTC'), 1366900: Timestamp('2017-10-18 23:47:40+0000', tz='UTC'), 1366902: Timestamp('2017-10-18 20:32:29+0000', tz='UTC'), 1366903: Timestamp('2017-10-18 22:13:54+0000', tz='UTC')}",@117153 I have been listening to Kendrick Lamar’s damn album but every time I use my skips it kicks me out and won’t let me listen @438202 Hi Ray! Are you getting any specific error messages? Can you let us know which device/OS and Spotify version you're using? /YM @438202 Is this happening when streaming other albums? Can you send us the link to his album? Just tap the three dots &gt; Share &gt; Copy Link /YM @438202 Can you DM us your account's username or email address? We'll check things out backstage /YM https://t.co/ldFdZR1cbT,"Customer is unable to listen to kendrick lamar's album in SpotifyCares. Agent updated the customer to send the device version, Spotify version and URL of the alumb link and  DM the username and email address.",0 days 03:15:11
6c08b57bbb7fbec55ebbadf4f2a38222,"[1295663, 1295665, 1295667]","{1295663: Timestamp('2017-10-17 17:08:23+0000', tz='UTC'), 1295665: Timestamp('2017-10-17 09:16:43+0000', tz='UTC'), 1295667: Timestamp('2017-10-17 08:31:21+0000', tz='UTC')}","@SpotifyCares what do I do if my music stops playing. Like a song in a playlist will end but it won't move onto the next and then I can't @360804 Hey there! Can you let us know the device, operating system, and Spotify version you're using? We'll see what we can suggest /PL @360804 Thanks for that! Does logging out &gt; restarting the device &gt; logging back in help at all? Keep us posted /CG","Customer is complaining that he is unable to play the songs in queue on Spotify app and it stops after playing 1 song. Agent requests for the details about the device, operating system and the Spotify version. Also suggests to follow few steps by sharing an URL.",0 days 08:37:02
b13414317b06a6d58e9172c3f72ff546,"[1124358, 2011519]","{1124358: Timestamp('2017-10-15 07:35:54+0000', tz='UTC'), 2011519: Timestamp('2017-10-18 20:37:55+0000', tz='UTC')}",@AskAmex I haven't got my Amex Hilton Surpass sign-up bonus 3 months after meeting the spending requirement. @385119 I have great news! The account has been remediated; you should see the update within 24-48hrs. ^N,Customer is complains about not getting the amex hilton surpass sign-up bonus for 3 months. Agent updated that the account has been remediated and see within 24-48hrs.,3 days 13:02:01
2e616ec790afef2e22bdac20363c8ee3,"[774015, 774019]","{774015: Timestamp('2017-10-12 01:58:48+0000', tz='UTC'), 774019: Timestamp('2017-10-12 02:39:24+0000', tz='UTC')}","@VerizonSupport Yes i did it came back for an hour and the wifi service went again @190664 Great, please let us know if we can be of further assistance.  
^BAB",Customer is complaining about the internet and wifi service issue. Agent is asking to reset battery back up and to reach out for further assistance.,0 days 00:40:36
414c243a6007515263dcbf2eb631d090,"[1846341, 2280030]","{1846341: Timestamp('2017-10-19 17:14:57+0000', tz='UTC'), 2280030: Timestamp('2017-10-19 19:32:15+0000', tz='UTC')}","@115900 has the worst customer service by far. I’m beyond pissed right now @553030 Understood. If you end up needing assistance later on feel free to reach out to us, we’re always here for you! –EK",Customer is complaining about the experience he had with com cast and unwilling to provide details since he had communicated over phone already. Agent requests for the details and states that he can reach out anytime for further assistance.,0 days 02:17:18
be7129d4f1b2391fdf4247d1070f1969,"[1672161, 1672162, 1672163, 1672165]","{1672161: Timestamp('2017-11-06 13:51:18+0000', tz='UTC'), 1672162: Timestamp('2017-11-06 13:25:18+0000', tz='UTC'), 1672163: Timestamp('2017-11-06 14:02:40+0000', tz='UTC'), 1672165: Timestamp('2017-11-06 16:30:04+0000', tz='UTC')}","After a weekend on the Gulf Coast where I was careful to #leaveonlyfootprints I’m ready to board my @AmericanAir flight in BTR headed for DFW and on to PHX. Amazing girlfriend getaway! #gnomads https://t.co/KCQ1ncDSeE @AmericanAir Well except for the mechanical delay that leaves me here in the airport now until noon and missing my PHX flight. #bummer way to end a perfect weekend @508944 Oh darn, our apologies. We'll get you going as fast as we can. @508944 We'll have you in DFW before you know it! Please check with our airport team when you arrive for standby on an earlier flight to PHX.",Customer is concerned he/she may lose PHX flight from DFW since delayed flight at BTR to DFW. Agent assures they will be leaving soon and requests to check with their airport team upon arriving at DFW.,0 days 03:04:46
3e37b7f60cc23265c203780c0890cc98,"[1585274, 1585275, 1585276, 1585277, 1585286]","{1585274: Timestamp('2017-10-17 07:56:04+0000', tz='UTC'), 1585275: Timestamp('2017-10-17 08:00:54+0000', tz='UTC'), 1585276: Timestamp('2017-10-17 07:41:09+0000', tz='UTC'), 1585277: Timestamp('2017-10-17 08:13:33+0000', tz='UTC'), 1585286: Timestamp('2017-10-17 09:04:10+0000', tz='UTC')}","@British_Airways Good morning. When did your policy on carrying guitars on board change? @451309 Hi Antonio, what part of our policy for travelling with a musical instrument are you referring to? ^L @British_Airways That guitars must be in a hard case and checked into the hold. I was informed at check in. I wish I’d been informed before travelling. @451309 inconvenience this has caused you. We will try and make room in the cabin when possible but this cannot be guaranteed. 2/2 ^L @451309 do all we can to make sure all our staff are fully trained on this this and understand when to make allowances. 2/2 ^L",Customer is enquiring about policy on carrying guitars on board change. Agent informed that they will to make a room in the cabin when possible but cannot be guaranteed.,0 days 01:23:01
4ba439b8828450d43966936b5a245ee5,"[2766480, 2766481, 2766483, 2766486]","{2766480: Timestamp('2017-11-21 10:21:42+0000', tz='UTC'), 2766481: Timestamp('2017-11-21 19:17:55+0000', tz='UTC'), 2766483: Timestamp('2017-11-21 20:47:14+0000', tz='UTC'), 2766486: Timestamp('2017-11-21 08:52:43+0000', tz='UTC')}","@115888 where do I click to upgrade:

https://t.co/MbgkdHZZBX

? @773667 Hi Tim! We'd love to help out. You can upgrade to Premium here: https://t.co/1iF7T0iEU2 🙂 /MU @SpotifyCares Didn’t seem to be any option that I could find in the iOS app @773667 Sorry for the confusion. It's not possible to upgrade within the app, but you should be able to subscribe by heading to the link we've provided. Hope that helps /PB",Customer is enquiring about how to upgrade to premium because he didn't find any option in the iOS app. Agent states it isn't possible to upgrade within the app and where he can upgrade by sharing an URL.,0 days 11:54:31
83eab775036e67148a4c7d92c312b735,"[690283, 690285, 690286, 690290, 690291]","{690283: Timestamp('2017-10-24 12:54:33+0000', tz='UTC'), 690285: Timestamp('2017-10-24 12:54:17+0000', tz='UTC'), 690286: Timestamp('2017-10-24 12:53:45+0000', tz='UTC'), 690290: Timestamp('2017-10-24 12:15:09+0000', tz='UTC'), 690291: Timestamp('2017-10-24 12:17:36+0000', tz='UTC')}","My dad is unimpressed with @116245 advertising a product as available when it's actually not available anywhere. @284951 Hi, can you DM the item number &amp; your delivery address postcode so I can check this for you?  Tina @284951 Hi, it looks like this item is just currently out of stock due to it being a popular item. 1/3 @284951 If you text the cat number along with your post code or  a store post code to 61201 you will recieve a text 2/2 @284951 back letting you know if we have stock and when this will next be in stock. 3/3",Customer is complaining about advertising a product as available when its actually not available. Agent informed the customer that the product is out of stock and inform to send the cat number along with post code by that they will come to know when the stock is available.,0 days 00:39:24
3cffffdc0d12000ac859b72badda8181,"[2960045, 2960050]","{2960045: Timestamp('2017-11-29 19:10:39+0000', tz='UTC'), 2960050: Timestamp('2017-11-29 21:06:13+0000', tz='UTC')}",@VirginAtlantic what does 'receipt required for checkin' mean when trying to check in with your app? @340448 You would be welcome to leave some feedback and someone will get back to you about the issues you have faced https://t.co/zGViDroSnP ^BM,Customer enquired about check-in issue. Agent updated to give some feedback and they will get back.,0 days 01:55:34
db794d7debd99bf8be02a3a49352c6f8,"[961467, 961468, 961469, 961474]","{961467: Timestamp('2017-10-23 05:02:45+0000', tz='UTC'), 961468: Timestamp('2017-10-14 01:49:58+0000', tz='UTC'), 961469: Timestamp('2017-10-23 05:06:24+0000', tz='UTC'), 961474: Timestamp('2017-10-30 15:18:28+0000', tz='UTC')}","@115850 @AmazonHelp Struggling for return my package from 25.09.17, but the same not picked yet. Number of times talked had with CC but .. @AmazonHelp @115850 should I through the package in dustbin. Now almost 1 month has over. Nobody came to pick up the return package. Shocking AMAZON.. @348159 Apologies for the delay. Please share your details in the link given earlier and we'll be sure to help you. ^ZH @348159 to us from here: https://t.co/cQVomR1pWz and we'll sort this for you at the earliest. 2/2 ^KH",Customer is concerned about the package he requested for return which has not picked up yet even after 1 month. Agent requests to share his details in the provided link and they will sort it ASAP.,16 days 13:28:30
d523427b5bc5da4863329bd4f4cbd5b3,"[2625818, 2625818, 2625819, 2625822]","{2625818: Timestamp('2017-10-30 23:07:50+0000', tz='UTC'), 2625819: Timestamp('2017-10-30 23:31:45+0000', tz='UTC'), 2625822: Timestamp('2017-10-31 01:04:26+0000', tz='UTC')}",@AskAmex - there were issues with getting my priority pass set up. Can the platinum concierge expedite that? @206752 Hi.Rush enrollment requests are not available.Were you able to successfully enroll via the Benefit Dashboard at: @206752 W/your Platinum Card you can use your Airline Fee Credit-Up to $200 benefit for airport lounge passes in the meantime.,Customer is asking to rectify the issues he had with getting his priority pass set up. Agent states that the enrollment requests are not available and the customer can use his airline free credit for airport lounge passes.,0 days 01:56:36
e73dbdb88d15b0e8286a3354690c9c92,"[816930, 816933, 816936, 816937]","{816930: Timestamp('2017-10-12 20:39:00+0000', tz='UTC'), 816933: Timestamp('2017-10-12 21:50:25+0000', tz='UTC'), 816936: Timestamp('2017-10-13 07:21:34+0000', tz='UTC'), 816937: Timestamp('2017-10-13 07:42:00+0000', tz='UTC')}",My Amazon primevideo account  isn't working abroad! Can you do something about it? @115850 @AmazonHelp @117795 @314570 Kindly connect with our support team via chat/email from the link provided to you earlier and we'll look into this. ^SQ @AmazonHelp I came to Europe for a trip and couldn't access my account @314570 Prime video content availability is geo-location specific. Please click here: https://t.co/Y2zJgeGjAW for more info. ^AB,Customer is complaining that he isn't able to access hie prime video account on his Europe trip. Agent states that the prime video content availability is based on geo-location.,0 days 11:03:00
9e369985992793f1372a45300226ce09,"[1497795, 1497801, 1497802, 1497806, 1497806]","{1497795: Timestamp('2017-11-03 12:44:32+0000', tz='UTC'), 1497801: Timestamp('2017-11-03 12:53:17+0000', tz='UTC'), 1497802: Timestamp('2017-11-03 12:54:33+0000', tz='UTC'), 1497806: Timestamp('2017-11-03 12:40:29+0000', tz='UTC')}","Hey @116245 your delivery drivers said they don't take bed and mattress upstairs. What did I pay delivery ""to room of your choice"" for @467756 It is discretion if they decide to take the items upstairs as they are not insured to do so. - Emily @ArgosHelpers I have a straight set of normal stairs and a large hall/ landing. They must not go up any stairs, so the website is still misleading @467756 Do you have an order number you can DM me, please? - Scott",Customer is complaining about the delivery agents for not taking the bed/mattress upstairs and says the website is misleading. Agent states if they are not insured to take the items upstairs and requests for the order number for further assistance.,0 days 00:14:04
4ac7e3146b8191666b77a8292baacba4,"[1630429, 1630431, 1630431, 1630432]","{1630429: Timestamp('2017-11-05 20:01:54+0000', tz='UTC'), 1630431: Timestamp('2017-11-05 20:08:09+0000', tz='UTC'), 1630432: Timestamp('2017-11-05 20:07:35+0000', tz='UTC')}","@VirginTrains @66118 I need to be in Paris at 3pm tomorrow. I have a job. Now I have to find 220€ because of you and I’ve lost my money on OUIBUS. https://t.co/6IE46gkZK9 @499028 @66118 1/2 So sorry for your experience Andi, I'm afraid we're experiencing major disruption across our network due to an @499028 @66118 2/2 earlier incident being dealt with by emergency services. Please claim compensation here: https://t.co/NmdycKfxH4",Customer is complaining about the disruption and delay in the scheduled journey. Agent explains it's due to an emergency incident and requests to claim the compensation by sharing an URL.,0 days 00:06:15
506861fc99b0f185fb658fe933ae401d,"[2084048, 2084051, 2084054, 2084055]","{2084048: Timestamp('2017-11-08 06:41:51+0000', tz='UTC'), 2084051: Timestamp('2017-11-08 06:27:34+0000', tz='UTC'), 2084054: Timestamp('2017-11-08 06:08:51+0000', tz='UTC'), 2084055: Timestamp('2017-11-08 06:28:58+0000', tz='UTC')}","@NortonSupport Why is Norton blocking Bitcomet? What is so harmful  in the new updates? Why is Norton blocking Bitcomet site? @NortonSupport Yes also I cam't even download the latest  version 1.47 ....Detected by Norton Security as a virus

Here is message shown shown  Norton Toolbar.........
Cntd. @NortonSupport Dangerous Web Page Blocked

You attempted to access:https://t.co/xxWbVDQnWI is a known dangerous web page.
It is highly recommended that you do NOT visit this page. @616365 It looks like Norton suspected something on this website. If you're a site owner you can submit your (1/2)",Customer is asking about the blocking of bitcomet site due to which customer is unable to download the latest version. Agent asked the URL from the customer in which customer is trying to reach out the site.,0 days 00:33:00
c4de162d5630349be7cbecdf3ecdda1a,"[769141, 769142, 769144, 769147]","{769141: Timestamp('2017-10-27 11:12:57+0000', tz='UTC'), 769142: Timestamp('2017-10-27 13:20:25+0000', tz='UTC'), 769144: Timestamp('2017-10-27 13:23:20+0000', tz='UTC'), 769147: Timestamp('2017-10-27 13:28:16+0000', tz='UTC')}","@AskAmex out of country n trying to access$$ thru ATM. Not working when using PIN. Help!! Please! @303651 Do you have access to your account online so I can see if you're eligible for a temporary PIN? ^Clarissa @303651  to do this we would need to chat securely through our website so that I can see your account. Do you have time now? ^C @303651 Great. Pls go to https://t.co/crJMnNwi0H , log in, &amp; select code 10240 &amp; we will continue from there. ^C",Customer is complaining that he is unable to access $$ from the ATM out of country. Agent is asking about the personal information of the customer and PIN details. Agent also provided URL to login.,0 days 02:15:19
33d77efe8fbe6813a8cf1d72d10d3413,"[185428, 185430, 185432, 185434]","{185428: Timestamp('2017-10-30 19:17:11+0000', tz='UTC'), 185430: Timestamp('2017-10-30 19:10:27+0000', tz='UTC'), 185432: Timestamp('2017-10-30 20:48:01+0000', tz='UTC'), 185434: Timestamp('2017-10-30 19:19:25+0000', tz='UTC')}","@116233 @AdobeCare Are you anywhere near a fix for the masking glitches in both Photoshop and Lightroom? It's happening daily. @159605 Hi Allen, we have passed the info to our experts. They will review it and get back to you ASAP. Thanks! ^BK @159605 Hi Allen, can you please follow us &amp; send us a DM with details for this issue? Can you send us a screen shot too? ^SV https://t.co/iuwZCjz4Or @AdobeCare I attached the screenshots in a DM to your account a little over an hour ago.",Customer complains about the fault appearing in photoshop like like exporting JPG files. Agent have passed the information of the issue to their experts so that the issue could get resolved ASAP.,0 days 01:37:34
90efed1b737b356745d33c7d951c97de,"[2094933, 2094936, 2094940]","{2094933: Timestamp('2017-11-08 03:36:23+0000', tz='UTC'), 2094936: Timestamp('2017-11-08 12:57:53+0000', tz='UTC'), 2094940: Timestamp('2017-11-08 02:22:39+0000', tz='UTC')}","@Delta #Delta Flight attend spills drink on me and blames me for it being too tight. #correctIt @618920 You may submit a formal complaint with the flight leader on board with you for this incident and they will  be able to further assist.  *HRS @618920 Brian, I'm sorry for the difficulties. Once a claim is filed then our Baggage Office will review.  *AMR",Customer complains about the damaged suit and laptop due to the spillage of drink by the flight attendant. Agent requests to submit a formal complaint with the onboard flight leader and states that the baggage office will review it once it is filed.,0 days 10:35:14
f1073757e2c8994d3a42261e1ec64761,"[977813, 977816, 977823]","{977813: Timestamp('2017-10-14 08:10:32+0000', tz='UTC'), 977816: Timestamp('2017-10-14 07:38:19+0000', tz='UTC'), 977823: Timestamp('2017-10-15 14:23:54+0000', tz='UTC')}",@115850 Worst online shopping https://t.co/4skCl5J2vt guarantee product delivery in 24 hours yet no update on product delivery. @351907 I'm sorry for the trouble. Have you reported this to our support team here: https://t.co/vlvfJrlYEH ? ^AU @AmazonHelp I didn't seen any product delivery updates in your mail. It seems guys are just sending email to collect customer feedback.,Customer is complaining about the product which is not delivered on time.. Agent informed to provided the details on URL and their support team will work on it.,1 days 06:45:35
5cd61df2ee09c8cc91a303c2d7546d88,"[272950, 272950, 272952, 272955]","{272950: Timestamp('2017-10-06 04:02:07+0000', tz='UTC'), 272952: Timestamp('2017-10-06 03:46:34+0000', tz='UTC'), 272955: Timestamp('2017-10-05 10:40:38+0000', tz='UTC')}","@SpotifyCares The app crashes everytime I try to share a song, then it restarts playing the previous song. @181185 Thanks for sending that. Can you let us know your device's make/model, as well as the Android and Spotify versions you're using? /RH @181185 Could you DM us your account's email address or username? We'll take a look backstage /RH https://t.co/ldFdZRiNAt","Customer is complains about spotify apps not working properly. Agent asked the customer android details, spotify version and informed to look backstage.",0 days 17:21:29
6ec8bdf9e6f78f90562daba530965a7a,"[2731583, 2731585, 2731588]","{2731583: Timestamp('2017-11-20 15:52:17+0000', tz='UTC'), 2731585: Timestamp('2017-11-20 15:43:51+0000', tz='UTC'), 2731588: Timestamp('2017-11-20 16:17:44+0000', tz='UTC')}",@GWRHelp On the self-service machines you’re never able to select ‘super off peak’ - only off peak. Event though I AM on a super off peak train. Luckily I had a lovely ticket man who let me buy a super off peak off him without hassle @765748 Which station was this please and what time did you try to buy a ticket? Did you speak to staff at the station? Natalie @765748 Thank you. Were you travelling to Paddington? What time were you at the station please? Sorry we need to have all these details to report this properly and get it looked into. Natalie,"Customer is complaining about the self service ticket machines which did not allow to select super off peak. Agent is requesting for the details about station, staff at the station and the journey to report it properly.",0 days 00:33:53
4906cf2deda014e27a19b0d3fd1b9d07,"[1087887, 1087889, 1087890, 1898408]","{1087887: Timestamp('2017-10-23 18:19:34+0000', tz='UTC'), 1087889: Timestamp('2017-10-23 18:52:04+0000', tz='UTC'), 1087890: Timestamp('2017-10-23 18:52:00+0000', tz='UTC'), 1898408: Timestamp('2017-10-23 20:08:48+0000', tz='UTC')}","@Tesco spot the mistake.....#plentyofnaantoshare #notmuchcurrythough https://t.co/CU03Yaz17w @376626 Hi Jonathan. I'm so sorry about this! I'd like to send you a Tesco Moneycard as a refund and feed this incident back to our supplier. 1/4 @376626 So I can do this, can you DM me your full name, address, email address, postcode, barcode, SC code, price paid and store this came from? 3/4 @376626 Hi Jonathan,  The supplier code is usually above the barcode after the Tesco address. It usually looks a bit like (SC1234) TY - Mark","Customer is complaining about the product he purchased by sharing an URL for additional details. Agent requests for the personal details along with postcode, barcode, sc code and price to send a moneycard as a refund.",0 days 01:49:14
a0f2483a530e09923f1c525c5be57508,"[534870, 534870, 534872, 534875, 534879]","{534870: Timestamp('2017-12-02 11:55:00+0000', tz='UTC'), 534872: Timestamp('2017-12-02 16:56:38+0000', tz='UTC'), 534875: Timestamp('2017-12-02 10:11:18+0000', tz='UTC'), 534879: Timestamp('2017-12-02 21:58:27+0000', tz='UTC')}","@MicrosoftHelps Something weird is going on with my PC. Quite often I shut down my pc, but when I switch it on again, the programs are still active as if I have put it in sleep mode instead. When that happens the Start button isn't working any more. Can't find out what's wrong. @243908 Hi, Alexander. Let's work on this. Which version of Windows do you have? Have you made any recent changes prior to the issue? Can you also send a short video clip of the actual issue? @MicrosoftHelps Win10 x64 Cumulative update v1709 for amd64 systems KB4048955, Adobe Flash update KB4048951 and  Visual C++ update KB2467173. Not aware of recent changes and a video would just show me clicking on a Start button doing nothing. @243908 Got it. For better assistance and support, we suggest contacting our Answer Desk team here: https://t.co/J3kyXsd9Es. Let us know if you encounter any issues contacting them.",Customer having an issue with PC which automatically shut down often. Agent updated to send the Windows version and the short video clip of the actual issue and informed to contact Answer Desk Team by providing the URL.,0 days 11:47:09
819c206ed262132ea734a0f5e4992578,"[1853027, 1853037]","{1853027: Timestamp('2017-10-19 02:55:58+0000', tz='UTC'), 1853037: Timestamp('2017-10-19 02:14:11+0000', tz='UTC')}","@AmericanAir 
San Antonio
Active Service Member...very young man, overweight bag-no money...3:30am 
NOT ONE STAFF MEMBER offered helped 💔 @554519 We'd like to take a closer look at this. Please DM the number next to the baggage charge or have the customer reach out to us directly.",Customer complaining about the americanair service. Agent updated the customer to  DM the number next to the baggage charge or can reach out directly.,0 days 00:41:47
90f8d68744db4cbd0949855b696a0366,"[834836, 834840]","{834836: Timestamp('2017-10-13 08:47:34+0000', tz='UTC'), 834840: Timestamp('2017-10-13 13:09:00+0000', tz='UTC')}",@AmazonHelp 4October I purchase motog5s plus That manufacturing Folt. Dust in Camera. So Return pickup. But Amazon Man Come 3rd Time Without Receapt. @318783 Apologies for the trouble. I understand that this is frustrating. Request you to share the order details [1/3] ^SK,Customer is complaining to amazon about the motog5s plus phone where the dust in camera. Agent request to share the order details.,0 days 04:21:26
f2bd42ddae32925a1db2a095edaa4469,"[165881, 165887, 165890]","{165881: Timestamp('2017-11-24 20:12:16+0000', tz='UTC'), 165887: Timestamp('2017-11-24 20:29:24+0000', tz='UTC'), 165890: Timestamp('2017-11-24 20:00:58+0000', tz='UTC')}",@115873 do you all realize by outsourcing your call centers and messing with drivers pay it makes you look like you dont care for drivers like me! @154519 We're so sorry about that! Please confirm your email address or phone number so we can further assist. @154519 It seems a member of our team has reached out to you. Please check your email and follow up with them there.,Customer is complaining that he hasn't received his payments which had to be the instant pay. Agent requests for the email address and phone number for further assistance. Also states to check the mail and follow up with the team reached out to him.,0 days 00:28:26
5390874991bc057dd1ad8e035733322a,"[86175, 86178, 86182]","{86175: Timestamp('2017-11-30 14:36:52+0000', tz='UTC'), 86178: Timestamp('2017-11-30 14:50:32+0000', tz='UTC'), 86182: Timestamp('2017-12-01 15:12:07+0000', tz='UTC')}","@AmazonHelp i have ordered using amazon pay balance for first time and cash back of 20%is not credidted to account since 15days @134813 I apologize for any confusion, we'd like to check this and help. Please share your details here https://t.co/GIJyeYqKE0 and we'll reach out to you accordingly. ^MD @134813 That's strange, Akarsh. Could you check here: https://t.co/rdv8PzpU4A and let us know If you've received any email correspondence from the social media team regarding the issue? ^NK",Customer enquired about cash back of 20% not return from Amazon. Agent updated that the Team will get back and asked the customer to check the email corresponds to it.,1 days 00:35:15
6024375bd34d7cf57127212efeaa0bf5,"[352709, 352710, 352712]","{352709: Timestamp('2017-10-08 14:21:41+0000', tz='UTC'), 352710: Timestamp('2017-10-08 14:34:28+0000', tz='UTC'), 352712: Timestamp('2017-10-08 11:57:54+0000', tz='UTC')}","@MicrosoftHelps We have #MicrosoftFamily We have given our dd permission a minimum 4 times to login to certain websites, &amp;    /1 @MicrosoftHelps Only before we set up Microsoft Family @199862 Help is here. You can set the right limits for your child by following the steps here: https://t.co/W2OJEhDJ0S. Update us.",Customer is enquiring about the denied access to one of their family members when tried to view the website. Agent requests to try using different browser and states to set the right limits by following the steps from shared URL.,0 days 02:36:34
f9a5857934d84f0b3701f05a09eef52a,"[171712, 171717, 171721, 171722, 171723]","{171712: Timestamp('2017-11-19 02:06:33+0000', tz='UTC'), 171717: Timestamp('2017-11-24 22:31:26+0000', tz='UTC'), 171721: Timestamp('2017-11-19 01:02:34+0000', tz='UTC'), 171722: Timestamp('2017-11-19 00:50:00+0000', tz='UTC'), 171723: Timestamp('2017-11-19 00:44:43+0000', tz='UTC')}","Your Amazon Prime membership isn't worth it if your cut rate delivery service can't deliver the packages on time or correctly @115851 @115821 @156099 I am so sorry about your orders! Have you recently had a delivery late or delivered incorrectly? We want to help in any way possible! ^LS @AmazonHelp So a whole day lost...  and now we have a second package coming tomorrow, which might have the same problem.  Can't go anywhere if your service is doing the delivery.  Wouldn't be a problem with USPS, UPS, or Fedex. @156099 I can confirm that we have received your information! We will review your information as soon as possible! ^LS @156099 I'd like to have a member of our team investigate further into this matter with you. Will you please send us your details at your nearest convenience: https://t.co/G5ADR8PmY3? ^GM",Customer is complaining about the late arrival of the amazon prime packages. Agent updates to provide the details to the nearest convenience.,5 days 21:46:43
32d0e78096aa3bf412a82dc0712805ff,"[1287013, 1287015, 1287025, 1287027, 1287029]","{1287013: Timestamp('2017-10-26 19:01:33+0000', tz='UTC'), 1287015: Timestamp('2017-10-26 18:44:58+0000', tz='UTC'), 1287025: Timestamp('2017-10-27 06:16:00+0000', tz='UTC'), 1287027: Timestamp('2017-10-27 16:46:33+0000', tz='UTC'), 1287029: Timestamp('2017-10-26 19:01:33+0000', tz='UTC')}","@115850 2 days back it said 650 why the sudden price increase plus it’s only 10$ that’s 650 rupees not 2000 plus y are u ripping Customers https://t.co/PsLGgtSqB2 @406984 you the lowest price, may result in fluctuations in our prices over time. ^NR 2/2 @406984 Pricing and offers are decision of the sellers. The constantly changing marketplace and our efforts to offer ^NR 1/2 @406984 The price that you see on the website is the best the seller is able to provide at this moment. (1/2) ^KA @406984 We've noted your comments and have forwarded your feedback internally.(2/2) ^BA",Customer is complaining about the sudden price increase. Agent informed the customer that the pricing and offers are the decision of the sellers and  also informed that he will pass the information to the concerned team.,0 days 22:01:35
a750409471aea269d8a8c8feb939c465,"[244331, 244332, 244336, 244339]","{244331: Timestamp('2017-10-05 14:52:50+0000', tz='UTC'), 244332: Timestamp('2017-10-05 14:51:17+0000', tz='UTC'), 244336: Timestamp('2017-10-05 15:25:19+0000', tz='UTC'), 244339: Timestamp('2017-10-05 15:29:01+0000', tz='UTC')}","@SpotifyCares Sure. I'm using the One Plus 2 with Android 6.0.1 and Spotify Version 8.4.21.508 armV7 @SpotifyCares I used to have premium till it started to do that @174039 Thanks for letting us know. Does it happen over 3G/4G, WiFi, or both? /SY @174039 Can you DM us your account's username and email address? We'll take a look backstage /SY https://t.co/ldFdZRiNAt",Customer is complaining that he cannot run the Spotify app in the background when using other apps even after restarting the phone. Agent requests for the email address along with the version details of Andoid and Spotify app.,0 days 00:37:44
4d2c436995dba0d2a9bef69e1874dc8a,"[956423, 956424, 956426, 956427]","{956423: Timestamp('2017-10-20 11:22:02+0000', tz='UTC'), 956424: Timestamp('2017-10-19 18:03:06+0000', tz='UTC'), 956426: Timestamp('2017-10-20 12:07:57+0000', tz='UTC'), 956427: Timestamp('2017-10-20 12:53:50+0000', tz='UTC')}","@Morrisons So which stores in Central Scotland are stocking this ? Tried 3 stores in Edinburgh several times.  Nada #volcanicvindaloo @Morrisons So which stores in central Scotland?  Tried 5 shops all early morning.  #volcanicvindaloo @Morrisons Tried The Gyle, Granton, Ferry Road, Livingston and Bathgate @346938 I've spoken to the Hunters Tryst store who have some stock, but the curries are sold on a first come fist served basis. - Adam","Customer wants to know which store is central scotland as the gyle, granton, ferry road, livingston and bathgate are the five places where customer had tried to find. Agent informed the customer that they will inform the hunters and also informed that the curries are provided in first comes first serves order.",0 days 18:50:44
7c2447bc466630e291b5172a611f136c,"[1081638, 1081643]","{1081638: Timestamp('2017-10-23 18:39:59+0000', tz='UTC'), 1081643: Timestamp('2017-10-23 16:34:12+0000', tz='UTC')}","@Tesco Very concerned that this product can be sold to children,it is an aerosol can that has no age restriction in its purchase😳 https://t.co/vI4SRlNkDg @375151 Hi there Debbie, I can totally see your concern. Can you DM us your full name &amp; address so we can get this issue logged and reviewed? James","Customer is concerned about the aerosol product which has no age restrictions. Agent is updating him to DM his full name & amp, address so that they can logged and reviewed.",0 days 02:05:47
a8fcae241696f3495ecb3cefb5601942,"[1711730, 1711738]","{1711730: Timestamp('2017-11-07 01:42:01+0000', tz='UTC'), 1711738: Timestamp('2017-11-07 01:25:31+0000', tz='UTC')}","So my @115817 MyChoice scheduled delivery for November 2 didn't arrived, and was rescheduled to November 3 by EOD. I spent the day waiting. 1/ @461795 I'm sorry for the experience you went through. Can you DM me your tracking number please? ^AZ https://t.co/wKJHDXWGRQ",Customer is complaining about the delivery experience with mychoice. Agent shared an URL and requests to provide the tracking number.,0 days 00:16:30
4e688a7c5cd78c27c2d510262c93d66a,"[1321965, 1321967, 1321968, 1321969, 1321971]","{1321965: Timestamp('2017-10-27 09:40:28+0000', tz='UTC'), 1321967: Timestamp('2017-10-27 11:13:56+0000', tz='UTC'), 1321968: Timestamp('2017-10-27 11:21:11+0000', tz='UTC'), 1321969: Timestamp('2017-10-27 12:28:46+0000', tz='UTC'), 1321971: Timestamp('2017-10-27 13:25:24+0000', tz='UTC')}",@O2 Now it's saying there's going to be over 6 weeks wait for the device! @428604 An estimated delivery period would be given during the pre-order process. Have you placed your order? @O2 Not if I have to wait that long for the phone @428604 We recognise delays can be frustrating &amp; will Reward Your Patience: https://t.co/IFLktbEdSw @428604 Airtime credit 👍,Customer is not happy with the 6 weeks waiting time for its delivery once pre-ordering a device. Agent states that it is an estimated delivery time and will reward their patience with the airtime credit.,0 days 03:44:56
0d83c176933128349414da2da31ed646,"[2678193, 2678196, 2678197, 2678200]","{2678193: Timestamp('2017-10-31 14:41:47+0000', tz='UTC'), 2678196: Timestamp('2017-10-31 14:36:48+0000', tz='UTC'), 2678197: Timestamp('2017-10-31 14:35:16+0000', tz='UTC'), 2678200: Timestamp('2017-10-31 14:30:28+0000', tz='UTC')}",@VirginTrains travelling home first class toilets closed as train busy coming down disabled passenger next to me can’t walk 3 carriages 😡 @753663 We'll certainly feed this back. Have you spoken with any of the onboard staff about this issue? They'd be best placed to assist @VirginTrains Yes and can’t help next toilet 3 carriages away and she can’t walk that far wasn’t informed when assisted to her seat!!! @753663 We'll certainly feed this back ^CB,Customer is complaining that they weren't informed by the staff about the rest room for the disabled passenger which was 3 carriages away. Agent is about the response from the onboard staff about the issue and they would help accordingly.,0 days 00:11:19
ba7524faa4d091aad806ab3dd15aabfb,"[726908, 726911]","{726908: Timestamp('2017-10-11 03:51:26+0000', tz='UTC'), 726911: Timestamp('2017-10-11 17:26:03+0000', tz='UTC')}","@ATVIAssist this jimenez dude smh..whole team cheating but he loves those team kills...n points you reward for cheating? https://t.co/srolPxWCwE @294123 Rest assured, in-game reports will be reviewed by the studio and appropriate action will be taken. ^DL",Customer is complaining that one whole team is cheating in the game. Agent is assuring that in-game reports will be reviewed  by the studio and appropriate action will be taken.,0 days 13:34:37
61543656a138617af0473753d7a5ae57,"[380085, 380086, 380088, 380089, 380092]","{380085: Timestamp('2017-10-09 08:27:19+0000', tz='UTC'), 380086: Timestamp('2017-10-09 08:30:25+0000', tz='UTC'), 380088: Timestamp('2017-10-09 08:54:52+0000', tz='UTC'), 380089: Timestamp('2017-10-09 10:27:24+0000', tz='UTC'), 380092: Timestamp('2017-10-09 11:07:50+0000', tz='UTC')}","@AskeBay I'm using Wifi. I'm being logged out from my ebay acc by itself after I tried to log in my paypal at checkout to make a payment. @206165 OK, can I ask you to try turning off your wifi and try mobile data? What phone are you using? Let us know when you can. Thanks ^SG @AskeBay I tried using mobile data just like you asked me just now but it's still happening. Help me 😢 It's Samsung s6 edge anyway. @206165 code and eBay App version number raise this to our technical support. Let us know ^SG 2/2 @206165 Thanks for providing that information. I have escalated to the tech team and will notify you once I get a response. Thanks ^SG",Customer is complaining that he is unable to make the payment by logging into paypal with both wifi/mobile data. Agent is requesting for the code and eBay app version number and escalated the issue to the tech team.,0 days 02:40:31
e4507e397aa1ea15627242cd6b4f6f95,"[1270071, 1270076, 1270076, 1270077, 1270078]","{1270071: Timestamp('2017-10-16 05:03:05+0000', tz='UTC'), 1270076: Timestamp('2017-10-16 15:19:53+0000', tz='UTC'), 1270077: Timestamp('2017-10-16 06:15:37+0000', tz='UTC'), 1270078: Timestamp('2017-10-16 04:17:08+0000', tz='UTC')}","@comcastcares just trying to renew my contract, and after 1hr 9min, call was disconnected. is it possible to find out who i was speaking w/? @comcastcares Want to give him the credit for the new contract but I don't have his name or direct line @417371 Hello, Thank you for reaching out to us. We are able to look into renewing your plan.  Please send us a DM with @417371 In order to research this, I'll need your account information. Please send me a DM with your name, phone number, and address. -EW","Customer wants to renew the contract and wants to speak with  same person  that he was spoke previously. Agent informed they will look into the renew plan and inform to send the account information, DM,phone number and address.",0 days 11:02:45
92620248ff964382865c9239d85d51d5,"[929343, 929344, 929348]","{929343: Timestamp('2017-10-13 22:04:54+0000', tz='UTC'), 929344: Timestamp('2017-10-13 20:47:53+0000', tz='UTC'), 929348: Timestamp('2017-10-14 18:39:55+0000', tz='UTC')}",I’m at the bank. These bankers are standing around talking instead of helping us who are waiting. Thanks @116035 can’t wait to switch @340499  Please send us the street/city/zip of the financial center location. Thank you. ^sp @340499 Please send the requested information so we may address it with the appropriate parties. Ty! ^az https://t.co/CoOXedUuUC,Customer is complaining about the bank staff who were wandering around instead of helping the customers. Agent requests for the location details of the bank to share it with appropriate parties for resolving the issue.,0 days 21:52:02
735f799a4a4a9c3e0158cca281808887,"[579516, 579518, 579520, 579521, 579522]","{579516: Timestamp('2017-12-03 11:21:00+0000', tz='UTC'), 579518: Timestamp('2017-12-03 11:13:05+0000', tz='UTC'), 579520: Timestamp('2017-12-03 11:52:05+0000', tz='UTC'), 579521: Timestamp('2017-12-03 11:57:28+0000', tz='UTC'), 579522: Timestamp('2017-12-03 12:13:30+0000', tz='UTC')}","@Delta if my flight boards at 720 how early do I have to be there to check luggage I think I may be out of luck @256480 Hi, Stacy. You need to be at the airport at least 2 hours prior to departure.  *TJH @Delta I’m still in stand still traffic and I’m afraid I will miss that one too. Can you confirm on the next flight? The fee is fine @256480 Oh, no! There is one at 10:00, 11:21 or at 12:27, which one would work better for you? *TJH @Delta I know ... crazy..1121 is probably the safest bet the way this morning is going. Thank you for all of your help TJH! Delta always is so helpful",Customer enquires about the Delta Flight timings reschedules. Agent updated all the timings of the Flight which is convenient for the customer.,0 days 01:00:25
1af5365bcf2627b2532888c4a7ff9463,"[495819, 495820, 495821, 495822]","{495819: Timestamp('2017-12-01 18:25:28+0000', tz='UTC'), 495820: Timestamp('2017-12-02 10:33:33+0000', tz='UTC'), 495821: Timestamp('2017-12-01 18:19:02+0000', tz='UTC'), 495822: Timestamp('2017-12-02 10:36:00+0000', tz='UTC')}","@AmazonHelp I'd much rather have an explanation as to how it failed? @233267 Happy to help, Xan! We don't have access to your account via Twitter. Please contact us by phone or chat and we'll be happy to research this closer for you: https://t.co/JzP7hlA23B. Please keep us posted! ^SD @AmazonHelp Somebody emailed me, they marked it as high priority to be delivered today, it's now saying it's been delivered, I rang my mum, she said nobody has come to her door at all. I've now sent another email. More fuming than yesterday now! @233267 Sorry to hear that. Can I ask if you've checked with your neighbours or any safe locations around the property?^TI",Customer is enquiring about the delayed delivery and false email which states that the product is delivered. Agent requests to contact them by phone or chat and to check with the neighbours or any safe locations around the property.,0 days 16:16:58
9ba9b58479382a0434ad39a12b357869,"[612579, 612585, 612589, 612591, 2805583]","{612579: Timestamp('2017-11-22 13:41:10+0000', tz='UTC'), 612585: Timestamp('2017-11-22 11:42:22+0000', tz='UTC'), 612589: Timestamp('2017-11-22 13:57:42+0000', tz='UTC'), 612591: Timestamp('2017-11-22 18:47:33+0000', tz='UTC'), 2805583: Timestamp('2017-11-22 11:41:47+0000', tz='UTC')}","@AirAsiaSupport Hi, could you help me to check for this flight it is confirmed? As that day (18 November 2017) I bought the ticket alrdy but they email me said that the transaction is unsuccessful but the amount is deducted from my bank account. @AirAsiaSupport Hi, could you help me to check for this flight it is confirmed? As that day (18 November 2017) I bought the ticket alrdy but they email me said that the transaction is unsuccessful but the amount is deducted from my bank account. @265688 Hi There, as we checked booking no found with the guest name and flights details. May we have the screenshot of the payment slip? @265688 Hi There, booking number MQFTPX, payment have been posted and valid. itinerary sent. Thank you. -Prabu @265688 Yes, Elin. Booking is confirmed with payment. Make it a great day :) Thanks-Sha",Customer is complaining about amount has been deducted from bank account but received the email  transaction is unsuccessful. Agent updated that booking is confirmed with payment.,0 days 07:05:46
dd8c4813f4ffcfd8574e125b454e5fbc,"[575902, 575906]","{575902: Timestamp('2017-12-03 08:26:04+0000', tz='UTC'), 575906: Timestamp('2017-12-03 09:03:00+0000', tz='UTC')}","@116618 @AmazonHelp can an Echo Plus act as an auxiliary speaker when viewing streaming content on my TV (regardless if it’s Prime content or otherwise)? @252816 Yes, it is our customer service page. However, when you get in touch you will be directed to the Echo team for assistance. ^JC.",Customer enquires that an echo plus act can work as a auxilary speaker when viewing streaming content. Agent updated him to get in touch with echo team for further assistance.,0 days 00:36:56
4cbf3edf0e6fbca16cc9452263bf6aed,"[1123986, 1123988, 1123989, 1123990]","{1123986: Timestamp('2017-10-14 13:49:43+0000', tz='UTC'), 1123988: Timestamp('2017-10-14 11:55:02+0000', tz='UTC'), 1123989: Timestamp('2017-10-18 17:35:20+0000', tz='UTC'), 1123990: Timestamp('2017-10-18 17:39:54+0000', tz='UTC')}","@139798 @139797 @sainsburys why remove the crosses from the church? I saw @117246 down the same is this PC gone mad? https://t.co/zHXnl313SL @385049 Sorry Tas, we're just looking into this for you, we'll get back to you as soon as we've got more info. Aisha @385049 Hi Tas. We're aware of this issue and are already in the process of correcting the image on the bottle. Corey @sainsburys I hope so because it’s not just me you’ll be getting messages from!",Customer is complaining why crosses has been removed from the church. Agent updated that he would aware of this issue and are already in process.,4 days 05:44:52
c2a3096e285ac728e26a218c7941ef45,"[2156846, 2156848, 2156851, 2156857]","{2156846: Timestamp('2017-11-09 03:10:54+0000', tz='UTC'), 2156848: Timestamp('2017-11-09 03:07:13+0000', tz='UTC'), 2156851: Timestamp('2017-11-09 03:04:51+0000', tz='UTC'), 2156857: Timestamp('2017-11-09 02:42:43+0000', tz='UTC')}","@VerizonSupport All TVs pixelated. Audio as well. Can't get help @VerizonSupport Tv also says ""inial download in progress, it takes a couple of minutes"" however it has been 2 hours. @633628 Yes, at the main splitter. Once you reseat the connections reboot the one that is downloading. ^JRA @633628 If you still have the trouble after reseating the coax connections follow us and send a DM.  ^JRA","Customer is explaining about the problem with his TV and the connections, also he states that the initial download is in progress from past 2 hours. Agent requests to reset the connections and reboot the downloading. Also he suggests to reply if the issue persists even after resetting the coax connections.",0 days 00:28:11
50491a8d72a390b827085d461c836561,"[550568, 550572, 550574, 550574]","{550568: Timestamp('2017-12-02 18:59:00+0000', tz='UTC'), 550572: Timestamp('2017-12-03 15:10:29+0000', tz='UTC'), 550574: Timestamp('2017-12-02 18:51:09+0000', tz='UTC')}","@AmazonHelp Yes I’m a prime member paying for the service and the delivery driver always lies and says delivery attempted. He says it’s because Amazon fine him for delivering late so it’s better for him to say he tried to deliver when he can’t get round enough addresses. https://t.co/gKs8dkJJ0v @248256 I'd like a member of our team to look into this with you. Please fill in the details here: https://t.co/qiF8Ofu7kj and we will be in touch. ^MT @248256 Hi, I can confirm we have received your details and will contact you shortly.^BZ",Customer complaining about the order that he has made in Amazon. Agent updated that to fill the form in the provided URL and their team member will look in to it.,0 days 20:19:20
7dc5b295cb2017be86b621fa981f08ef,"[2110037, 2110038, 2110042, 2110043]","{2110037: Timestamp('2017-10-29 04:01:08+0000', tz='UTC'), 2110038: Timestamp('2017-10-29 03:20:01+0000', tz='UTC'), 2110042: Timestamp('2017-10-29 04:07:28+0000', tz='UTC'), 2110043: Timestamp('2017-10-29 04:09:39+0000', tz='UTC')}",[My Best Fans] @622488 @117735 @153185 @84292 @TMobileHelp via https://t.co/6sBjMMlhoV https://t.co/f3W6ZGr02W @TMobileHelp Because AT&amp;T requires more work...guess who switched from AT&amp;T to T-Mobile and is loving the new service...DIS GUYYYY @TMobileHelp I need some #TeamMagenta merch @622487 Check out: https://t.co/QI93JTN0qg 💪😎🌟 *PatrickUllmann,Customer is telling  how T-mobile has the best service than AT&amp. Agent is happy to hear the response from the customer.,0 days 00:49:38
3561bc843e4b310a407d6997f9aabdba,"[2735538, 2735540, 2735543, 2735544]","{2735538: Timestamp('2017-11-20 17:41:30+0000', tz='UTC'), 2735540: Timestamp('2017-11-20 20:53:48+0000', tz='UTC'), 2735543: Timestamp('2017-11-20 19:35:14+0000', tz='UTC'), 2735544: Timestamp('2017-11-20 19:36:59+0000', tz='UTC')}","Wow @BofA_Help, you literally suck as a bank, cant even hold a conversation via twitter message. I’d like my issue resolved by today so if you could respond like now, that would be great. #shittyasscustomerservice #terriblebank #cantwaittoswitch @766633 We need to speak privately. You can contact us at 1.888.884.4950 24/7. @BofA_Help I have messaged you guys directly thru twitter and I got a response and then you people stopped responding. So if you can reply to my message via twitter message that would be great. @766633 We want to keep your business, but to take any action on your account we need to speak with you by phone. ^sb",Customer is complaining about the not responding via twitter message. Agent informed the customer to call on private number so that they can take any action on account.,0 days 03:12:18
edd598277caefe1c68439ddbda463d30,"[2732919, 2732920, 2732921, 2732923]","{2732919: Timestamp('2017-11-20 16:29:33+0000', tz='UTC'), 2732920: Timestamp('2017-11-20 16:57:03+0000', tz='UTC'), 2732921: Timestamp('2017-11-20 16:56:00+0000', tz='UTC'), 2732923: Timestamp('2017-11-20 15:48:35+0000', tz='UTC')}","The iOS update sucks, my apps crash, it’s slow af, and like...what are the improvements?? This is why I never update. 😒 @410910 Understood! Let's see if we can delete and reinstall both FaceBook and Instagram to see if the issues persist: https://t.co/bNH7gNvF9e Let us know the results once completed. @AppleSupport Sounds good in theory, but I don't think that's the issue. I just tried to open several apps that I updated last night (insta, snapchat, linkedin, tumblr, Fb, theScore) and all of them locked up. They all freeze, and *sometimes* eventually work. @AppleSupport However, it tends to crash mostly when I open it, it loads, I go back to main menu, and then try to go back in. With every app. I don't want to delete all my apps.",Customer is complaining about the app crashing issue and iOS update  sucks. Agent asked to delete and reinstall the applications. Agent has also provided the URL.,0 days 01:08:28
5c33b5161a9db1f5f5d912b577426f6b,"[1729387, 1729393, 1729393, 1729394]","{1729387: Timestamp('2017-11-07 11:00:35+0000', tz='UTC'), 1729393: Timestamp('2017-11-07 10:20:38+0000', tz='UTC'), 1729394: Timestamp('2017-11-09 10:42:46+0000', tz='UTC')}","This is how you @idea_cares @116331 do marketing? Add people in bulk to WhatsApp group #idea4g https://t.co/85rvc39dXQ @522694 Witout your contact details we are unable to ressolve this issue. Please provide your contact number for furhter assistance.[2/2] @522694 We're awaiting for your response to resolve ur issue. Pls provide the same within next 24 hrs. Rgds, Idea Care",Customer is not happy with how the marketing is done by Idea network. Agent requests for the contact number for better assistance in resolving the issue.,2 days 00:22:08
747cced3816198da6a1ad4cafca15486,"[1141890, 1141905, 1141907]","{1141890: Timestamp('2017-10-24 15:39:20+0000', tz='UTC'), 1141905: Timestamp('2017-10-24 17:50:11+0000', tz='UTC'), 1141907: Timestamp('2017-10-24 18:01:27+0000', tz='UTC')}",Amazon  order # 171-3513893-7891514. I requested for return. Now it is going to be 15 days but till now it hasn't been pickup. @115821.IN @AmazonHelp I am hearing same reply from last 15 days from your customer executive @115821.IN @amazonHelp let see how much more time does it take @219482 We would do our best to make things right for you. Kindly share your details over the secure link. ^CB,Customer is concerned about the package he requested for return which has not picked up yet even after communicating with the customer executive from past 15 days. Agent requests for the personal details over the secure link he shared and assures they would rectify it soon.,0 days 02:22:07
bffb2a034fe491af43ba91af8d6f8ae7,"[1395873, 1395877, 1395877, 1395882]","{1395873: Timestamp('2017-10-16 16:41:39+0000', tz='UTC'), 1395877: Timestamp('2017-10-18 14:25:07+0000', tz='UTC'), 1395882: Timestamp('2017-10-16 14:51:08+0000', tz='UTC')}","And all I need is my music to keep me from going crazy and Spotify won’t load or play more than a few songs before crashing through their website player. @444595 Are you able to try a different web browser? Also, do you have any antivirus/firewall programs activated? Keep us posted /KL @444595 Can you try using an incognito window? Could you also ask your work IT if they've put up some restrictions that might block Spotify? /JP","Customer is complaining that the Spotify website player is crashing whenever tried to play the songs. Agent suggests to use a different web browser, incognito window and states to enquire with IT team for any restrictions they have put.",1 days 23:33:59
08ec147ea39da330c5aa064537abc525,"[1646635, 1646636, 1646637, 1646638]","{1646635: Timestamp('2017-11-26 05:34:48+0000', tz='UTC'), 1646636: Timestamp('2017-11-26 03:47:31+0000', tz='UTC'), 1646637: Timestamp('2017-11-26 05:52:19+0000', tz='UTC'), 1646638: Timestamp('2017-11-26 05:52:19+0000', tz='UTC')}","@JetBlue, asking your passengers to stand in this line that wraps around out of sight to get to the train for the terminal at Orlando is unconscionable. You need to fix this with buses or something ASAP. It left a very bad taste in my mouth after a long trip. https://t.co/Vizeu8Gn6M @JetBlue I understand WHY they are being replaced and I understand it is the responsibility of the airport, but it is more than just not ideal. Traveling during the holidays is stressful enough. Being ok with cutting capacity in half is very disappointing. @503116 ...that can be put into place in coordination with everyone involved at the airport to help things run smoother. Unfortunately, longer lines are part of the process until the improved product is finished. 2/2 @503116 Airport renovations are something we look closely at as we understand it will affect how our customers are able to get to and from their flights. We don't look to reduce flights as we know that takes travel options away, but we do look at available options and workarounds... 1/2",Customer is complaining about the inconvenience of the transportation. Agent is looking for the renovations and available options and to workarounds.,0 days 02:04:48
8b9ec240e98a382563cb000cd6b027ed,"[1011993, 1011996, 1011997, 1012000]","{1011993: Timestamp('2017-10-22 18:02:09+0000', tz='UTC'), 1011996: Timestamp('2017-10-22 17:50:48+0000', tz='UTC'), 1011997: Timestamp('2017-10-22 17:53:32+0000', tz='UTC'), 1012000: Timestamp('2017-10-22 17:46:55+0000', tz='UTC')}","@115722 and then when I do, it keeps taking me to the main account dashboard, which is useless. @VerizonSupport Undetermined, a lot of them but not all. Not just HD channels. I've power cycled both the STB and VZ router (haven't touched ONT). @359452 We want to make sure the needle wire is straight on both ends. Reconnect everything after 30 seconds. ^DDD @VerizonSupport Here’s the diag info from the STB. https://t.co/FYJgN24iS9",Customer is stating the error in the chanel. Agent updated that it is due to associated signal issue.,0 days 00:15:14
9d9986f6687e0157bf423009c87a7f82,"[2352890, 2352891, 2352892, 2352895]","{2352890: Timestamp('2017-11-13 18:27:55+0000', tz='UTC'), 2352891: Timestamp('2017-11-13 17:08:10+0000', tz='UTC'), 2352892: Timestamp('2017-11-13 20:36:57+0000', tz='UTC'), 2352895: Timestamp('2017-11-13 22:37:52+0000', tz='UTC')}","@XboxSupport  @10431 yo I need help port forwarding to open my NAT type or even resetting my UPnP. @XboxSupport Will port forwarding open my NAT or will I need to reset my UPnP? @679919 Before you do that, let's have you try the steps here https://t.co/0zBS4AjUXl to open up your NAT ^JS @679919 If those steps did not help open your NAT type you may need to reach out to your  1 ^BL",Customer is seeking help to port forwarding to open customers NAT type and reset customer's UPnP. Agent provided URL and asked customer to find a list of Xbox live ports through which NAT can be opened.,0 days 05:29:42
ad10c509c9fd6db420ab85ac37607047,"[1045948, 1045949, 1208654, 1208658]","{1045948: Timestamp('2017-10-23 10:06:14+0000', tz='UTC'), 1045949: Timestamp('2017-10-23 10:15:25+0000', tz='UTC'), 1208654: Timestamp('2017-10-25 10:28:18+0000', tz='UTC'), 1208658: Timestamp('2017-10-25 11:27:00+0000', tz='UTC')}","@122569 Just want to let you know that nobody is working, I went to my nearest idea store 2 times but they are just giving excuses. @367269 the details of store full name, address with pin code and their contact details and 2/3 https://t.co/LBfZgLCSfr @idea_cares the store is in front of C 21 mall.Indore.
Can u provide me the idea ported sim? @367269 Cellular Please DM your location with pincode so we can get in touch with you for best mnp offers.2/2
Rgds,Mohit",Customer is complaining about the interaction he had with the executives when he last visited to the nearest idea store. Agent is requesting to provide additional information regarding the idea store to assist better with the issue.f.,2 days 01:20:46
abf8603770dc04865b1841c8c930a73d,"[1106812, 1106814, 1106815, 1106816]","{1106812: Timestamp('2017-10-24 00:41:05+0000', tz='UTC'), 1106814: Timestamp('2017-10-24 00:50:37+0000', tz='UTC'), 1106815: Timestamp('2017-10-24 00:53:09+0000', tz='UTC'), 1106816: Timestamp('2017-10-24 00:58:28+0000', tz='UTC')}","@SpotifyCares It’s saying the developers need to update the app ? @381216 Could you tell us the exact Spotify app version you have on your device? We'll see what we can suggest /JU @SpotifyCares All good , I managed to get in finally but the issue is I can not sign in with my Facebook app account, I had to manually type it in. @381216 That's great! Just give us a shout if you need anything else. We're... https://t.co/zOXI69QSqg /JU",Customer has updated iOS but it is not compatible with spotify6 and customer have also stated that it is unable to login facebook account. Agent asked the customer about the version of spotify app to resolve the issue.,0 days 00:17:23
93693229308e8e1f04b27515c7e19a5f,"[8816, 8818]","{8816: Timestamp('2017-10-31 23:51:06+0000', tz='UTC'), 8818: Timestamp('2017-10-31 23:30:58+0000', tz='UTC')}","@hulu_support @115940 AT WHAT POINT CAN I EXPECT TO WATCH A LIVE PROGRAM WITHOUT BUFFERING EVERY FEW MINUTES @117581 Oh no! Which device do you use? Are all channels affected? For now, please try a quick reboot of your device+modem/router.","Customer is complaining about the buffering issue when streaming a live program. Customer requests to reboot the device and modem/router, further he is requesting for the additional clarification about the issue.",0 days 00:20:08
1bc13a5f4578a44bd323e07a89bd136a,"[1988207, 1988208, 1988209, 1988209]","{1988207: Timestamp('2017-11-26 10:39:05+0000', tz='UTC'), 1988208: Timestamp('2017-11-25 15:47:58+0000', tz='UTC'), 1988209: Timestamp('2017-11-26 11:24:56+0000', tz='UTC')}","@sainsburys This true? https://t.co/nvqo2WoxL1 @sainsburys ""Own label""? What about the rest? @588457 Unfortunately we can't comment on other brand's products. I'd recommend speaking with a manufacturer of a product directly if you would like more information. Thanks, Dee",Customer is enquiring about the Sainburys URL. Agent informed that they can't comment on other brand products.,0 days 19:36:58
adbfa29c786907eaae21fa73af9e3491,"[2077216, 2077219, 2077222, 2077223, 2077223]","{2077216: Timestamp('2017-10-09 12:35:19+0000', tz='UTC'), 2077219: Timestamp('2017-10-09 11:20:20+0000', tz='UTC'), 2077222: Timestamp('2017-10-09 13:40:41+0000', tz='UTC'), 2077223: Timestamp('2017-10-09 15:27:12+0000', tz='UTC')}","@British_Airways...why am I losing my flights collected every time my tier points collection ends? @614345 Hi Mikaela, this will be part of the terms an conditions of the Executive Club. Login and check this on our website to confirm. ^Danny @British_Airways It was not mentioned that we have to collect those flights within a year to move to the next level @614345 Our Executive Club team would like to contact you directly. Please DM your account number, full name, date of birth and address. ^Julie","Customer having an issue with Flights tier points. Agent informed the customer stating that the Executive club team will contact directly and also inform to send DM account number,full name, date of birth and address.",0 days 04:06:52
b4982e543fcd327c5278f8587faf0298,"[1525349, 1525356]","{1525349: Timestamp('2017-11-03 21:37:18+0000', tz='UTC'), 1525356: Timestamp('2017-11-03 19:43:58+0000', tz='UTC')}","@VirginTrains didn't know there was an only 1 alcoholic drink rule in first class and a Hubble telescope portion for dinner. @473779 I see, did you mention this to the team en route, Michael? ^MW",Customer is complaining that there is only one alcoholic drink rule in first class and a hubble telescope portion for dinner. Agent is asking whether he has mentioned this to the team en route.,0 days 01:53:20
f3dda0400929a7e4c1dcf4587b9f32fd,"[136508, 136510, 136511, 136512]","{136508: Timestamp('2017-11-28 10:24:21+0000', tz='UTC'), 136510: Timestamp('2017-11-28 17:24:55+0000', tz='UTC'), 136511: Timestamp('2017-11-23 19:19:35+0000', tz='UTC'), 136512: Timestamp('2017-11-23 15:51:06+0000', tz='UTC')}","@O2 do you offer personal hotspot on payg sims? https://t.co/eBbZllZvC9 @146776 Hi Renee 👋🏼 Our Pay and Go packages don't support personal hotspots, no. We'd love for you to join us though, can we help you with anything else? @146776 🤔 Which phone will you be using Renee? You can take a look at the predicted coverage for your area here https://t.co/agEBu84C6R @146776 Okay, so we can advise further please chat to us on the link here: https://t.co/XrXpASGB7O","Customer enquired about, Is  O2 having an offer a personal hotspot on payg sims. Agent updated that Our pay and Go packages not supports personal hotspot and inform to send the screenshot and phone details for further advise.",5 days 01:33:49
7081662f272b157aab65b31a9d0e1f06,"[212204, 212207, 212208, 212211]","{212204: Timestamp('2017-10-04 14:33:00+0000', tz='UTC'), 212207: Timestamp('2017-10-07 19:07:43+0000', tz='UTC'), 212208: Timestamp('2017-10-04 12:18:54+0000', tz='UTC'), 212211: Timestamp('2017-09-29 15:09:46+0000', tz='UTC')}","Dear @116827 if you know there is no money in the account, don't swipe the card, it's that damn simple. @Ask_WellsFargo YES! I hate Wells Fargo's slimy dirty sneaky tricky ways to scam people out of more money when they need it most. It makes me sick @166298 If there's a specific experience that made you feel unhappy with us, please let me know (no account numbers). ^TL @Ask_WellsFargo Wells Fargo, let it be known now, you fucked with the wrong one. I love you but I hate you. Seriously we were like best buds",Customer is saying that there is no money in the account and not to swap. Customer is using slang language as well. Agent is asking customer's account number. Since the customer is unhappy.,8 days 03:57:57
36ebd415ef21beb52e696c5c4a6f34d9,"[974168, 974172, 974173, 974174]","{974168: Timestamp('2017-10-22 03:23:02+0000', tz='UTC'), 974172: Timestamp('2017-10-22 22:37:04+0000', tz='UTC'), 974173: Timestamp('2017-10-22 23:53:51+0000', tz='UTC'), 974174: Timestamp('2017-10-23 00:34:57+0000', tz='UTC')}","@AskeBay How exactly? I’ve tried many ways and I can’t seem to find the add new listing option. @351018 Strange! Be sure to update to the latest version &amp; check your country/region in settings. If that doesn't help, let us know. ^LB @AskeBay Yeah as soon as new updates come out I update my apps. My regio is in Puerto Rico. @351018 Thanks! DM your user ID, version of app, model of phone &amp; version of operating system. We'll reach out to Mobile. ^LB",Customer is having trouble to find the add new listing option and states that he would update to the latest versions as soon as it is available. Agents requests to update to the latest version and to provide additional details to assist better.,0 days 21:11:55
5f5e1d94e6bce1f217595bc56201302a,"[768569, 768573, 768574]","{768569: Timestamp('2017-11-20 12:25:01+0000', tz='UTC'), 768573: Timestamp('2017-11-18 09:46:41+0000', tz='UTC'), 768574: Timestamp('2017-11-21 17:50:11+0000', tz='UTC')}","@116590 @116588 @idea_cares  @116331 @118343 I am a corporate user group customer in idea &amp; want to port in my numbers in vodafone. But every time idea reject application. They are not explaining what the problem is? Help me @116590 @116588 @118343 @303549 As per our telecon, we have noted your concern and our team is working on it. Please give us some time to get back to you. Regards, Heetali @303549 we understand your concern has been discussed and communicated. Regards, Dinesh.",Customer is complaining about the rejected application every time. Agent requests for the additional details along with the alternate numbers.,3 days 08:03:30
484097393d22b7cb958db6086fbc8db2,"[2926575, 2926577, 2926578]","{2926575: Timestamp('2017-11-29 04:02:04+0000', tz='UTC'), 2926577: Timestamp('2017-11-29 03:35:11+0000', tz='UTC'), 2926578: Timestamp('2017-11-29 04:39:21+0000', tz='UTC')}",Is anyone experienced with using the Xbox Elite controller on PC? Can't configure the controller at all in app. Help? @XboxSupport @809714 Hi there! Thanks for reaching out to us. Can you tell us if you've used the USB cord to connect to your PC? ^CO @809714 Typically plugging it in while the app is open should allow it to be used immediately. Can you try a different USB port? ^CO,Customer is complaining that he unable to configure his Xbox elite controller in the app. Agent is suggesting various methods to solve the issue and requests him to follow the guided steps to connect by sharing an URL.,0 days 01:04:10
690d92c809efd09eaef09680ee7336a7,"[2414564, 2414565, 2414567]","{2414564: Timestamp('2017-11-14 15:46:22+0000', tz='UTC'), 2414565: Timestamp('2017-11-14 18:42:53+0000', tz='UTC'), 2414567: Timestamp('2017-11-15 13:55:56+0000', tz='UTC')}",@115888 here we are again. All my downloaded music gone. What makes it even better its my first day of holiday in Tenerife with no music.....well played spotify @570961 We're sorry to hear about that. Can you check if your phone has any cache-clearing apps? /DV @570961 Can you DM us the current version of your Spotify app? We'll check a few things backstage /KT https://t.co/ldFdZRiNAt,"Customer is complaining about the lost downloaded songs on Spotify app. Agent wants to know whether the phone has any cache clearing apps and the storage location of the songs, also requests for the Spotify app version.",0 days 22:09:34
88f04b43e4e5abcc62af9be9ff76cede,"[529000, 529001, 529002, 529003]","{529000: Timestamp('2017-12-02 09:25:00+0000', tz='UTC'), 529001: Timestamp('2017-12-02 09:33:20+0000', tz='UTC'), 529002: Timestamp('2017-12-02 09:20:23+0000', tz='UTC'), 529003: Timestamp('2017-12-02 09:37:27+0000', tz='UTC')}","@AmazonHelp But I’ve got amazon prime and it wasn’t delivered the next day (or even the day after that) so I should be due the credit that is applied when normally selecting “no rush” delivery. @148138 Apologies this is now one of the busiest shopping period of the year. During this busy period, some deliveries may take slightly longer than usual. More information can be found here:  https://t.co/WQDLCJU6jX ^BD @AmazonHelp With respect it’s not my problem. I pay for prime. That link doesn’t tell me when I’ll get my credits that should be due given you didn’t deliver next day as per our agreement. @148138 I understand, Craig. We don't have access to your account over Twitter, but if you reach out here: https://t.co/JzP7hlRCV9 we can take a look in to this issue with you.^TI",Customer is complaining about the delay in delivery of his product and he wants his credits back for late delivery as per agreement. Agent updated that during busy period some deliveries may slightly delay and informed the customer to send the URL for look into the issue.,0 days 00:17:04
95b2aa1e4ccf5be3bc771654ff43d229,"[2681031, 2681034]","{2681031: Timestamp('2017-10-31 15:46:12+0000', tz='UTC'), 2681034: Timestamp('2017-10-31 15:40:48+0000', tz='UTC')}","@VirginTrains I’m not going to make my connection from Preston to Penrith because my train from Liverpool’s late. I’m unsure what to do? @389092 Once you arrive at Preston, speak to station staff who can assist further, Jacqueline ^LC","Customer is telling that he is not making his connection from preston to penrith as his train from liverpool's got late. Agent  updated  that once he arrive at preston, he can speak to station staff who can assist further.",0 days 00:05:24
ca41852a254f3ef2828c0f20cc0040ac,"[806888, 806892]","{806888: Timestamp('2017-10-12 17:45:34+0000', tz='UTC'), 806892: Timestamp('2017-10-12 19:15:40+0000', tz='UTC')}",Hey @VirginTrains - any chance you could get a member of your Talent Team to get in touch with me? Been trying to reach them for weeks... @312266 Can you DM us with details of jobs you've applied for and we can send this to our recruitment team. ^PA,"Customer wants to contact a member from talent team to enquire about the status of his job application, and states that he tried to contact recruitment team and didn't get any responses. Agent requests for the details of the applied jobs so that he could share it with the recruitment team.",0 days 01:30:06
39fe3eba64e68f45ac32e16dd866b20d,"[1330712, 1330717, 1330719]","{1330712: Timestamp('2017-10-27 12:39:53+0000', tz='UTC'), 1330717: Timestamp('2017-10-27 12:54:49+0000', tz='UTC'), 1330719: Timestamp('2017-10-27 12:36:07+0000', tz='UTC')}",@116245  please can someone call me ASAP you won’t answer the store phone @430449 Have you tried calling 0345 1657209 which is the number for the store or 0345 640 2020 for the call centre ~ Olly @430449 Please can you advise what the issue is and I can direct in the right place. Charlotte,Customer wants to contact with an agent and tried calling the store but ended with no response. Agent provides the 2 contact numbers to try out and requests for the details about the issue to resolve it.,0 days 00:18:42
b762299891ba14aa8a114f5d651e8b12,"[1599335, 1599339, 1599342]","{1599335: Timestamp('2017-10-17 09:36:45+0000', tz='UTC'), 1599339: Timestamp('2017-10-17 09:29:59+0000', tz='UTC'), 1599342: Timestamp('2017-10-17 09:28:23+0000', tz='UTC')}","@AmericanAir wow how u have changed.  Carry on that is only allowed under the seat in front?  Seriously?  Last time I fly American Airlines @491143 Sounds like you purchased a Basic Economy fare, Brian. You can read more about that here: https://t.co/MKvFFVF7OZ @491143 We're sorry if you missed the pop ups letting you know about the restrictions. We're looking forward to seeing you.",Customer is complaining about the restriction he had when flying American Airlines which weren't there when he flew last time. Agent states that he has purchased a basic economy fare and the details on the restrictions were in the popups.,0 days 00:08:22
bbf6bfdfee3d197a863fa564b891710e,"[394293, 394297, 394298, 394300]","{394293: Timestamp('2017-10-09 17:36:57+0000', tz='UTC'), 394297: Timestamp('2017-10-09 16:51:01+0000', tz='UTC'), 394298: Timestamp('2017-10-09 16:43:35+0000', tz='UTC'), 394300: Timestamp('2017-10-09 16:52:00+0000', tz='UTC')}","@HPSupport I updated my router and now cannot print.  Any ideas?  I went in and changed my ip address.  no luck #hppsdr #ijkhelp @209425 Hi Cathy, thanks for tweeting. If you are unable to print wireless, then try to reboot the router, printer and computer once...1/3 @209425 Which printer do you use? Have you connected the printer to the network? Check what error you get from PSDR: https://t.co/MlTmaq96iU ..2/3 @209425 Glad to hear that everything is fixed, Cathy. Please reach out again for any further assistance. Regards ^ Sanal",Customer is enquiring about the router which is not getting print even though after changing IP address. Agent is happy for customer response and asking them to reach out for further assistance.,0 days 00:53:22
497263271a6b859924ba4da156c47fa0,"[2224686, 2224687, 2224689]","{2224686: Timestamp('2017-11-10 08:14:11+0000', tz='UTC'), 2224687: Timestamp('2017-11-10 16:52:19+0000', tz='UTC'), 2224689: Timestamp('2017-11-10 16:56:20+0000', tz='UTC')}",@VirginTrains what’s off peak times between WGN AND EUS on 27/12/17 @348922 Off Peak is all day Alexander. ^PA @348922 During that period restrictions are lifted. ^PA,Customer is enquiring about the schedule of Virgin trains during off peak times between WGS and EUS on 27/12/17. Agent states that off peak is all day and the restrictions are lifted in the morning.,0 days 08:42:09
e210ecb390f6cc283dce35303e80a45d,"[2871158, 2871163, 2871164, 2871165]","{2871158: Timestamp('2017-11-28 02:39:44+0000', tz='UTC'), 2871163: Timestamp('2017-11-28 05:34:27+0000', tz='UTC'), 2871164: Timestamp('2017-11-28 05:37:11+0000', tz='UTC'), 2871165: Timestamp('2017-11-28 01:24:43+0000', tz='UTC')}","@SpotifyCares  I tried to listen to music and play a game on my phone. 4 times the music randomly stopped. I tried to read an article, again the music stopped. I tried to read reddit; stopped again. Why the fuck would I pay for such shitty service? How do you stay in business? @797227 Hey there! Can you let us know the Android and Spotify versions you're using? We'll see what we can suggest /RH @SpotifyCares Wi-Fi. Restarting my phone made no difference. @797227 Hmm. Can you DM us your account's email address? We'll take a look under the hood /KB https://t.co/ldFdZRiNAt",Customer is complaining that he cannot run the Spotify app in the background when using other apps even after restarting the phone. Agent requests for the email address along with the version details of Andoid and Spotify app.,0 days 04:12:28
bcc847cdbb1a196e72401f6ab77b68f6,"[1917230, 1917235, 1917235]","{1917230: Timestamp('2017-11-08 00:21:48+0000', tz='UTC'), 1917235: Timestamp('2017-11-07 23:56:46+0000', tz='UTC')}","@British_Airways Hi BA on flight BA0018 from incheon today and am not going to make bag check. Is there anyone i can contact to speed thru? @488217 Hi, Luca. I've tried calling you, however the call is going straight to voicemail. Do you have a number I can reach you on? ^Lisa",Customer enquired about the flight and asked some contact details. Agent asked the customer details.,0 days 00:25:02
c7ebb53fde4fee3243641bb4996e2ec5,"[339937, 339938, 340181, 340186]","{339937: Timestamp('2017-10-07 23:58:50+0000', tz='UTC'), 339938: Timestamp('2017-10-08 00:00:22+0000', tz='UTC'), 340181: Timestamp('2017-10-08 00:12:06+0000', tz='UTC'), 340186: Timestamp('2017-10-08 00:34:57+0000', tz='UTC')}","I am having the most infuriating experience with @AmazonHelp on the phone who legit claim they don't take notes on prior calls. HOW? https://t.co/SURLtAQFdh @AmazonHelp I called 4 hours ago with an issue &amp; was told if it persisted to call back so I did to be told @AmazonHelp doesn't take record of that? @AmazonHelp @115821 I am not receiving notifications on any gift purchases from wish lists &amp; the last rep I spoke with wouldn't transfer me to the registry dep. @197180 If you'd like to, feel free to DM us. We're here to help in any way we can, although we don't have access to your account. ^MB",Customer is complaining about the experience with the amazon help on the phone who do not takes notes on prior calls. Agent updated that registries department has limited phone support hours and also stated to let them know what information was provided when they receive a call back.,0 days 00:36:07
69b9cc7286db785acfc78d7613382ad9,"[1189569, 1189571, 1189572, 1189576]","{1189569: Timestamp('2017-10-29 05:39:21+0000', tz='UTC'), 1189571: Timestamp('2017-10-29 05:50:19+0000', tz='UTC'), 1189572: Timestamp('2017-10-29 05:47:35+0000', tz='UTC'), 1189576: Timestamp('2017-10-25 06:34:45+0000', tz='UTC')}","@AskPlayStation hey I seriously can’t download Fishing Planet, it stopped downloading the game midway through and I tried pausing and (1/2) @399616 Hello Dawson. That's not god. Let's start your PS4 in safe mode and select Restore Default Settings: https://t.co/OOaq76kzAA @AskPlayStation I also believe the error code was (CE-40851-8) @399616 That process restores the PlayStation 4 to the default factory settings.",Customer is stating that it is unable to download fishing planet. Agent provided URL to the customer and asked to restore the playstation.,3 days 23:15:34
11967830f4b14463c172a8c88b293e06,"[2201899, 2201903, 2201904, 2201907]","{2201899: Timestamp('2017-11-26 13:33:29+0000', tz='UTC'), 2201903: Timestamp('2017-11-28 14:31:31+0000', tz='UTC'), 2201904: Timestamp('2017-11-21 14:42:30+0000', tz='UTC'), 2201907: Timestamp('2017-11-21 01:28:37+0000', tz='UTC')}","@AskAmex The statement has generated and still the same! You still going to take a look only? @371505 In order for us to communicate via Direct Message you will need to follow in Direct message.^In @371505 Rachael is currently out of the office. She will contact you when she return tomorrow. @371505 The credits appear on your November statement, there are three separate transactions, totaling the amount. ^RK",Costomer is complaining that the statement is generated which is still the same. Agent  is telling that Rachael is currently out of the office and she will contact him when she is back.,7 days 13:02:54
3b490c0aaf5a696c2a58c5aa6fe5bf24,"[942447, 942448, 942449, 942451, 942452]","{942447: Timestamp('2017-10-21 16:23:31+0000', tz='UTC'), 942448: Timestamp('2017-10-21 13:40:07+0000', tz='UTC'), 942449: Timestamp('2017-10-21 19:08:04+0000', tz='UTC'), 942451: Timestamp('2017-10-21 21:33:47+0000', tz='UTC'), 942452: Timestamp('2017-10-21 21:37:06+0000', tz='UTC')}","@XboxSupport So basically right you think it’s funny to pick on me and my friend, I think not, is because we are white or are you sick heads @XboxSupport Aight so basically me and my friend sir Bradley, were playing and we got a message saying we said mean things and I can assure you we didn’t @154350 Did you receive this message from an official Xbox Account? Could you DM us your Gamertag and a picture of the message? ^JS @154350 To view enforcement actions you can go here: https://t.co/JXq4oCmI9s and if eligible you can submit a case review. ^RR @XboxSupport I really don’t want to tbh, I want you to provide hard proof evidence I said something mean or abusive to another member of the Xbox com (1)",Customer is complaining as they have received the message by stating that they said mean things and abusive to another member. Agent is updating  to view enforcement actions and can submit a case review.,0 days 07:56:59
d3836c129bacc591c25a45765acbc0b5,"[2219451, 2219452, 2219455, 2219457]","{2219451: Timestamp('2017-10-19 18:45:11+0000', tz='UTC'), 2219452: Timestamp('2017-10-19 10:58:12+0000', tz='UTC'), 2219455: Timestamp('2017-10-19 19:11:24+0000', tz='UTC'), 2219457: Timestamp('2017-10-19 19:17:00+0000', tz='UTC')}","@129913 Hi, my last two runs are not syncing from Tom Tom? I've tried logging in again. Anything else i should do? @NikeSupport Samsung galaxy 7/ android &amp; version 2.9.1 (it synced today's run but not the previous 3 runs this month?) @648316 Could you pass us a screenshot of the Tom Tom runs that are not syncing over? @648316 Thanks for the screenshots. Can you drop us a DM with your NikePlus email? Click the link below. https://t.co/dsJjx1OYXB",Customer is complaining about his last two runs are not sinking from tom tom and have tried logging in again. Agent updated to drop them a DM with their nike plus email and have provided the URL.,0 days 08:18:48
37132101337b20b4f69a0aa13c05459d,"[2451223, 2451224, 2451229]","{2451223: Timestamp('2017-10-29 17:10:59+0000', tz='UTC'), 2451224: Timestamp('2017-10-29 17:51:39+0000', tz='UTC'), 2451229: Timestamp('2017-10-29 18:06:09+0000', tz='UTC')}","not my fault @115821 that people stole the mail &amp; they put a metal monstrosity in front with a package box. i'm not carrying boxes upstairs. @702442 Who is the carrier assigned to this delivery:https://t.co/Y5jpI9gRhE? Let us know, we'll be more than happy to assist! ^SA @AmazonHelp i think it's a @118706 issue that the mail man leaves them in the box now rather than bring them to our doors",Customer is telling that its not his fault as that people stole the mail & apm and they put  a metal monstrosity in front with  a package box. Agent is asking who is the carrier assigned to this delivery so that they will b more happy to assist them.,0 days 00:55:10
c472e3f71cc64ecdcd6f08ce8c9e2755,"[2234468, 2234472, 2234472, 2239486]","{2234468: Timestamp('2017-11-10 18:23:36+0000', tz='UTC'), 2234472: Timestamp('2017-11-10 04:35:44+0000', tz='UTC'), 2239486: Timestamp('2017-11-10 15:56:18+0000', tz='UTC')}","@AppleSupport my iPhone 7 is few days out of warranty and it is having screen bleeding issues but ur store wants $149 to fix!!! No physical damage or cracked screen. This is MFG defect #apple #iphone #iphone7 https://t.co/SCCYzeBiLh @405051 @115913 Hey there, Kevin. It's important to us that your phone is working great. DM us and we'll check this out: https://t.co/cuEwtd2epS *DanKing @405051 We're here to explore all options so that you have a good working phone. I'll meet you back in DM in just a moment. *CharlesOpacki",Customer is complaining about iphone 7 which  has screen bleeding issue in few days out of warranty . Agent updates that they will get back to them in DM shortly.,0 days 13:47:52
f5e6ca64b1772c3e92335768d212cf16,"[2871463, 2871465, 2871467, 2871468]","{2871463: Timestamp('2017-11-28 02:25:00+0000', tz='UTC'), 2871465: Timestamp('2017-11-28 03:20:51+0000', tz='UTC'), 2871467: Timestamp('2017-11-28 01:32:21+0000', tz='UTC'), 2871468: Timestamp('2017-11-28 12:49:09+0000', tz='UTC')}","@MicrosoftHelps My Lumia 950 is constantly uploading, but I have no idea what. No OneDrive/backup. Busy all day, battery draining. Any idea? @243908 Hi, Alexander. We're here for you. For us to isolate your concern, can you tell us if your phone is connected to WiFi? If yes, let's turn off the auto sync. Go here to find out how: https://t.co/hCHvOQlxlz. @MicrosoftHelps Did that, switched off auto sync OneDrive and all backup functions. Phone is still uploading. I run the latest version I believe. https://t.co/pI0rrrVHU8 @243908 Still here, Alex. We suggest that you try to reset your device using the steps on this link: https://t.co/S4974hb5VD. Start off with a soft reset, then back up your device before proceeding with a hard reset. This allows us to determine if the issue is with the OS.",Customer is complaining that his Lumia 950 is constantly uploading something even after restricting background usage with both WiFi and metered connection. Agent suggests to reset the device by following the steps on the provided link and requests to back up the device before proceeding with a hard reset.,0 days 11:16:48
e621b7b5441a040536ea9b5bfabba1ae,"[787342, 787343, 787344, 787348]","{787342: Timestamp('2017-10-12 11:43:49+0000', tz='UTC'), 787343: Timestamp('2017-10-12 11:48:25+0000', tz='UTC'), 787344: Timestamp('2017-10-12 12:08:18+0000', tz='UTC'), 787348: Timestamp('2017-10-12 09:53:10+0000', tz='UTC')}","@Tesco Yet again I am here for my appointment. No optician. Disgraceful. Second time. @307808 I'm really sorry Ray, please be assured this wasn't intentional and has been escalated to the Regional Opticians Manager to investigate. @Tesco I saw your optician arriving 20mins after my appointment time. Laid back strolling in late. No care for others time. Should be laid off @307808 Hi Ray, as advised you'll receive a response within 72 hours. Many thanks - Laura","Customer is complaining that Opticians are not attending to him as per the appointment. Agent assures that it wasn't intentional and has been escalated to manager to investigate, also states that he will receive a response within 72 hours.",0 days 02:15:08
8541230f7864cb62eb815aaca20630d6,"[1328210, 1328211]","{1328210: Timestamp('2017-10-16 12:00:27+0000', tz='UTC'), 1328211: Timestamp('2017-10-16 12:39:46+0000', tz='UTC')}","@O2 Your PAYG SIM ordering page is broken, fill in the form diverts to https://t.co/vNVPWUiOML which returns a 404. @144732 We have tried with Mozilla Firefox and it's worked, have you tried using this browser?",Customer is complaining about the issue with filling the form to order a new SIM. Agent requests to try with the alternate browser for the process and suggests to use Mozilla Firefox.,0 days 00:39:19
eb4a1c2507cd9a2801c3bad17b6ab49a,"[26752, 26762]","{26752: Timestamp('2017-11-01 09:44:57+0000', tz='UTC'), 26762: Timestamp('2017-11-01 07:59:49+0000', tz='UTC')}","@NortonSupport How do I remove expired subs from MyNorton? Don't want to see renew reminder on login for something I'm never going to renew. @121868 Yes, could you close the reminder and login from an other web browser to see if you still see it? -raj",Customer is asking how to remove expired subs from mynorton? Agent is updating him to sign out/sign in again after few hours to check if this stil happens.,0 days 01:45:08
da32c7eb1693234417600b1bd3d3dcfc,"[1705305, 1705306, 2030197, 2030197]","{1705305: Timestamp('2017-11-06 21:26:49+0000', tz='UTC'), 1705306: Timestamp('2017-11-06 22:28:53+0000', tz='UTC'), 2030197: Timestamp('2017-11-07 07:08:28+0000', tz='UTC')}","I'm done!  #wellsfargo has horrible customer service.  We have been banking there for 44 years and weathered many... https://t.co/gbES6lBLPo @516877 ... Pls DM us your name, phone number, address, &amp; the branch address. Be sure not to post any account number in your DM. ^TL https://t.co/q1oBDuYAdh @516877 Sorry for the frustration. Our support team will look into this. Pls provide the previously requested info so I can proceed. ^RP https://t.co/q1oBDuYAdh",The Customer is complaining about the service that the Assistant manager did not help them. Agent is seeking the customer's details to resolve the issue.,0 days 09:41:39
